苏州4K,https://tylive.kan0512.com/norecord/csztv4k_4k.m3u8
河北4K,https://event.pull.hebtv.com:443/live/live101.m3u8
春晚1983,https://alimov2.a.kwimgs.com/upic/2022/01/31/15/BMjAyMjAxMzExNTU5MTRfNDAzMDAxOTlfNjYyNzMxNjcwMjBfMF8z_b_Beb3bda599f76c60c463c433ca7460153.mp4
春晚1984,https://alimov2.a.kwimgs.com/upic/2022/01/31/15/BMjAyMjAxMzExNTU5NTRfNDAzMDAxOTlfNjYyNzMyMzg3MTRfMF8z_b_B192356dadbc90d207ba16964d4c2914c.mp4
春晚1985,https://alimov2.a.kwimgs.com/upic/2022/01/31/16/BMjAyMjAxMzExNjAwMDFfNDAzMDAxOTlfNjYyNzMyNTAwMzJfMF8z_b_Be73c5abcbc0eeb2ec9fce6842e1362a4.mp4
春晚1986,https://alimov2.a.kwimgs.com/upic/2022/01/31/16/BMjAyMjAxMzExNjAwMDRfNDAzMDAxOTlfNjYyNzMyNTU0OTRfMF8z_b_B24f7d19f1132fa5d7f502f8377ad5567.mp4
春晚1987,https://alimov2.a.kwimgs.com/upic/2022/01/31/16/BMjAyMjAxMzExNjAwMDhfNDAzMDAxOTlfNjYyNzMyNjMyMDNfMF8z_b_B570493ed8f7200d4013a66b2d21b2de9.mp4
春晚1988,https://alimov2.a.kwimgs.com/upic/2022/01/31/16/BMjAyMjAxMzExNjAwMTJfNDAzMDAxOTlfNjYyNzMyNjkxNjBfMF8z_b_B8c835b83a92d25bde81ba22c5cd9521e.mp4
春晚1989,https://alimov2.a.kwimgs.com/upic/2022/01/31/16/BMjAyMjAxMzExNjAwMTVfNDAzMDAxOTlfNjYyNzMyNzQ2OTlfMF8z_b_Be477b27b9ce655d2372df56a5a3d96ef.mp4
春晚1990,https://cdn8.yzzy-online.com/20220704/597_e0d90c37/1000k/hls/index.m3u8
春晚1991,https://alimov2.a.kwimgs.com/upic/2022/01/31/16/BMjAyMjAxMzExNjI2MTVfNDAzMDAxOTlfNjYyNzYwNjUxNjVfMF8z_b_B8feb7b85888678d71bf37a259c6850f6.mp4
春晚1992,https://txmov2.a.kwimgs.com/bs3/video-hls/5256826755663896297_hlshd15.m3u8
春晚1993,https://alimov2.a.kwimgs.com/upic/2023/01/13/22/BMjAyMzAxMTMyMjEwMDNfNDAzMDAxOTlfOTM1MTIzMzYwODJfMF8z_b_B647d10e431b4cc5e48e6c77347d69021.mp4
春晚1994,https://alimov2.a.kwimgs.com/upic/2023/01/13/22/BMjAyMzAxMTMyMjEwMDNfNDAzMDAxOTlfOTM1MTIzMzYxMjNfMF8z_b_B3dde97f36273f04403d4dc5eec611a35.mp4
春晚1995,https://alimov2.a.kwimgs.com/upic/2023/01/13/20/BMjAyMzAxMTMyMDA5MjJfNDAzMDAxOTlfOTM0OTkwNDQwNzVfMF8z_b_B811c0dec6b9a3d3074a18522c185010a.mp4
春晚1996,https://alimov2.a.kwimgs.com/upic/2023/01/13/22/BMjAyMzAxMTMyMjEwMDNfNDAzMDAxOTlfOTM1MTIzMzYxNTJfMF8z_b_Bd841eae10ab1c9955ef55fbedfae6c45.mp4
春晚1997,https://txmov2.a.kwimgs.com/bs3/video-hls/5230649583590411879_hlshd15.m3u8
春晚1998,https://txmov2.a.kwimgs.com/bs3/video-hls/5225864507896315430_hlshd15.m3u8
春晚1999,https://alimov2.a.kwimgs.com/upic/2023/01/13/20/BMjAyMzAxMTMyMDA5MjJfNDAzMDAxOTlfOTM0OTkwNDQxNTRfMF8z_b_B0b5e52bc003285ef66ec0cbb2be08556.mp4
春晚2000,https://alimov2.a.kwimgs.com/upic/2023/01/13/21/BMjAyMzAxMTMyMTE4MzRfNDAzMDAxOTlfOTM1MDY4ODIxMTNfMF8z_b_Bdddf4e7ef0ff6cfd477857bb40e78419.mp4
春晚2001,https://alimov2.a.kwimgs.com/upic/2023/01/13/20/BMjAyMzAxMTMyMDA5MjJfNDAzMDAxOTlfOTM0OTkwNDQyMDFfMF8z_b_B70592cb7c4054e9cabb675e849bbf4bd.mp4
春晚2002,https://alimov2.a.kwimgs.com/upic/2023/01/13/21/BMjAyMzAxMTMyMTE4MzRfNDAzMDAxOTlfOTM1MDY4ODIxNDdfMF8z_b_Ba6271d10b7e6cfae83759033a091f257.mp4
春晚2003,https://alimov2.a.kwimgs.com/upic/2023/01/14/23/BMjAyMzAxMTQyMzQxNDdfNDAzMDAxOTlfOTM2MTU0MTk1NDFfMF8z_b_B182749d2cd2ea9323639254af385f24b.mp4
春晚2004,https://alimov2.a.kwimgs.com/upic/2023/01/13/21/BMjAyMzAxMTMyMTE4MzRfNDAzMDAxOTlfOTM1MDY4ODIxOTVfMF8z_b_B86c4430b82ff5a7f4e8132f6ee558536.mp4
春晚2005,https://alimov2.a.kwimgs.com/upic/2023/01/13/20/BMjAyMzAxMTMyMDA5MjJfNDAzMDAxOTlfOTM0OTkwNDQyMzhfMF8z_b_B35ad7cc86aec8fc9e5ddfb31fc7bed63.mp4
春晚2006,https://alimov2.a.kwimgs.com/upic/2023/01/13/20/BMjAyMzAxMTMyMDA5MjJfNDAzMDAxOTlfOTM0OTkwNDQyNzlfMF8z_b_Bbc3703fc331dc994c50859c19aad28ff.mp4
春晚2007,https://alimov2.a.kwimgs.com/upic/2023/01/13/20/BMjAyMzAxMTMyMDA5MjJfNDAzMDAxOTlfOTM0OTkwNDQzMjNfMF8z_b_B00b069c7899976459ceeaa99353dfefe.mp4
春晚2008,https://alimov2.a.kwimgs.com/upic/2023/01/13/20/BMjAyMzAxMTMyMDA5MjJfNDAzMDAxOTlfOTM0OTkwNDQzNTNfMF8z_b_Bd7346962e61bd7b84e11a1fa6e4616f9.mp4
春晚2009,https://alimov2.a.kwimgs.com/upic/2023/01/13/20/BMjAyMzAxMTMyMDA5MjJfNDAzMDAxOTlfOTM0OTkwNDQzOTBfMF8z_b_B29a36a85e0277f6c2a1f033ef7c10708.mp4
春晚2010,https://alimov2.a.kwimgs.com/upic/2023/01/13/20/BMjAyMzAxMTMyMDA5MjJfNDAzMDAxOTlfOTM0OTkwNDQ0MjlfMF8z_b_B8818807a00eed329a69fb494f405bd43.mp4
春晚2011,https://alimov2.a.kwimgs.com/upic/2023/01/16/11/BMjAyMzAxMTYxMTA3MjFfNDAzMDAxOTlfOTM3MjcyMjA3ODhfMF8z_b_B8214200efc869dc6fcf99dad619fa4c1.mp4
春晚2012,https://cdn8.yzzy-online.com/20220704/591_82b72f82/1000k/hls/index.m3u8
春晚2013,https://alimov2.a.kwimgs.com/upic/2023/01/13/20/BMjAyMzAxMTMyMDA5MjJfNDAzMDAxOTlfOTM0OTkwNDQ1NjNfMF8z_b_B4fea55408dca4471a68a963ae096be59.mp4
春晚2014,https://alimov2.a.kwimgs.com/upic/2023/01/06/16/BMjAyMzAxMDYxNjMxMTNfNDAzMDAxOTlfOTI4OTY2ODAzNjlfMF8z_b_Bdee65c77f9e7b2120a185c919dad81d2.mp4
春晚2015,https://alimov2.a.kwimgs.com/upic/2023/01/13/20/BMjAyMzAxMTMyMDA5MjJfNDAzMDAxOTlfOTM0OTkwNDQ2MTZfMF8z_b_B4851f43f5a2bc2871a9b0ec87294a6e7.mp4
春晚2016,https://cdn8.yzzy-online.com/20220704/577_cda9c8d1/1000k/hls/index.m3u8
春晚2017,https://alimov2.a.kwimgs.com/upic/2023/01/13/20/BMjAyMzAxMTMyMDA5MjJfNDAzMDAxOTlfOTM0OTkwNDQ2NDhfMF8z_b_B6527b0c2ce3dda1d9b3f34edd4fdb9aa.mp4
春晚2018,https://alimov2.a.kwimgs.com/upic/2023/01/06/16/BMjAyMzAxMDYxNjMxMTRfNDAzMDAxOTlfOTI4OTY2ODE2MTBfMF8z_b_B11a778e34390a21de42d407e94f45b91.mp4
春晚2019,https://alimov2.a.kwimgs.com/upic/2023/01/06/16/BMjAyMzAxMDYxNjMxMTRfNDAzMDAxOTlfOTI4OTY2ODE2MTBfMF8z_b_B11a778e34390a21de42d407e94f45b91.mp4
春晚2020,https://alimov2.a.kwimgs.com/upic/2022/01/30/17/BMjAyMjAxMzAxNzA5NDdfNDAzMDAxOTlfNjYxNzQ2MDAyMTFfMF8z_b_B5d51d9564c5670dc66faeba20aa7af3f.mp4
春晚2021,https://alimov2.a.kwimgs.com/upic/2022/01/30/17/BMjAyMjAxMzAxNzE4NTJfNDAzMDAxOTlfNjYxNzUzOTg3NjlfMF8z_b_Be41d9503181d7b0608a839ed401e02c2.mp4
春晚2022,https://alimov2.a.kwimgs.com/upic/2022/02/01/11/BMjAyMjAyMDExMTEwMjNfNDAzMDAxOTlfNjYzNzA4MTk4NzNfMF8z_b_B898cc7ddd0025bf54ddb18ec1f723c84.mp4
春晚2023,https://txmov2.a.kwimgs.com/bs3/video-hls/5251197255879398624_hlshd15.m3u8
春晚2024,https://p2.bdstatic.com/rtmp.liveshow.lss-user.baidubce.com/live/stream_bduid_6488563992_8982723413/merged_1707497046297_88536_25144_41936.m3u8
春晚2025,https://res.cctvnews.cctv.com/video/3005/record/cctv/merge1/133396667284143308839013005/8fbd6180bdef4da19f6155cf6b4652e1-4.m3u8
春晚2026,https://v.lzcdn28.com/20260217/8616_1de9f6e5/index.m3u8
CCTV-4 中文国际欧洲,rtp://239.3.1.213:4220
CCTV-4 中文国际美洲,rtp://239.3.1.214:4220
北京文艺,rtp://239.3.1.242:8000
体育休闲,rtp://239.3.1.243:8000
北京影视,rtp://239.3.1.158:8000
北京新闻,rtp://239.3.1.159:8000
北京财经,rtp://239.3.1.116:8000
北京生活,rtp://239.3.1.117:8000
北京国际,rtp://239.3.1.235:8000
纪实科教,rtp://239.3.1.115:8000
中国交通,rtp://239.3.1.188:8001
中国天气,rtp://239.3.1.165:8001
证券服务,rtp://239.3.1.24:8001
睛彩竞技,rtp://239.3.1.125:8001
睛彩篮球,rtp://239.3.1.126:8001
睛彩青少,rtp://239.3.1.127:8001
睛彩广场舞,rtp://239.3.1.128:8001
爱上4K,rtp://239.3.1.236:2000
4K超清,rtp://239.3.1.249:8001
城市剧场,rtp://239.3.1.67:4120
军旅剧场,rtp://239.3.1.68:4120
精选高清,rtp://239.3.1.74:4120
武侠剧场,rtp://239.3.1.90:4120
喜剧影院,rtp://239.3.1.91:4120
,动作影院,rtp://239.3.1.92:4120
星影高清,rtp://239.3.1.94:4120
光影高清,rtp://239.3.1.84:4120
经典电影,rtp://239.3.1.195:9024
group-title="数字" zz-definition="HD",重温经典,rtp://239.3.1.25:8001
热播剧场,rtp://239.3.1.194:9020
魅力时尚,rtp://239.3.1.196:9012
少儿动画,rtp://239.3.1.199:9000
动画高清,rtp://239.3.1.80:4120
厦门卫视,http://ott.mobaibox.com/PLTV/3/224/3221226996/index.m3u8
延边卫视,http://ottrrs.hl.chinamobile.com/PLTV/88888888/224/3221226516/index.m3u8
中国交通,http://drive.mxmy.net:8888/udp/239.3.1.188:8001
熊猫直播,https://gcwbndali.v.myalicdn.com/gcwbnd/ipanda1000_2/index.m3u8
支持作者,https://vd2.bdstatic.com/mda-sctj0f6r4u1bpebc/1080p/cae_h264/1774706523506678171/mda-sctj0f6r4u1bpebc.mp4
厦门卫视,http://125.42.148.178:9901/tsfile/live/0125_1.m3u8?key=%2A%2A%2A&playlive=1&authid=%2A%2A%2A
延边卫视,https://srs.iyb983.cn:443/video/CYS/index.m3u8
安多卫视,https://liveout.xntv.tv/a65jur/96iln2.m3u8
山东教育,https://test1.live.sdetv.com.cn/live/dianshizhibo/playlist.m3u8
人间卫视,https://5ddce30eb4b55.streamlock.net/bltvhd/bltv1/chunklist_w511254805.m3u8
东方卫视4K,https://bp-resource-dfl.bestv.cn/148/3/video.m3u8
福建海峡卫视,http://38.64.72.148:80/hls/modn/list/4009/playlist.m3u8
苏州4K,https://tylive.kan0512.com/norecord/csztv4k_4k.m3u8
东森洋片,http://31.43.191.125:8080/vip6821768502490/6c17bae55394/34904
靖天映画,http://31.43.191.125:8080/vip6821768502490/6c17bae55394/34838
东阳影视生活,http://l.cztvcloud.com/channels/lantian/SXdongyang1/720p.m3u8
人在囧途,https://vip.ffzy-play.com/20221018/1953_2d6ba500/index.m3u8
人在囧途之泰囧,https://vip.ffzy-play.com/20221018/1951_47e1adc8/index.m3u8
人在囧途之港囧,https://vip.ffzy-play7.com/20230112/11082_fde1a94d/index.m3u8
倚天屠龙记,https://live.metshop.top/huya/23734246
倩女幽魂人间道,http://jsmov2.a.yximgs.com/bs3/video-hls/5250634317044855747_hlsb.m3u8
倩女幽魂妖魔道,http://jsmov2.a.yximgs.com/bs3/video-hls/5232901391302199073_hlsb.m3u8
倩女幽魂道道道,http://jsmov2.a.yximgs.com/bs3/video-hls/5216294367991385255_hlsb.m3u8
刑事侦缉档案,https://live.metshop.top/huya/29465856
刘德华电影,https://live.metshop.top/huya/11342424
创世纪,https://live.metshop.top/huya/29465852
功夫电影,https://live.metshop.top/huya/11352941
南宁影视娱乐,http://hls.nntv.cn/nnlive/YSYL_244.m3u8
古天乐电影,https://live.metshop.top/huya/29982675
周星驰电影,https://live.metshop.top/huya/11342412
哈尔滨影视,http://stream.hrbtv.net/yspd/sd/live.m3u8?zheild=
大唐双龙传,https://live.metshop.top/huya/29465850
大时代,https://live.metshop.top/huya/23865161
妙手仁心,https://live.metshop.top/huya/29465853
宇宙科幻合集,https://live.metshop.top/huya/11342428
寒战,https://vip.ffzy-play6.com/20221019/157_bf0740ee/index.m3u8
寻秦记,https://live.metshop.top/huya/29465848
封神榜,https://live.metshop.top/huya/29465849
射雕英雄传,https://live.metshop.top/huya/23824164
强森电影,https://live.metshop.top/huya/21059581
怪兽电影,https://live.metshop.top/huya/21059577
成龙电影,https://live.metshop.top/huya/11342386
我不是药神,https://vip.ffzy-play1.com/20221018/478_c3afed66/index.m3u8
战争电影,https://live.metshop.top/huya/21059574
扫黄先锋,https://live.metshop.top/huya/29465855
拆弹专家1,https://vip.ffzy-online.com/20221015/719_80ff87c2/index.m3u8
拆弹专家2,https://vip.ffzy-online.com/20221015/722_e32c42bc/index.m3u8
无心法师,https://live.metshop.top/huya/30080233
李连杰电影,https://live.metshop.top/huya/11342390
林正英电影,https://live.metshop.top/huya/11342421
枪战电影,https://live.metshop.top/huya/21059579
楚汉骄雄,https://live.metshop.top/huya/29465854
武侠电影,https://live.metshop.top/huya/11342427
沈腾电影,https://live.metshop.top/huya/11601968
法政先锋,https://live.metshop.top/huya/23863804
洗冤录,https://live.metshop.top/huya/29465851
活佛济公3,https://live.metshop.top/huya/23903123
浙江教科影视,http://ali-vl.cztv.com/channels/lantian/channel004/360p.m3u8
狄仁杰电影,https://live.metshop.top/huya/30080229
王晶电影,https://live.metshop.top/huya/11602058
电影丧尸片,http://live.metshop.top/huya/21059578?cdn=alicdn
电影八点档,http://live.metshop.top/huya/880261?cdn=alicdn
电影刘德华,http://live.metshop.top/huya/11342424?cdn=alicdn
电影功夫片,http://live.metshop.top/huya/11352941?cdn=alicdn
电影动作电影,http://live.metshop.top/huya/11602077?cdn=alicdn
电影周星星,http://live.metshop.top/huya/11336587?cdn=alicdn
电影喜剧专场,http://live.metshop.top/huya/11602044?cdn=alicdn
电影嫣然影厅,http://live.metshop.top/huya/11601977?cdn=alicdn
电影战争片,http://live.metshop.top/huya/21059574?cdn=alicdn
电影搞笑喜剧,http://live.metshop.top/huya/11342423?cdn=alicdn
电影梁家辉,http://live.metshop.top/huya/11342429?cdn=alicdn
电影犯罪片,http://live.metshop.top/huya/11352974?cdn=alicdn
电影蜘蛛侠,http://live.metshop.top/huya/21059599?cdn=alicdn
电影谍战,http://live.metshop.top/huya/21059585?cdn=alicdn
电影谍战片,http://live.metshop.top/huya/21059587?cdn=alicdn
电影贺岁,http://live.metshop.top/huya/11601971?cdn=alicdn
电影高分动作,http://live.metshop.top/huya/11352884?cdn=alicdn
笑傲江湖,https://live.metshop.top/huya/23865142
经典电影,https://txmov2.a.kwimgs.com/bs3/video-hls/5211790793651941963_hlsb.m3u8
西游记2,https://live.metshop.top/huya/29465859
让子弹飞,https://vip.ffzy-play7.com/20230116/11563_b9f44814/index.m3u8
谍战电影,https://live.metshop.top/huya/21059585
贺岁电影,https://live.metshop.top/huya/11601986
野蛮亲家,https://live.metshop.top/huya/23863796
金庸武侠,https://live.metshop.top/huya/11342435
金枝欲孽,https://live.metshop.top/huya/29465847
鉴证实录,https://live.metshop.top/huya/23903183
陀枪师姐,https://live.metshop.top/huya/29465857
韩国电影1,https://stream.ads.ottera.tv/playlist.m3u8?network_id=595
韩国电影2,https://stream.ads.ottera.tv/playlist.m3u8?network_id=743
黄渤电影,https://live.metshop.top/huya/11352876
龙祥电影,http://31.43.191.125:8080/vip6821768502490/6c17bae55394/34825
龙门飞甲,http://jsmov2.a.yximgs.com/bs3/video-hls/5203346449046555193_hlsb.m3u8
四川科教,http://182.150.115.21:8030/pcgacg/pcgacg_0.m3u8
浙江少儿,http://ali-m-l.cztv.com/channels/lantian/channel008/1080p.m3u8
七龙珠,https://live.metshop.top/huya/11601966
中华小当家,https://live.metshop.top/huya/11342413
海绵宝宝,https://live.metshop.top/douyu/3949681
猫和老鼠,https://live.metshop.top/huya/11352879
福州少儿,http://live.zohi.tv/video/s10001-fztv-4/index.m3u8
韩国EBS少儿,http://ebsonairios.ebs.co.kr/ebsutablet500k/tablet500k/playlist.m3u8
黑龙江少儿,https://ls.qingting.fm/live/4972/64k.m3u8
快乐垂钓,http://drive.mxmy.net:8888/udp/239.3.1.164:8001
七台河新闻综合,http://live.qthnews.org.cn:1935/live/live1/800k/tzwj_video.m3u8
万州三峡移民,http://123.146.162.24:8017/c2F0hmi/1000/live.m3u8
三明新闻综合,https://ls.qingting.fm/live/5022100/64k.m3u8
上海第一财经,https://satellitepull.cnr.cn/live/wx32dycjgb/playlist.m3u8
上虞新闻综合,http://l.cztvcloud.com/channels/lantian/SXshangyu1/720p.m3u8?zzhed=
东莞新闻综合,https://stream.sun0769.com/dgrtv1/mp4tv1_800/index.m3u8
东莞生活资讯,https://stream.sun0769.com/dgrtv1/mp4tv2_800/index.m3u8
中国蓝新闻,http://ali-m-l.cztv.com/channels/lantian/channel009/1080p.m3u8
乐至综合,http://175.155.106.72:89/live1/live1.m3u8?zsicd=
云南娱乐,https://hwapi.yntv.net/62hdvf/q9vs1b.m3u8
云南都市,https://hwapi.yntv.net/62hdvf/rjwt14.m3u8
云和新闻综合,http://l.cztvcloud.com/channels/lantian/SXyunhe1/720p.m3u8
云霄综合,https://live.zzyxxw.com:2443/live/xwzh.m3u8
井研综合,http://tvfile.jyrmt.cn/nmip-media/channellive/channel104452/playlist.m3u8
亳州农村,http://zbbf2.ahbztv.com/live/418.m3u8
任丘综合,https://jwcdnqx.hebyun.com.cn/live/rqtv1/1500k/tzwj_video.m3u8
伊犁哈萨克,http://110.153.180.106:55555/out_3/index.m3u8?zxinjd=
伊犁经济法制,http://110.153.180.106:55555/out_4/index.m3u8
伊犁维吾尔,http://110.153.180.106:55555/out_2/index.m3u8
余姚姚江文化,https://l.cztvcloud.com/channels/lantian/SXyuyao3/720p.m3u8
余姚新闻综合,http://l.cztvcloud.com/channels/lantian/SXyuyao1/720p.m3u8
余姚综合,https://l.cztvcloud.com/channels/lantian/SXyuyao1/720p.m3u8
余杭未来E,http://l.cztvcloud.com/channels/lantian/SXyuhang3/720p.m3u8
余杭综合,http://l.cztvcloud.com/channels/lantian/SXyuhang1/720p.m3u8
六安公共,http://ls.qingting.fm/live/1794199.m3u8
六安新闻综合,http://ls.qingting.fm/live/267.m3u8
兰溪新闻综合,http://l.cztvcloud.com/channels/lantian/SXlanxi1/720p.m3u8
兴隆综合,https://jwcdnqx.hebyun.com.cn/live/xlzh/1500k/tzwj_video.m3u8
剑阁综合,https://m3u8.channel.dzsm.com/nmip-media/channellive/channel105549/playlist.m3u8
北京新闻,https://satellitepull.cnr.cn/live/wxbjxwgb/playlist.m3u8
南京教科,http://nklive.nbs.cn/hls/75b3c462-b831-4de7-a34b-5d3221db2069/index.m3u8
南京新闻综合,http://nklive.nbs.cn/hls/d511bc9d-a694-4453-b3a2-4fc842cc97a1/index.m3u8
南国都市,http://tencentplay.gztv.com/live/nanguodushi.m3u8?txSecret=%2A%2A%2A&txTime=18d57929bd4
南宁都市生活,http://615bbf179ba53515dccad7b1da5d1ad9.livehwc3.cn/hls.nntv.cn/nnlive/WLSH_24.m3u8?sub_m3u8=true&edge_slice=true&user_session_id=2598844eaee8a4265e706fc14b3fc11d
吉林乡村,https://satellitepull.cnr.cn/live/wxjlxcgb/playlist.m3u8
名山综合,https://m3u8channel-bx.yunxya.com/nmip-media/channellive/channel104666/playlist.m3u8
哈尔滨娱乐,http://stream.hrbtv.net/ylpd/sd/live.m3u8?zheild=
哈尔滨新闻综合,http://stream.hrbtv.net/xwzh/sd/live.m3u8?zheild=
哈尔滨生活,http://stream.hrbtv.net/shpd/sd/live.m3u8?zheild=
哈尔滨都市咨询,http://stream.hrbtv.net/zxpd/sd/live.m3u8?zheild=
嘉兴新闻综合,http://live.zohi.tv/video/s10001-fztv-1/index.m3u8
嘉峪关综合,http://play.kankanlive.com/live/1720583434627241.m3u8
固镇新闻,http://www.guzhenm.com:7001/hls/hd-live.m3u8
天祝综合,https://play.kankanlive.com/live/1656487214793905.m3u8
太谷新闻综合,https://p2.vzan.com/slowlive/596867413819827251/live.m3u8?zbid=1725814272&tpid=1516989100&type=0
定襄综合,http://lbyzztfe.live.sxmty.com/live/hls/645ff4c60e0a49f0a203abbd73dd8be9/0720e665f10f48e98c9639f4f492fb4a-1.m3u8?zshanxd=
宿州公共,http://live.ahsz.tv/video/s10001-ggpd/index.m3u8
嵊州新闻综合,http://l.cztvcloud.com/channels/lantian/SXshengzhou1/720p.m3u8?zzhed=#http://l.cztvcloud.com/channels/lantian/SXshengzhou1/720p.m3u8
嵊泗综合,http://l.cztvcloud.com/channels/lantian/SXshengsi1/720p.m3u8
平泉综合,https://jwcdnqx.hebyun.com.cn/live/pqzh/1500k/tzwj_video.m3u8
平湖民生休闲,http://l.cztvcloud.com/channels/lantian/SXpinghu2/720p.m3u8
广元公共,https://m3u8.channel.dzsm.com/nmip-media/channellive/channel101257/playlist.m3u8
广元综合,https://m3u8.channel.dzsm.com/nmip-media/channellive/channel100999/playlist.m3u8
广安公共,http://live1.gatv.com.cn:85/live/GGPD_ggpdzm.m3u8
广州新闻,http://tencentplay.gztv.com/live/xinwen.m3u8?txSecret=%2A%2A%2A&txTime=18d57929bd3
广德生活,https://live.gdtv.ah.cn/live/newsTV.m3u8
庆元新闻综合,http://l.cztvcloud.com/channels/lantian/SXqingyuan1/720p.m3u8?fbl=
庆元综合,http://l.cztvcloud.com/channels/lantian/SXqingyuan1/720p.m3u8
开化国家公园,http://l.cztvcloud.com/channels/lantian/SXkaihua2/720p.m3u8
开化新闻综合,http://l.cztvcloud.com/channels/lantian/SXkaihua1/720p.m3u8?zzhed=
张掖新闻综合,https://play.kankanlive.com/live/1720583434627241.m3u8
文成新闻综合,http://l.cztvcloud.com/channels/lantian/SXwencheng1/720p.m3u8
文成综合,http://l.cztvcloud.com/channels/lantian/SXwencheng1/720p.m3u8?zzhed=
新昌新闻综合,https://l.cztvcloud.com/channels/lantian/SXxinchang1/720p.m3u8
新昌生活,http://l.cztvcloud.com/channels/lantian/SXxinchang2/720p.m3u8
新沂新闻,http://live.xysrmt.cn/xwzh/sd/live.m3u8?zjiangsd%22=
新沂生活,http://live.xysrmt.cn/shpd/sd/live.m3u8?zjiangsd=
新野综合,http://tvpull.dxhmt.cn:9081/tv/11329-1.m3u8
新闻综合,https://m3u8channel.yunxya.com/nmip-media/channellive/channel100028/playlist.m3u8
无锡娱乐,https://stream.thmz.com/wxtv2/playlist.m3u8
无锡新闻综合,http://stream.thmz.com/wxtv1/playlist.m3u8
无锡生活,https://stream.thmz.com/wxtv4/playlist.m3u8
无锡经济,https://stream.thmz.com/wxtv5/playlist.m3u8
无锡都市资讯,http://stream.thmz.com/wxtv3/sd/live.m3u8
旺苍新闻综合,http://channel.wcrmt.cn:80/nmip-media/channellive/channel105268/playlist.m3u8
昌黎综合,https://jwcdnqx.hebyun.com.cn/live/clzhpd/1500k/tzwj_video.m3u8
易门综合,https://zb-live.ynurl.com/yimen/3b75a2f9-7941-46b7-992d-a9796fbca5fe.m3u8
普陀电视台,http://l.cztvcloud.com/channels/lantian/SXputuo1/720p.m3u8
朝天综合,https://m3u8.channel.dzsm.com/nmip-media/channellive/channel104601/playlist.m3u8
松阳综合,http://l.cztvcloud.com/channels/lantian/SXsongyang1/720p.m3u8
武义新闻综合,http://l.cztvcloud.com/channels/lantian/SXwuyi1/720p.m3u8
武汉一台新闻综合,https://ls.qingting.fm/live/20198/64k.m3u8
永城综合,http://tvpull.dxhmt.cn:9081/tv/11481-1.m3u8
永昌综合,https://play.kankanlive.com/live/1652755738635915.m3u8
江夏新闻综合,http://59.175.226.142:280/gb28181/xwzh.m3u8?zhubd=
汶川新闻综合,http://live.iwcmt.cn:90/live/zhxw.m3u8
汾西综合,https://qmmqvzoz.live.sxmty.com/live/hls/f24f8a390c084386a564074c9260100c/be3fdf07606145739ab2c4b80fe0136a.m3u8?zshanxd=
沐川综合,http://file.ysxtv.cn/cms/videos/nmip-media/channellive/channel4/playlist.m3u8?zsicd=
河北农民,https://ls.qingting.fm/live/1650/64k.m3u8
河源公共,http://tmpstream.hyrtv.cn/hygg/sd/live.m3u8
河源综合,http://tmpstream.hyrtv.cn/xwzh/sd/live.m3u8
泗洪新闻综合,http://live1.habctv.com/ggpdsl/sd/live.m3u8?zjiangsd=#http://live1.habctv.com/ggpdsl/sd/live.m3u8
泸县新闻综合,http://lxfile.lxxcb.cn:80/nmip-media/channellive/channel103799/playlist.m3u8
洞头综合,http://l.cztvcloud.com/channels/lantian/SXdongtou1/720p.m3u8
浙江休闲台,http://ali-m-l.cztv.com/channels/lantian/channel006/720p.m3u8
浙江公共新闻,http://ali-m-l.cztv.com/channels/lantian/channel07/1080p.m3u8
浙江国际,http://ali-vl.cztv.com/channels/lantian/channel010/360p.m3u8
浙江教科,http://ali-m-l.cztv.com/channels/lantian/channel004/1080p.m3u8
浙江教育,http://ali-m-l.cztv.com/channels/lantian/channel04/720p.m3u8
浙江数码时代,http://ali-m-l.cztv.com/channels/lantian/channel12/720p.m3u8
浙江新闻,http://ali-m-l.cztv.com/channels/lantian/channel07/720p.m3u8
浙江民生,http://ali-m-l.cztv.com/channels/lantian/channel06/1080p.m3u8
浙江民生休闲,https://ali-m-l.cztv.com/channels/lantian/channel006/1080p.m3u8
浙江生活,http://ls.qingting.fm/live/1099.m3u8
浙江经济,http://ali-m-l.cztv.com/channels/lantian/channel003/1080p.m3u8
浙江经济生活,http://ali-vl.cztv.com/channels/lantian/channel003/360p.m3u8
浙江经视,http://ali-m-l.cztv.com/channels/lantian/channel003/720p.m3u8
浙江遂昌,http://l.cztvcloud.com/channels/lantian/SXsuichang1/720p.m3u8
浙江钱江,http://l.cztvcloud.com/channels/lantian/SXyuyao2/720p.m3u8
浙江钱江都市,http://ali-xwl.cztv.com/live/channel02720Plxw.m3u8
浙江钱江频道,http://ali-m-l.cztv.com/channels/lantian/channel02/1080p.m3u8
海南新闻,http://ls.qingting.fm/live/1861.m3u8
海宁新闻综合,https://p2hs.vzan.com/slowlive/317913155078575177/live.m3u8
涟水电视台综合,http://live1.habctv.com/ggpdsl/sd/live.m3u8
淮安影院娱乐,http://live1.habctv.com/ysylsl/sd/live.m3u8
清河经济综艺,https://jwcdnqx.hebyun.com.cn/live/qinghe1/1500k/tzwj_video.m3u8
渭源新闻,http://play.kankanlive.com/live/1720408280309109.m3u8
湖州公共民生,http://hzcm-live.media.hugd.com/1e6b554b9ab74513958c0e1ffe664d22/9acaa7634309494cb29a85eb12136607.m3u8?auth_key=%2A%2A%2A
湖州文化娱乐,http://hzcm-live.media.hugd.com/613c47f0ab0d4eaa98b21378d0db6ded/0051d31c9dd543a7825eea4e49675b2a.m3u8?auth_key=%2A%2A%2A
湖州新闻综合,http://hzcm-live.media.hugd.com/3f5fa7d64c7c46a38c6bd8ad35e836cc/65128273761b4731ae53729ea6dcf932.m3u8?auth_key=%2A%2A%2A
滦平新闻,http://jwplay.hebyun.com.cn/live/LPTV001/1500k/tzwj_video.m3u8
滨海新闻综合,http://traffic.jbh.tjbh.com/live/bhtv10/playlist.m3u8
灌阳新闻综合,https://ls.qingting.fm/live/5043/64k.m3u8
甘孜综合,http://tv.drs.ganzitv.com:8100/channellive/gztv.flv
甘肃经济,https://satellitepull.cnr.cn/live/wxgshhzs/playlist.m3u8
甘肃都市,https://satellitepull.cnr.cn/live/wxgsdstb/playlist.m3u8
白银综合,http://play.kankanlive.com/live/1720408089419110.m3u8
祁门综合,http://zbbf2.ahbztv.com/live/416.m3u8?zanhd=
福州生活,http://live.zohi.tv:80/video/s10001-fztv-3/index.m3u8
福建公共,https://live.264788.xyz/channel/fujianxiangcungonggong?streamid=1cf7fc3a8f6d160c33b43c2f9507a0cc&livekey=01WgOR41rriMmMkzNsd0UoaxJRwetZdxIvtVk
福建新闻,http://satellitepull.cnr.cn/live/wx32fjxwgb/playlist.m3u8
福建旅游,https://live.264788.xyz/channel/fujianlvyou?streamid=fc58882de71ce4575b66002f2475226b&livekey=01WgOR41rriMmMkzNsd0UoaxJRwetZdxIvtVk
福建经济,http://satellitepull.cnr.cn/live/wx32fjdnjjgb/playlist.m3u8
绍兴电视台公共,http://live.shaoxing.com.cn/video/s10001-sxtv2/index.m3u8?%E5%85%B3%E6%B3%A8%E5%BE%AE%E4%BF%A1%E5%85%AC%E4%BC%97%E5%8F%B7%5B%E6%99%B4%E5%9B%AD%5D=
缙云新闻综合,http://l.cztvcloud.com/channels/lantian/SXjinyun1/720p.m3u8
缙云综合,http://l.cztvcloud.com/channels/lantian/SXjinyun1/720p.m3u8?zzhed=
苏州文化生活,https://live-auth.51kandianshi.com/szgd/csztv3.m3u8
苏州新闻综合,https://live-auth.51kandianshi.com/szgd/csztv1.m3u8
苏州生活资讯,https://live-auth.51kandianshi.com/szgd/csztv5.m3u8
苏州社会经济,https://live-auth.51kandianshi.com/szgd/csztv2.m3u8
荆门新闻综合,http://stream.jmtv.com.cn/xwzh/sd/live.m3u8
荥经综合,https://m3u8channel-yj.yunxya.com/nmip-media/channellive/channel101140/playlist.m3u8
荥阳综合,http://tvpull.dxhmt.cn:9081/tv/10182-1.m3u8
营山电视台,http://file.ysxtv.cn/cms/videos/nmip-media/channellive/channel4/playlist.m3u8?zsicd=#http://file.ysxtv.cn/cms/videos/nmip-media/channellive/channel4/playlist.m3u8
萧山生活,https://l.cztvcloud.com/channels/lantian/SXxiaoshan2/720p.m3u8
萧山综合,http://l.cztvcloud.com/channels/lantian/SXxiaoshan1/720p.m3u8
衡水公共,http://ls.qingting.fm/live/2810.m3u8
西宁新闻综合,https://liveout.xntv.tv/a65jur/96iln2.m3u8?zqinghd=
西安新闻,http://112.46.105.20:8009/hls/28/index.m3u8
西安都市,http://112.46.105.20:8009/hls/29/index.m3u8
西峰综合,https://play.kankanlive.com/live/1683944827526991.m3u8
诸暨新闻综合,https://l.cztvcloud.com/channels/lantian/SXzhuji3/720p.m3u8
象山新闻综合,http://l.cztvcloud.com/channels/lantian/SXxiangshan1/720p.m3u8
象山综合,http://play-sh13.quklive.com/live/1702360350551252.m3u8?auth_key=%2A%2A%2A
辽宁都市,https://ls.qingting.fm/live/1099/64k.m3u8
通海电视台,https://zb-live.ynurl.com/tonghai/3bfe3a9e-48e6-4c1e-8770-1df66447cc6c.m3u8
遂昌综合,http://l.cztvcloud.com/channels/lantian/SXsuichang1/720p.m3u8?zzhed=
邢台生活,https://jwcdnqx.hebyun.com.cn/live/xtcsshpd/1500k/tzwj_video.m3u8
邢台综合,https://jwplay.hebyun.com.cn:443/live/xtsrmtzs/1500k/tzwj_video.m3u8
邯郸公共频道,https://jwcdnqx.hebyun.com.cn/live/hdgg/1500k/tzwj_video.m3u8
邯郸新闻,https://jwcdnqx.hebyun.com.cn/live/hdxwzh/1500k/tzwj_video.m3u8
邯郸科技教育,https://jwcdnqx.hebyun.com.cn/live/hdkj/1500k/tzwj_video.m3u8
都市剧场,https://satellitepull.cnr.cn/live/wxcqxwgb/playlist.m3u8
钱江都市,https://ali-m-l.cztv.com/channels/lantian/channel002/1080p.m3u8
铜陵新闻综合,https://ls.qingting.fm/live/21303/64k.m3u8
镇江二套社会民生,http://zjtv-wshls.homecdn.com/live/2aa16.m3u8
长影频道,http://tpc.x3322.net:9901/tsfile/live/1010_1.m3u8
长沙新闻综合,http://ls.qingting.fm/live/4877.m3u8
长白朝语,http://hplayer1.juyun.tv:80/camera/11344136.m3u8
陕西公共,http://ls.qingting.fm/live/1222.m3u8
陕西新闻咨询,http://112.46.105.20:8009/hls/18/index.m3u8
陕西秦腔,http://112.46.105.20:8009/hls/22/index.m3u8
陕西都市青春,http://112.46.105.20:8009/hls/19/index.m3u8
陕西银龄,http://112.46.105.20:8009/hls/20/index.m3u8
雅安新闻综合,https://play.yunxya.com/channellive/xinwen.m3u8
青川综合,http://qcfile.qcrmt.com/nmip-media/channellive/channel100933/playlist.m3u8
青田电视台,http://l.cztvcloud.com/channels/lantian/SXqingtian1/720p.m3u8
靖江新闻综合,http://ls.qingting.fm/live/23797.m3u8
黄山新闻综合,http://hslive.hsnewsnet.com/lsdream/hve9Wjs/1000/live.m3u8
黑龙江新闻,https://ls.qingting.fm/live/4974/64k.m3u8
龙泉新闻综合,http://l.cztvcloud.com/channels/lantian/SXlongquan1/720p.m3u8
龙游新闻综合,http://l.cztvcloud.com/channels/lantian/SXlongyou1/720p.m3u8?zzhed=
龙游生活娱乐,http://l.cztvcloud.com/channels/lantian/SXlongyou2/720p.m3u8?zzhed=
航拍中国第二季,http://newcntv.qcloudcdn.com/asp/hls/4000/0303000a/3/default/2bdfdad540b342f592f9817cb7f3b79a/4000.m3u8
东丰,http://stream5.jlntv.cn/df/sd/live.m3u8?zjild=
中国村庄,http://newcntv.qcloudcdn.com/asp/hls/4000/0303000a/3/default/93fc12dbf14241c18c23da104fbade23/4000.m3u8
之江纪录,http://ali-m-l.cztv.com/channels/lantian/channel012/1080p.m3u8
九台,http://stream10.jlntv.cn/jiutaitv/sd/live.m3u8?zjild=
人与自然,http://newcntv.qcloudcdn.com/asp/hls/1200/0303000a/3/default/1425e1d505654cb48ba82b807b221193/1200.m3u8
伊犁经济法制,http://110.153.180.106:55555/out_4/index.m3u8?zxinjd=
伊犁维吾尔,http://110.153.180.106:55555/out_2/index.m3u8?zxinjd=
兵团五师双河影,https://liveout.btzx.com.cn/62ds9e/6o77s4.m3u8?zxinjd=
双辽,http://stream5.jlntv.cn/sl/sd/live.m3u8?zjild=
地理中国,http://newcntv.qcloudcdn.com/asp/hls/1200/0303000a/3/default/c6baf6f74bb944aeacee1065ea72c798/1200.m3u8
奎屯哈萨克语,http://218.84.12.186:8002/hls/main/playlist.m3u8?zxinjd=
奎屯汉语,http://218.84.12.186:8001/hls/main/playlist.m3u8?zxinjd=
敦化一套,http://stream8.jlntv.cn/dhtv/playlist.m3u8?zjild=
柳河,http://stream5.jlntv.cn/lh/sd/live.m3u8?zjild=
桦甸,http://stream10.jlntv.cn/huadian/sd/live.m3u8?zjild=
江津新闻,http://222.179.155.21:1935/ch1.m3u8?zzhongqd=
汪清,http://stream5.jlntv.cn/wq/sd/live.m3u8?zjild=
玛纳斯,http://218.84.127.245:1026/hls/main1/playlist.m3u8?zxinjd=
珲春新闻,http://stream8.jlntv.cn/hctv/sd/live.m3u8?zjild=
白山公共,http://stream8.jlntv.cn/baishan2/playlist.m3u8?zjild=
磐石,http://stream5.jlntv.cn/ps/sd/live.m3u8?zjild=
舒兰新闻,http://stream8.jlntv.cn/shulan/sd/live.m3u8?zjild=
辉南新闻,http://stream5.jlntv.cn/hn/sd/live.m3u8?zjild=
通化县,http://stream5.jlntv.cn/thx/sd/live.m3u8?zjild=
长白山电视台,http://stream8.jlntv.cn/cbstv/sd/live.m3u8?zjild=
靖宇,http://stream8.jlntv.cn/jytv/sd/live.m3u8?zjild=
飞碟之谜01,https://hls.cntv.lxdns.com/asp/hls/2000/0303000a/3/default/f0a47e155d32450daa1d36a04fd7d262/2000.m3u8
飞碟之谜02,https://newcntv.qcloudcdn.com/asp/hls/2000/0303000a/3/default/d2454bbb542d4613a9db478dab2addfd/2000.m3u8
龙井,http://stream8.jlntv.cn/ljtv/sd/live.m3u8?zjild=
精品体育,https://epg.pw/stream/866a097a0907c9832440f8df38272dd555abf05200dfbafcc137e214c9b30ca7.m3u8
足球频道,https://epg.pw/stream/c7df950876e6a1ceb8be74ee86f9f702cebbbae29f1d15124ef8f86fd43161cf.m3u8
纬来体育,https://epg.pw/stream/4f18dfe0593db5c686eb64ae8edaf2a9202d4d46bdc9bbde2cee27708e12ea01.m3u8
笑看风云,https://live.metshop.top/huya/29465858
AMC音乐,https://amchls.wns.live/hls/stream.m3u8
音乐欣赏,http://61.221.215.25:8800/hls/49/index.m3u8
音乐现场,https://satellitepull.cnr.cn/live/wx32nmgyygb/playlist.m3u8
1987年春晚,https://txmov2.a.kwimgs.com/bs3/video-hls/5195746663405928031_hlsb.m3u8
1988年春晚,https://txmov2.a.kwimgs.com/bs3/video-hls/5216575810935394655_hlsb.m3u8
1989年春晚,https://txmov2.a.kwimgs.com/bs3/video-hls/5194620763762726260_hlsb.m3u8
1993年春晚,https://alimov2.a.kwimgs.com/upic/2023/01/13/22/BMjAyMzAxMTMyMjEwMDNfNDAzMDAxOTlfOTM1MTIzMzYwODJfMF8z_b_B647d10e431b4cc5e48e6c77347d69021.mp4
1994年春晚,https://alimov2.a.kwimgs.com/upic/2023/01/13/22/BMjAyMzAxMTMyMjEwMDNfNDAzMDAxOTlfOTM1MTIzMzYxMjNfMF8z_b_B3dde97f36273f04403d4dc5eec611a35.mp4
1995年春晚,https://alimov2.a.kwimgs.com/upic/2023/01/13/20/BMjAyMzAxMTMyMDA5MjJfNDAzMDAxOTlfOTM0OTkwNDQwNzVfMF8z_b_B811c0dec6b9a3d3074a18522c185010a.mp4
1996年春晚,https://alimov2.a.kwimgs.com/upic/2023/01/13/22/BMjAyMzAxMTMyMjEwMDNfNDAzMDAxOTlfOTM1MTIzMzYxNTJfMF8z_b_Bd841eae10ab1c9955ef55fbedfae6c45.mp4
2000年春晚,https://alimov2.a.kwimgs.com/upic/2023/01/13/21/BMjAyMzAxMTMyMTE4MzRfNDAzMDAxOTlfOTM1MDY4ODIxMTNfMF8z_b_Bdddf4e7ef0ff6cfd477857bb40e78419.mp4
2001年春晚,https://alimov2.a.kwimgs.com/upic/2023/01/13/20/BMjAyMzAxMTMyMDA5MjJfNDAzMDAxOTlfOTM0OTkwNDQyMDFfMF8z_b_B70592cb7c4054e9cabb675e849bbf4bd.mp4
2002年春晚,https://alimov2.a.kwimgs.com/upic/2023/01/13/21/BMjAyMzAxMTMyMTE4MzRfNDAzMDAxOTlfOTM1MDY4ODIxNDdfMF8z_b_Ba6271d10b7e6cfae83759033a091f257.mp4
2003年春晚,https://alimov2.a.kwimgs.com/upic/2023/01/14/23/BMjAyMzAxMTQyMzQxNDdfNDAzMDAxOTlfOTM2MTU0MTk1NDFfMF8z_b_B182749d2cd2ea9323639254af385f24b.mp4
2004年春晚,https://alimov2.a.kwimgs.com/upic/2023/01/13/21/BMjAyMzAxMTMyMTE4MzRfNDAzMDAxOTlfOTM1MDY4ODIxOTVfMF8z_b_B86c4430b82ff5a7f4e8132f6ee558536.mp4
2005年春晚,https://alimov2.a.kwimgs.com/upic/2023/01/13/20/BMjAyMzAxMTMyMDA5MjJfNDAzMDAxOTlfOTM0OTkwNDQyMzhfMF8z_b_B35ad7cc86aec8fc9e5ddfb31fc7bed63.mp4
2006年春晚,https://alimov2.a.kwimgs.com/upic/2023/01/13/20/BMjAyMzAxMTMyMDA5MjJfNDAzMDAxOTlfOTM0OTkwNDQyNzlfMF8z_b_Bbc3703fc331dc994c50859c19aad28ff.mp4
2007年春晚,https://alimov2.a.kwimgs.com/upic/2023/01/13/20/BMjAyMzAxMTMyMDA5MjJfNDAzMDAxOTlfOTM0OTkwNDQzMjNfMF8z_b_B00b069c7899976459ceeaa99353dfefe.mp4
2009年春晚,https://alimov2.a.kwimgs.com/upic/2023/01/13/20/BMjAyMzAxMTMyMDA5MjJfNDAzMDAxOTlfOTM0OTkwNDQzOTBfMF8z_b_B29a36a85e0277f6c2a1f033ef7c10708.mp4
2010年春晚,https://alimov2.a.kwimgs.com/upic/2023/01/13/20/BMjAyMzAxMTMyMDA5MjJfNDAzMDAxOTlfOTM0OTkwNDQ0MjlfMF8z_b_B8818807a00eed329a69fb494f405bd43.mp4
2013年春晚,https://alimov2.a.kwimgs.com/upic/2023/01/13/20/BMjAyMzAxMTMyMDA5MjJfNDAzMDAxOTlfOTM0OTkwNDQ1NjNfMF8z_b_B4fea55408dca4471a68a963ae096be59.mp4
2014年春晚,https://alimov2.a.kwimgs.com/upic/2023/01/06/16/BMjAyMzAxMDYxNjMxMTNfNDAzMDAxOTlfOTI4OTY2ODAzNjlfMF8z_b_Bdee65c77f9e7b2120a185c919dad81d2.mp4
2018年春晚,https://alimov2.a.kwimgs.com/upic/2023/01/06/16/BMjAyMzAxMDYxNjMxMTRfNDAzMDAxOTlfOTI4OTY2ODE2MTBfMF8z_b_B11a778e34390a21de42d407e94f45b91.mp4
2024年春晚,https://p2.bdstatic.com/rtmp.liveshow.lss-user.baidubce.com/live/stream_bduid_6488563992_8982723413/merged_1707497046297_88536_25144_41936.m3u8
2025年春晚,https://svip.high24-playback.com/20250129/17159_7bca93c4/2000k/hls/mixed.m3u8
直播中国,https://gcalic.v.myalicdn.com/gc/wgw05_1/index.m3u8?contentid=2820180516001
直播中国精编直播,https://gcalic.v.myalicdn.com/gc/wgw05_1/index.m3u8
2026-09-11 12:20:10,https://vd2.bdstatic.com/mda-sctj0f6r4u1bpebc/1080p/cae_h264/1774706523506678171/mda-sctj0f6r4u1bpebc.mp4
CCTV+_1_(600p)_[Not_24/7],https://cd-live-stream.news.cctvplus.com/live/smil:CHANNEL1.smil/playlist.m3u8
CCTV+_2_(600p)_[Not_24/7],https://cd-live-stream.news.cctvplus.com/live/smil:CHANNEL2.smil/playlist.m3u8
CCTV-4_America_(1080p),https://global.cgtn.cicc.media.caton.cloud/master/cgtn-america.m3u8
CCTV-Women's_Fashion_(1080p),http://38.75.136.137:98/gslb/dsdqpub/nxss.m3u8?auth=%2A%2A%2A
免费订阅：请勿贩卖...,https://material.1989.click/v/302.mp4
维护时间：2025-1-15#佛系维护...,https://material.1989.click/v/301.mp4
维护内容：维护 Gather「删除 •IPV6 源」,https://material.1989.click/v/302.mp4
公告说明：IPV6 暂无,https://material.1989.click/v/301.mp4
睛彩广场舞「移动」,http://gslbserv.itv.cmvideo.cn/index.m3u8?channel-id=FifastbLive&Contentid=3000000020000011523&livemode=1&stbId=YanG-1989
睛彩青少「移动」,http://gslbserv.itv.cmvideo.cn/index.m3u8?channel-id=FifastbLive&Contentid=3000000020000011525&livemode=1&stbId=YanG-1989
睛彩竞技「移动」,http://gslbserv.itv.cmvideo.cn/index.m3u8?channel-id=FifastbLive&Contentid=3000000020000011528&livemode=1&stbId=YanG-1989
睛彩篮球「移动」,http://gslbserv.itv.cmvideo.cn/index.m3u8?channel-id=FifastbLive&Contentid=3000000020000011529&livemode=1&stbId=YanG-1989
咪咕直播 𝟜𝕂-𝟙「移动」,http://gslbserv.itv.cmvideo.cn/index.m3u8?channel-id=FifastbLive&Contentid=3000000010000005180&livemode=1&stbId=YanG-1989
咪咕直播 𝟜𝕂-𝟚「移动」,http://gslbserv.itv.cmvideo.cn/index.m3u8?channel-id=FifastbLive&Contentid=3000000010000015686&livemode=1&stbId=YanG-1989
咪咕直播 𝟙「移动」,http://gslbserv.itv.cmvideo.cn/index.m3u8?channel-id=FifastbLive&Contentid=3000000001000005308&livemode=1&stbId=YanG-1989
咪咕直播 𝟚「移动」,http://gslbserv.itv.cmvideo.cn/index.m3u8?channel-id=FifastbLive&Contentid=3000000001000005969&livemode=1&stbId=YanG-1989
咪咕直播 𝟛「移动」,http://gslbserv.itv.cmvideo.cn/index.m3u8?channel-id=FifastbLive&Contentid=3000000001000007218&livemode=1&stbId=YanG-1989
咪咕直播 𝟜「移动」,http://gslbserv.itv.cmvideo.cn//index.m3u8?channel-id=FifastbLive&Contentid=3000000001000008001&livemode=1&stbId=YanG-1989
咪咕直播 𝟝「移动」,http://gslbserv.itv.cmvideo.cn/index.m3u8?channel-id=FifastbLive&Contentid=3000000001000008176&livemode=1&stbId=YanG-1989
咪咕直播 𝟞「移动」,http://gslbserv.itv.cmvideo.cn/index.m3u8?channel-id=FifastbLive&Contentid=3000000001000008379&livemode=1&stbId=YanG-1989
咪咕直播 𝟟「移动」,http://gslbserv.itv.cmvideo.cn/index.m3u8?channel-id=FifastbLive&Contentid=3000000001000010129&livemode=1&stbId=YanG-1989
咪咕直播 𝟠「移动」,http://gslbserv.itv.cmvideo.cn/index.m3u8?channel-id=FifastbLive&Contentid=3000000001000010948&livemode=1&stbId=YanG-1989
咪咕直播 𝟡「移动」,http://gslbserv.itv.cmvideo.cn/index.m3u8?channel-id=FifastbLive&Contentid=3000000001000028638&livemode=1&stbId=YanG-1989
咪咕直播 𝟙𝟘「移动」,http://gslbserv.itv.cmvideo.cn/index.m3u8?channel-id=FifastbLive&Contentid=3000000001000031494&livemode=1&stbId=YanG-1989
咪咕直播 𝟙𝟙「移动」,http://gslbserv.itv.cmvideo.cn/index.m3u8?channel-id=FifastbLive&Contentid=3000000010000000097&livemode=1&stbId=YanG-1989
咪咕直播 𝟙𝟚「移动」,http://gslbserv.itv.cmvideo.cn/index.m3u8?channel-id=FifastbLive&Contentid=3000000010000002019&livemode=1&stbId=YanG-1989
咪咕直播 𝟙𝟛「移动」,http://gslbserv.itv.cmvideo.cn/index.m3u8?channel-id=FifastbLive&Contentid=3000000010000002809&livemode=1&stbId=YanG-1989
咪咕直播 𝟙𝟜「移动」,http://gslbserv.itv.cmvideo.cn/index.m3u8?channel-id=FifastbLive&Contentid=3000000010000003915&livemode=1&stbId=YanG-1989
咪咕直播 𝟙𝟝「移动」,http://gslbserv.itv.cmvideo.cn/index.m3u8?channel-id=FifastbLive&Contentid=3000000010000004193&livemode=1&stbId=YanG-1989
咪咕直播 𝟙𝟞「移动」,http://gslbserv.itv.cmvideo.cn/index.m3u8?channel-id=FifastbLive&Contentid=3000000010000005837&livemode=1&stbId=YanG-1989
咪咕直播 𝟙𝟟「移动」,http://gslbserv.itv.cmvideo.cn/index.m3u8?channel-id=FifastbLive&Contentid=3000000010000006077&livemode=1&stbId=YanG-1989
咪咕直播 𝟙𝟠「移动」,http://gslbserv.itv.cmvideo.cn/index.m3u8?channel-id=FifastbLive&Contentid=3000000010000006658&livemode=1&stbId=YanG-1989
咪咕直播 𝟙𝟡「移动」,http://gslbserv.itv.cmvideo.cn/index.m3u8?channel-id=FifastbLive&Contentid=3000000010000009788&livemode=1&stbId=YanG-1989
咪咕直播 𝟚𝟘「移动」,http://gslbserv.itv.cmvideo.cn/index.m3u8?channel-id=FifastbLive&Contentid=3000000010000010833&livemode=1&stbId=YanG-1989
咪咕直播 𝟚𝟙「移动」,http://gslbserv.itv.cmvideo.cn/index.m3u8?channel-id=FifastbLive&Contentid=3000000010000011297&livemode=1&stbId=YanG-1989
咪咕直播 𝟚𝟚「移动」,http://gslbserv.itv.cmvideo.cn/index.m3u8?channel-id=FifastbLive&Contentid=3000000010000011518&livemode=1&stbId=YanG-1989
咪咕直播 𝟚𝟛「移动」,http://gslbserv.itv.cmvideo.cn/index.m3u8?channel-id=FifastbLive&Contentid=3000000010000012558&livemode=1&stbId=YanG-1989
咪咕直播 𝟚𝟜「移动」,http://gslbserv.itv.cmvideo.cn/index.m3u8?channel-id=FifastbLive&Contentid=3000000010000012616&livemode=1&stbId=YanG-1989
咪咕直播 𝟚𝟝「移动」,http://gslbserv.itv.cmvideo.cn/index.m3u8?channel-id=FifastbLive&Contentid=3000000010000015470&livemode=1&stbId=YanG-1989
咪咕直播 𝟚𝟞「移动」,http://gslbserv.itv.cmvideo.cn/index.m3u8?channel-id=FifastbLive&Contentid=3000000010000015560&livemode=1&stbId=YanG-1989
咪咕直播 𝟚𝟟「移动」,http://gslbserv.itv.cmvideo.cn/index.m3u8?channel-id=FifastbLive&Contentid=3000000010000019839&livemode=1&stbId=YanG-1989
咪咕直播 𝟚𝟠「移动」,http://gslbserv.itv.cmvideo.cn/index.m3u8?channel-id=FifastbLive&Contentid=3000000010000021904&livemode=1&stbId=YanG-1989
咪咕直播 𝟚𝟡「移动」,http://gslbserv.itv.cmvideo.cn/index.m3u8?channel-id=FifastbLive&Contentid=3000000010000023434&livemode=1&stbId=YanG-1989
咪咕直播 𝟛𝟘「移动」,http://gslbserv.itv.cmvideo.cn/index.m3u8?channel-id=FifastbLive&Contentid=3000000010000025380&livemode=1&stbId=YanG-1989
咪咕直播 𝟛𝟙「移动」,http://gslbserv.itv.cmvideo.cn/index.m3u8?channel-id=FifastbLive&Contentid=3000000010000027691&livemode=1&stbId=YanG-1989
咪咕直播 𝟛𝟚「移动」,http://gslbserv.itv.cmvideo.cn/index.m3u8?channel-id=FifastbLive&Contentid=3000000020000011518&livemode=1&stbId=YanG-1989
咪咕直播 𝟛𝟛「移动」,http://gslbserv.itv.cmvideo.cn/index.m3u8?channel-id=FifastbLive&Contentid=3000000020000011519&livemode=1&stbId=YanG-1989
咪咕直播 𝟛𝟜「移动」,http://gslbserv.itv.cmvideo.cn/index.m3u8?channel-id=FifastbLive&Contentid=3000000020000011520&livemode=1&stbId=YanG-1989
咪咕直播 𝟛𝟝「移动」,http://gslbserv.itv.cmvideo.cn/index.m3u8?channel-id=FifastbLive&Contentid=3000000020000011521&livemode=1&stbId=YanG-1989
咪咕直播 𝟛𝟞「移动」,http://gslbserv.itv.cmvideo.cn/index.m3u8?channel-id=FifastbLive&Contentid=3000000020000011522&livemode=1&stbId=YanG-1989
「B站」热门赛事,http://dns.yiandrive.com:15907/bilibili/10
「B站」CS 2,https://cdn-3.ttvb.eu.org/bilibili/21622811
「虎牙」CS 2,https://cdn-3.ttvb.eu.org/huya/483917
「B站」英雄联盟,https://cdn-3.ttvb.eu.org/bilibili/6
「虎牙」英雄联盟 𝟙,https://cdn-3.ttvb.eu.org/huya/660000
「虎牙」英雄联盟 𝟚,https://cdn-3.ttvb.eu.org/huya/660001
「斗鱼」英雄联盟 𝟙,https://cdn-3.ttvb.eu.org/douyu/288016
「斗鱼」英雄联盟 𝟚,https://cdn-3.ttvb.eu.org/douyu/424559
「B站」英雄联盟•手游,https://cdn-3.ttvb.eu.org/bilibili/23138275
「B站」王者荣耀 𝟙,https://cdn-3.ttvb.eu.org/bilibili/55
「B站」王者荣耀 𝟚,https://cdn-3.ttvb.eu.org/bilibili/21654762
「虎牙」王者荣耀 𝟙,https://cdn-3.ttvb.eu.org/huya/660002
「虎牙」王者荣耀 𝟚,https://cdn-3.ttvb.eu.org/huya/660164
「斗鱼」王者荣耀 𝟙,https://cdn-3.ttvb.eu.org/douyu/1863767
「斗鱼」王者荣耀 𝟚,https://cdn-3.ttvb.eu.org/douyu/1984839
「B站」绝地求生,https://cdn-3.ttvb.eu.org/bilibili/98
「虎牙」绝地求生 𝟙,https://cdn-3.ttvb.eu.org/huya/660004
「虎牙」绝地求生 𝟚,https://cdn-3.ttvb.eu.org/huya/660005
「斗鱼」绝地求生,https://cdn-3.ttvb.eu.org/douyu/100
「虎牙」和平精英,https://cdn-3.ttvb.eu.org/huya/660006
「斗鱼」和平精英,https://cdn-3.ttvb.eu.org/douyu/999
「虎牙」金铲铲之战,https://cdn-3.ttvb.eu.org/huya/660579
「斗鱼」金铲铲之战,https://cdn-3.ttvb.eu.org/douyu/9715241
「虎牙」DOTA2,https://cdn-3.ttvb.eu.org/huya/660118
「斗鱼」DOTA2,https://cdn-3.ttvb.eu.org/douyu/3811559
「斗鱼」云顶之弈,https://cdn-3.ttvb.eu.org/douyu/522423
「虎牙」永劫无间,https://cdn-3.ttvb.eu.org/huya/660115
「斗鱼」永劫无间,https://cdn-3.ttvb.eu.org/huya/9662891
「B站」使命召唤•手游,https://cdn-3.ttvb.eu.org/bilibili/22741849
「虎牙」使命召唤•手游,https://cdn-3.ttvb.eu.org/huya/11718629
「斗鱼」使命召唤•手游,https://cdn-3.ttvb.eu.org/douyu/9223245
「虎牙」穿越火线,https://cdn-3.ttvb.eu.org/huya/660101
「斗鱼」穿越火线 𝟙,https://cdn-3.ttvb.eu.org/douyu/605964
「斗鱼」穿越火线 𝟚,https://cdn-3.ttvb.eu.org/douyu/5388537
「虎牙」穿越火线•手游,https://cdn-3.ttvb.eu.org/huya/660102
「B站」第五人格,https://cdn-3.ttvb.eu.org/bilibili/5555
「虎牙」第五人格,https://cdn-3.ttvb.eu.org/huya/idvesports
「斗鱼」第五人格,https://cdn-3.ttvb.eu.org/douyu/3226194
「虎牙」逆战,https://cdn-3.ttvb.eu.org/huya/nsl2021
「B站」无畏契约,https://cdn-3.ttvb.eu.org/bilibili/22908869
「虎牙」无畏契约,https://cdn-3.ttvb.eu.org/huya/660679
「斗鱼」无畏契约,https://cdn-3.ttvb.eu.org/douyu/4585645
「斗鱼」原神,https://cdn-3.ttvb.eu.org/douyu/10853239
「B站」QQ飞车•手游,https://cdn-3.ttvb.eu.org/bilibili/21743919
「斗鱼」QQ飞车•手游,https://cdn-3.ttvb.eu.org/douyu/5040227
「斗鱼」梦幻西游·手游,https://cdn-3.ttvb.eu.org/huya/9163712
「斗鱼」街霸,https://cdn-3.ttvb.eu.org/huya/11437
「B站」JJ斗地主,https://cdn-3.ttvb.eu.org/bilibili/22021983
「斗鱼」JJ斗地主,https://cdn-3.ttvb.eu.org/douyu/488743
「斗鱼」我的世界,https://cdn-3.ttvb.eu.org/douyu/738878
「斗鱼」FIFA,https://cdn-3.ttvb.eu.org/douyu/7692166
「斗鱼」火影忍者,https://cdn-3.ttvb.eu.org/douyu/1997723
「斗鱼」跑跑卡丁车,https://cdn-3.ttvb.eu.org/douyu/7722576
「斗鱼」跑跑卡丁车•手游,https://cdn-3.ttvb.eu.org/douyu/6672862
音乐石榴「音乐」,https://cdn-3.ttvb.eu.org/huya/17091681
音乐速递「音乐」,https://cdn-3.ttvb.eu.org/huya/19439762
治愈•放松「音乐」,https://cdn-3.ttvb.eu.org/huya/21241811
阅读•学习「音乐」,https://cdn-3.ttvb.eu.org/huya/21241813
电视剧•1「解说」,https://cdn-3.ttvb.eu.org/huya/21277391
电视剧•2「解说」,https://cdn-3.ttvb.eu.org/huya/25018873
电影•1「解说」,https://cdn-3.ttvb.eu.org/huya/20289754
电影•2「解说」,https://cdn-3.ttvb.eu.org/huya/24983280
电影•3「解说」,https://cdn-3.ttvb.eu.org/huya/24396428
动漫•1「解说」,https://cdn-3.ttvb.eu.org/huya/19757963
恐怖电影「解说」,https://cdn-3.ttvb.eu.org/huya/23419131
漫威「解说」,https://cdn-3.ttvb.eu.org/huya/17089779
美剧「解说」,https://cdn-3.ttvb.eu.org/huya/20488841
七龙珠「解说」,https://cdn-3.ttvb.eu.org/huya/25650806
止戈电影「解说」,https://cdn-3.ttvb.eu.org/huya/19863777
挨饿德•1「其他」,https://cdn-3.ttvb.eu.org/huya/20985858
挨饿德•2「其他」,https://cdn-3.ttvb.eu.org/huya/17693860
互扇巴掌大赛「其他」,https://cdn-3.ttvb.eu.org/huya/20072873
荒野求生「其他」,https://cdn-3.ttvb.eu.org/huya/593667
野行者「其他」,https://cdn-3.ttvb.eu.org/huya/20072663
跳舞「其他」,https://cdn-3.ttvb.eu.org/huya/24634408
茶啊二中「动画」,https://cdn-3.ttvb.eu.org/huya/11213191
哆啦A梦「动漫」,https://cdn-3.ttvb.eu.org/huya/11601963
航海王「动漫」,https://cdn-3.ttvb.eu.org/huya/16913382
七龙珠「动漫」,https://cdn-3.ttvb.eu.org/huya/11601966
猫和老鼠「动漫」,https://cdn-3.ttvb.eu.org/huya/11352879
中华小当家「动漫」,https://cdn-3.ttvb.eu.org/huya/11342413
ABN China (720p),https://mediaserver.abnvideos.com/streams/abnchina.m3u8
Ando TV (1080p),http://play.kankanlive.com/live/1711956137852982.m3u8
Angel TV Chinese (720p),https://janya-digimix.akamaized.net/vglive-sk-999451/chinese/ngrp:angelchinese_all/playlist.m3u8
Anshun Comprehensive News Channel,https://hplayer1.juyun.tv/camera/154379194.m3u8
Bread TV面包台 (720p),https://video.bread-tv.com:8091/hls-live24/online/index.m3u8
BRTV Kaku Childrens Channel,http://223.111.191.105/downflv.brtvcloud.com/kkkkasd/winfr.m3u8
CCTV+ 1 (600p) [Not 24/7],https://cd-live-stream.news.cctvplus.com/live/smil:CHANNEL1.smil/playlist.m3u8
CCTV+ 2 (600p) [Not 24/7],https://cd-live-stream.news.cctvplus.com/live/smil:CHANNEL2.smil/playlist.m3u8
CCTV-Women's Fashion (1080p),http://38.75.136.137:98/gslb/dsdqpub/nxss.m3u8?auth=%2A%2A%2A
Chifeng Comprehensive News Chanel,http://play1-qk.nmtv.cn/live/1735546697341033.m3u8
Chuxiong News Channel [Not 24/7],http://hwapi.yntv.net/ew265l/848y54.m3u8
CND Film Middle School Channel,http://live2.rxip.sc96655.com/live/zxs_4000.m3u8?A=&E=&K=&P=&S=&U=
Dragon TV International,https://restream.pdtvhd.com/memfs/0b1b95c9-3543-4af9-9fdb-cf45f1602f17.m3u8
Fujian Comprehensive Channel,http://120.39.52.202:5140/%E7%A6%8F%E5%BB%BA%E7%BB%BC%E5%90%88
Guangdong Satellite TV,https://h5cul1yar48um3t.wcetv.com/hls/gdsatellite.m3u8
Guangxi Variety & Travel Channel,http://111.59.24.227:8181/tsfile/live/1001_1.m3u8?key=%2A%2A%2A&playlive=1&authid=%2A%2A%2A
Harbin Comprehensive News Channel,https://stream.hrbtv.net/xwzh/playlist.m3u8?_upt=ef41dd531755913594
Harbin Movie Channel,https://stream.hrbtv.net/yspd/playlist.m3u8
Home Plus,https://homeplushls.wns.live/hls/stream.m3u8
Jiangxi Children's Channel,https://play-live-hls.jxtvcn.com.cn/live-city/tv_jxtv6.m3u8
Jiangxi City Channel,https://play-live-hls.jxtvcn.com.cn/live-city/tv_jxtv2.m3u8
Jiangxi Economy & Life Channel,https://play-live-hls.jxtvcn.com.cn/live-city/tv_jxtv3.m3u8
Jiangxi Movie Channel,https://play-live-hls.jxtvcn.com.cn/live-city/tv_jxtv4.m3u8
Jiangxi Public & Agriculture Channel,https://play-live-hls.jxtvcn.com.cn/live-city/tv_jxtv5.m3u8
Jilin City Channel,https://lsfb.avap.jilintv.cn/zqvk7vpj/channel/7e8474e6daea44ccaa5aa2300191439e/index.m3u8
Jilin Lifestyle Channel,https://lsfb.avap.jilintv.cn/zqvk7vpj/channel/0a76740c72b74fabae611845aa21e06a/index.m3u8
Jilin Movie Channel,https://lsfb.avap.jilintv.cn/zqvk7vpj/channel/906341e6f19b4c4bacdc89941eb85d12/index.m3u8
Jilin Rural Channel,https://lsfb.avap.jilintv.cn/zqvk7vpj/channel/3ffc4824dce54b92be185555923ce382/index.m3u8
Kangba TV,http://110.185.237.164:8888/hls/30/index.m3u8
Lanzhou Comprehensive News Channel,https://liveplus.lzr.com.cn/xwzh/HD/live.m3u8
Lanzhou Culture & Tourism Channel,https://liveplus.lzr.com.cn/wlpd/HD/live.m3u8
Liangshan TV [Not 24/7],http://118.122.2.29:9999/hls/47/index.m3u8
Nanchang News & Generalist Channel,https://play-live-hls.jxtvcn.com.cn/live-city/tv_nanchang.m3u8
Nei Monggol TV 2 Mongolian Culture Channel,http://1.24.190.98:10080/hls/40/index.m3u8
QTV-1,http://video10.qtv.com.cn/drm/qtv1at/manifest.m3u8
QTV-2,http://video10.qtv.com.cn/drm/qtv2at/manifest.m3u8
QTV-3,http://video10.qtv.com.cn/drm/qtv3at/manifest.m3u8
QTV-4,http://video10.qtv.com.cn/drm/qtv4at/manifest.m3u8
QTV-5,http://video10.qtv.com.cn/drm/qtv5at/manifest.m3u8
QTV-6,http://video10.qtv.com.cn/drm/qtv6at/manifest.m3u8
Siping TV,http://stream2.jlntv.cn/sptv/sd/live.m3u8?_upt=f27750421743154598
Tonghua TV (1080p),http://lsfb.avap.jilintv.cn/zqvk7vpj/channel/43ea5771aa44421591f9dfd2b71f1b9b/index.m3u8
TV BRICS Chinese (1080p),https://chibrics.mediacdn.ru/cdn/brics/chinese/playlist.m3u8
VOA美国之音 (1080p),https://voa-ingest.akamaized.net/hls/live/2033878/tvmc08/playlist.m3u8
Xinjiang TV 1,https://klmysjtzb.rcsxzx.com/hls/klmy2.m3u8
Xinjiang TV 2,http://110.153.180.106:55555/out_3/index.m3u8
Xinjiang TV 3,http://110.153.180.106:55555/out_2/index.m3u8
Xinjiang TV 8,http://120.70.60.179:9901/tsfile/live/1002_1.m3u8?authid=%2A%2A%2A&key=%2A%2A%2A&playlive=1
Zhejiang TV International,https://ali-m-l.cztv.com/channels/lantian/channel10/1080p.m3u8
中国气象 (576p) [Not 24/7],http://hls.weathertv.cn/tslslive/qCFIfHB/hls/live_sd.m3u8
动作电影 (1080p),http://39.134.19.68/dbiptv.sn.chinamobile.com/PLTV/88888888/224/3221226465/index.m3u8
和政电视台,http://117.156.28.119/270000001111/1110000149/index.m3u8
四川妇女儿童 (720p) [Not 24/7],http://scgctvshow.sctv.com/hdlive/sctv7/index.m3u8
山东体育 (1080p) [Geo-blocked],http://livealone302.iqilu.com/iqilu/typd.m3u8
山东农科 (406p) [Geo-blocked],http://livealone302.iqilu.com/iqilu/nkpd.m3u8
山东少儿 (406p) [Geo-blocked],http://livealone302.iqilu.com/iqilu/sepd.m3u8
山东生活 (1080p) [Geo-blocked],http://livealone302.iqilu.com/iqilu/shpd.m3u8
山东综艺 (406p) [Geo-blocked],http://livealone302.iqilu.com/iqilu/zypd.m3u8
山东齐鲁 (1080p) [Geo-blocked],http://livealone302.iqilu.com/iqilu/qlpd.m3u8
康巴卫视 (576p),http://223.110.245.139/PLTV/4/224/3221227008/index.m3u8
徐州經濟生活 (1080p),http://223.110.245.167/ott.js.chinamobile.com/PLTV/3/224/3221225947/index.m3u8
敦煌电视台 (1080p),http://117.156.28.119/270000001111/1110000028/index.m3u8
江苏体育 (576p),http://183.207.248.71/gitv/live1/G_JSTY/G_JSTY
江苏公共 (576p),http://183.207.248.71/gitv/live1/G_JSGG/G_JSGG
江苏城市 (576p),http://183.207.248.71/gitv/live1/G_JSCS/G_JSCS
江苏影视 (576p),http://223.110.243.134/PLTV/4/224/3221225937/index.m3u8
江苏教育 (576p),http://223.110.245.151/ott.js.chinamobile.com/PLTV/3/224/3221225923/index.m3u8
江苏综艺 (576p) [Not 24/7],http://183.207.248.71/gitv/live1/G_JSZY/G_JSZY
滁州市广播电视台 公共频道 (400p),http://live.cztv.cc:85/live/ggpd.m3u8
滁州市广播电视台 新闻综合频道 (1080p),http://live.cztv.cc:85/live/xwpd.m3u8
滁州市广播电视台 科教频道 (400p),http://live.cztv.cc:85/live/sjpd.m3u8
白城新闻综合 [Geo-blocked],https://stream2.jlntv.cn/baicheng1/sd/live.m3u8
纪实人文 (1080p),http://39.135.138.59:18890/PLTV/88888910/224/3221225655/index.m3u8
萍鄉新聞綜合 (576p) [Not 24/7],http://www.pxitv.com:8099/hls-live/livepkgr/_definst_/pxitvevent/pxtv1stream.m3u8
西安丝路 (404p) [Not 24/7],http://stream2.xiancity.cn/xatv5/playlist.m3u8
西安商务资讯 (180p) [Not 24/7],http://stream2.xiancity.cn/xatv3/playlist.m3u8
酒泉新闻综合 (576p),http://117.156.28.119/270000001111/1110000001/index.m3u8
长沙女性 [Geo-blocked],http://35848.hlsplay.aodianyun.com/guangdianyun_35848/tv_channel_349.m3u8
长沙政法 [Geo-blocked],http://35848.hlsplay.aodianyun.com/guangdianyun_35848/tv_channel_348.m3u8
长沙新闻 [Geo-blocked],http://35848.hlsplay.aodianyun.com/guangdianyun_35848/tv_channel_346.m3u8
风尚购物 (1080p),http://183.207.248.71/cntv/live1/fengshanggw/fengshanggw
高台电视台 (1080p),http://117.156.28.119/270000001111/1110000146/index.m3u8
鹤壁新闻综合 (480p) [Not 24/7],http://pili-live-hls.hebitv.com/hebi/hebi.m3u8
黑龙江 (1080p),http://223.110.245.161/ott.js.chinamobile.com/PLTV/3/224/3221227492/index.m3u8
2026-09-10,https://cnb.cool/junchao.tang/jtv/-/git/raw/main/Pictures/Robot.mp4
广州新闻,http://tencentplay.gztv.com/live/xinwen.m3u8?txSecret=%2A%2A%2A&txTime=18d57929bd3%24IPV4%E2%80%A2%E7%BA%BF%E8%B7%AF1
广州新闻,http://php.jdshipin.com:8880/gztv.php?id=xinwen%24IPV4%E2%80%A2%E7%BA%BF%E8%B7%AF2
广州新闻,http://113.95.132.166:554/rtp/239.253.43.72:5146$IPV4•线路3
广州新闻,http://183.30.201.121:10002/rtp/239.253.43.72:5146$IPV4•线路4
广州新闻,http://58.63.66.57:8888/rtp/239.253.43.72:5146$IPV4•线路5
广州新闻,https://168.sryze.cc/163189/gzxw$IPV4•线路6
广州新闻,https://tencentplay.gztv.com/live/xinwen.m3u8?txSecret=%2A%2A%2A&txTime=18d00acf487%24IPV4%E2%80%A2%E7%BA%BF%E8%B7%AF7
广州新闻,rtsp://183.59.131.100:554/PLTV/88888905/224/3221230113/453206913.smil?0=&accountinfo=~~V2.0~0SFQT4d134tJBYGpDmeXDQ~zJeEdQQK6GK7r2Q5jZjxjKYhZiHklGs8wg1XyXUSKdk5d8f2s2AYjzO2-qcyDeaExan3Pra4cuU_Whoju6BKGf666OGX7-GKwJrfpZjwyfM~ExtInfoWNHSPSTb+3AG0FnUkYLPMw%3D-1%2C0%2C1%2C%2C%2C2%2C%2C%2C%2C2%2CEND&GuardEncType=2%24IPV4%E2%80%A2%E7%BA%BF%E8%B7%AF8
广州新闻,https://cdn16.123.rr.kg/163189/gzxw$IPV4•线路9
广州新闻,http://47.108.20.161:8866/guangdong/guangzhou.php?id=xinwen%24IPV4%E2%80%A2%E7%BA%BF%E8%B7%AF10
广州新闻,https://tencentplaybusiness.gztv.com/live/xinwen.m3u8$IPV4•线路11
广州新闻,http://cdn16.123.rr.kg/163189/gzxw$IPV4•线路12
广州新闻,https://tencentplaygzrb01.gztv.com/live/xinwen.m3u8$IPV4•线路13
广州新闻,http://8.134.175.232:4022/rtp/239.253.43.72:5146$IPV4•线路14
广州新闻,http://vpn.jk960.cn:8686/rtp/239.253.43.72:5146$IPV4•线路15
广州电视台法治频道,http://tencentplay.gztv.com/live/fazhi.m3u8$IPV4
广州南国都市频道,https://tencentplay.gztv.com/live/nanguodushi.m3u8$IPV4•线路1
广州南国都市频道,http://r.jdshipin.com/nWaZO$IPV4•线路2
广州南国都市频道,http://tencentplay.gztv.com/live/nanguodushi.m3u8$IPV4•线路3
4K南国都市频道,https://tencentplaywebsite.gztv.com/live/nanguodushi.m3u8?txSecret=%2A%2A%2A&txTime=1956eaafce4%24IPV4
广东影视,http://k.061899.xyz/k.php?id=gdys%24IPV4%E2%80%A2%E7%BA%BF%E8%B7%AF1
广东影视,http://119.32.12.17:2901/udp/224.1.100.11:11111$IPV4•线路2
广东影视,http://go.bkpcp.top/mg/gdys$IPV4•线路3
广东影视,http://120.87.19.109:80/PLTV/88888973/224/3221225726/10000100000000060000000000334170_0.smil/01.m3u8?fmt=ts2hls%2C244%2C01.m3u8&accountinfo=UoQbCSdhOfs+Fhzpjb+WON1faRQ9pU15SBx6EULzJM%2Fq63EjPL5%2FUXSVfEKzDq3x9PptoWdtySh7Tt1DQw3DGgWZ1F4+6A1eDkDeh5XZlpvpn23wIF+ldb6dnBPa8zHj%2CEND&tenantId=8601%24IPV4%E2%80%A2%E7%BA%BF%E8%B7%AF4
广东影视,http://www.yahao.host:4022/udp/239.77.0.217:5146$IPV4•线路5
广东影视,http://bak.dou.ddns-ip.net/api.php?n=cctvxxx&id=BEitaP&tk=zUr4K92Dl6kh%24IPV4%E2%80%A2%E7%BA%BF%E8%B7%AF6
广东影视,http://82.157.249.28:1990/gdtv.php?id=53%24IPV4%E2%80%A2%E7%BA%BF%E8%B7%AF7
广东影视,http://223.111.150.99:6673/tv/mg4.php?id=%E5%B9%BF%E4%B8%9C%E5%BD%B1%E8%A7%86%24IPV4%E2%80%A2%E7%BA%BF%E8%B7%AF8
广东影视,http://119.32.12.17:2901/udp/224.1.100.11:11111$IPV4•线路9
经济科教,http://120.198.95.220:9901/tsfile/live/1069_1.m3u8?key=%2A%2A%2A&playlive=1&down=1%24IPV4%E2%80%A2%E7%BA%BF%E8%B7%AF1
经济科教,http://120.198.95.220:9901/tsfile/live/1011_1.m3u8?key=%2A%2A%2A&playlive=1&down=1%24IPV4%E2%80%A2%E7%BA%BF%E8%B7%AF2
经济科教,http://218.13.170.98:9901/tsfile/live/0018_1.m3u8?key=%2A%2A%2A&playlive=1&authid=%2A%2A%2A
经济科教,http://119.32.12.17:2901/udp/224.1.100.6:11111$IPV4•线路4
岭南戏曲,http://120.87.19.109:80/PLTV/88888973/224/3221225731/10000100000000060000000000334250_0.smil/01.m3u8?fmt=ts2hls%2C244%2C01.m3u8&accountinfo=UoQbCSdhOfs+Fhzpjb+WON1faRQ9pU15SBx6EULzJM%2Fq63EjPL5%2FUXSVfEKzDq3xmmeDWF2PSMyW4YiHUTcbqwWZ1F4+6A1eDkDeh5XZlpvpn23wIF+ldb6dnBPa8zHj%2CEND&tenantId=8601%24IPV4%E2%80%A2%E7%BA%BF%E8%B7%AF1
岭南戏曲,http://38.75.136.137:98/gslb/dsdqpub/gdlnxq.m3u8?auth=%2A%2A%2A
岭南戏曲,http://107.150.60.122/live/gdlnxq.m3u8$IPV4•线路3
岭南戏曲,http://192.151.150.154/live/gdlnxq.m3u8$IPV4•线路4
岭南戏曲,http://198.204.228.26/live/gdlnxq.m3u8$IPV4•线路5
岭南戏曲,http://gs.jianghua.fun:7088/udp/239.77.0.122:5146$IPV4•线路6
岭南戏曲,http://907698324.xyz:7088/udp/239.77.0.122:5146$IPV4•线路7
岭南戏曲,http://154.12.37.196:5555/tvbox/公众号好享生活小助手/接口获取/代理.php?id=http%3A%2F%2F38.75.136.137%3A82%2Flive1%2Fjsb1.m3u8%3Fid%3Dgdlnxq&usign=%24IPV4%E2%80%A2%E7%BA%BF%E8%B7%AF8
岭南戏曲,http://223.111.150.99:6673/tv/mg4.php?id=%E5%B2%AD%E5%8D%97%E6%88%8F%E6%9B%B2%24IPV4%E2%80%A2%E7%BA%BF%E8%B7%AF9
岭南戏曲,http://www.cdnstv.com:6398/hls/1119/index.m3u8$IPV4•线路10
现代教育,http://120.87.19.109:80/PLTV/88888973/224/3221225733/10000100000000060000000000334513_0.smil/01.m3u8?fmt=ts2hls%2C244%2C01.m3u8&accountinfo=UoQbCSdhOfs+Fhzpjb+WON1faRQ9pU15SBx6EULzJM%2Fq63EjPL5%2FUXSVfEKzDq3xYBA53ZUw8cnNtR6tkC1LvwWZ1F4+6A1eDkDeh5XZlpvpn23wIF+ldb6dnBPa8zHj%2CEND&tenantId=8601%24IPV4
tvN,http://75.127.89.169:35441/endday20260630.php?id=723%24IPV4%E2%80%A2%E7%BA%BF%E8%B7%AF1
tvN,http://tv123.cc.cd/live.php?ch=1379&sid=bb85038aa079a4774398a0f5e26bcabe&exp=1789061204&sig=82e0fb3990a1159d8abb15ea3819aeee4fbe3bebbfa1ef2b9df1fcf925c361f4%24IPV4%E2%80%A2%E7%BA%BF%E8%B7%AF2
tvN,http://tv123.cc.cd/live.php?ch=502&sid=bb85038aa079a4774398a0f5e26bcabe&exp=1789061204&sig=99cb8d84fe4aace27b18b7f9814013c1148fd93b29636e82ec82dd2d7f905d63%24IPV4%E2%80%A2%E7%BA%BF%E8%B7%AF3
tvN,http://aktv.top/AKTV/live/aktv/tvn/AKTV.m3u8$IPV4•线路4
tvN,https://d2zyqoz1zsj2mq.cloudfront.net/v1/master/3722c60a815c199d9c0ef36c5b73da68a62b09d1/cc-i9yul1lyegl6e-ssai-prd/6d07fe2a_003a_4879_acfc_44e3c3c10f03/hls/playlist.m3u8?tvN%24IPV4%E2%80%A2%E7%BA%BF%E8%B7%AF5=
tvN,http://154.219.125.7:8088/iptv2026.php?key=%2A%2A%2A&id=tvN%24IPV4%E2%80%A2%E7%BA%BF%E8%B7%AF6
PopC,http://75.127.89.169:35441/endday20260630.php?id=170%24IPV4%E2%80%A2%E7%BA%BF%E8%B7%AF1
PopC,http://75.127.89.169:35441/endday20260630.php?id=171%24IPV4%E2%80%A2%E7%BA%BF%E8%B7%AF2
PopC,https://test.946985.filegear-sg.me/proxy/37414657af7ded2b$IPV4•线路3
PopC,https://iptv.707626.xyz/ch/daeefde9dc8798b55bca340479357ebf/master.m3u8$IPV4•线路4
PopC,http://mytvsuper.webn.cc:2052/stream/mytv/popc/master.m3u8?u=yhy&p=447c04d6fbd1b6db532939627946d3ee4532fbe69a842ccfe439df51e0fff326%24IPV4%E2%80%A2%E7%BA%BF%E8%B7%AF5
PopC,http://tv123.cc.cd/live.php?ch=1954&sid=bb85038aa079a4774398a0f5e26bcabe&exp=1789061204&sig=dbb712ffc2ee59562c42ad61e0a49af7fca8195b13486f95b23694fad72ba68a%24IPV4%E2%80%A2%E7%BA%BF%E8%B7%AF6
PopC,http://tv123.cc.cd/live.php?ch=507&sid=bb85038aa079a4774398a0f5e26bcabe&exp=1789061204&sig=5c1e7db6f7313a702e2bee6fa7345b0d7f7e3aa210b1a4087ca2985d14377568%24IPV4%E2%80%A2%E7%BA%BF%E8%B7%AF7
PopC,http://tv123.cc.cd/live.php?ch=1257&sid=bb85038aa079a4774398a0f5e26bcabe&exp=1789061204&sig=121049d18b22d95d0b2279d8019e67f53750da132cbf5a9be9975c14a6b20371%24IPV4%E2%80%A2%E7%BA%BF%E8%B7%AF8
PopC,http://aktv.top/AKTV/live/aktv/popc/AKTV.m3u8$IPV4•线路9
PopC,http://125.94.244.29:2101/1234.php?id=22&s=1%24IPV4%E2%80%A2%E7%BA%BF%E8%B7%AF10
PopC,http://streamsy.online:2999/coachj88/N93DPKS9pJ/226$IPV4•线路11
J2,http://api.kkitv.itv888.vip:8080/streams/48uxa7dlbga/index.m3u8$IPV4•线路1
J2,http://fm1077.serv00.net/Smart.php?id=j2_twn%24IPV4%E2%80%A2%E7%BA%BF%E8%B7%AF2
J2,https://hls-gateway.vpstv.net/streams/476932.m3u8$IPV4•线路3
J2,https://hls-gateway.vpstv.net/streams/476932.m3u8$IPV4•线路4
J2,http://api.kkitv.itv888.vip:8080/streams/48uxa7dlbga/index.m3u8$IPV4•线路5
娛樂新聞台(HK),https://test.946985.filegear-sg.me/proxy/19a95b082c7372e5$IPV4•线路1
娛樂新聞台(HK),http://bak.dou.ddns-ip.net/api.php?n=xxxtw&id=OwCNvU&tk=SLK5QjnsRiya%24IPV4%E2%80%A2%E7%BA%BF%E8%B7%AF2
娛樂新聞台(HK),http://tv123.cc.cd/live.php?ch=1949&sid=bb85038aa079a4774398a0f5e26bcabe&exp=1789061204&sig=318ac000bab3203bb9cdce7acb9f6e8602a6b0d36432709a63a3e6cc62ab0c82%24IPV4%E2%80%A2%E7%BA%BF%E8%B7%AF3
娛樂新聞台(HK),http://tv123.cc.cd/live.php?ch=386&sid=bb85038aa079a4774398a0f5e26bcabe&exp=1789061204&sig=66042063485902819b2ea265201b6f6bde08819462326da2ab8678aa259918c0%24IPV4%E2%80%A2%E7%BA%BF%E8%B7%AF4
娛樂新聞台(HK),http://tv123.cc.cd/live.php?ch=482&sid=bb85038aa079a4774398a0f5e26bcabe&exp=1789061204&sig=cbe92ffd8bd79699ff527563dd4ab9aee629f9ae6824adf399b36600b1568061%24IPV4%E2%80%A2%E7%BA%BF%E8%B7%AF5
娛樂新聞台(HK),http://185.243.7.13:80/play/live.php?mac=00%3A1A%3A79%3A45%3A5E%3A9A&stream=153398&extension=ts&play_token=%2A%2A%2A
娛樂新聞台(HK),http://185.243.7.13:80/play/live.php?mac=00%3A1A%3A79%3A45%3A5E%3A9A&stream=571188&extension=ts&play_token=%2A%2A%2A
娱乐新闻台,http://iptv.4666888.xyz/iptv2A.php?id=26%24IPV4%E2%80%A2%E7%BA%BF%E8%B7%AF1
娱乐新闻台,https://iptv.707626.xyz/ch/ad60506f0a7a41a03d9dbd1b59129066/master.m3u8$IPV4•线路2
娱乐新闻台,http://cdn6.123.rr.kg/163189/ylxw$IPV4•线路3
娱乐新闻台,http://125.94.244.29:2101/1234.php?id=16&s=1%24IPV4%E2%80%A2%E7%BA%BF%E8%B7%AF4
娱乐新闻台,http://125.94.244.29:2101/1234.php?id=7&s=2%24IPV4%E2%80%A2%E7%BA%BF%E8%B7%AF5
娱乐新闻台,http://125.94.244.29:2101/1234.php?id=36&s=2%24IPV4%E2%80%A2%E7%BA%BF%E8%B7%AF6
娱乐新闻台,http://125.94.244.29:2101/1234.php?id=13&s=5%24IPV4%E2%80%A2%E7%BA%BF%E8%B7%AF7
有线新闻,http://iptv.4666888.xyz/iptv2A.php?id=31%24IPV4%E2%80%A2%E7%BA%BF%E8%B7%AF1
有线新闻,http://61.10.2.140:80/live_freedirect/freehd209_h.live/chunklist_w135209556.m3u8$IPV4•线路2
有线新闻,http://61.10.2.141/live_freedirect/freehd209_h.live/playlist.m3u$IPV4•线路3
有线新闻,http://61.10.2.141/live_freedirect/freehd209_h.live/playlist.m3u8$IPV4•线路4
有线新闻,http://cm61-10-2-143.hkcable.com.hk/live_freedirect/hd110_h.live/playlist.m3u8$IPV4•线路5
有线新闻,http://61.10.2.141:80/live_freedirect/freehd209_h.live/chunklist.m3u8$IPV4•线路6
有线新闻,http://61.10.2.141/live_freedirect/hd110_h.live/playlist.m3u8$IPV4•线路7
有线新闻,http://61.10.2.140/live_freedirect/opentvhd002_h.live/playlist.m3u8$IPV4•线路8
有线新闻,http://61.10.2.140/live_freedirect/freehd209_h.live/playlist.m3u8$IPV4•线路9
有线新闻,http://cm61-10-2-140.hkcable.com.hk/live_freedirect/freehd209_h.live/chunklist_w135209556.m3u8$IPV4•线路10
有线新闻,http://cm61-10-2-143.hkcable.com.hk/live_freedirect/freehd209_h.live/playlist.m3u8$IPV4•线路11
有线新闻,http://cm61-10-2-143.hkcable.com.hk/live_freedirect/freehd209_h.live/chunklist_w1949275579.m3u8$IPV4•线路12
有线新闻,http://61.10.2.134:80/live_freedirect/freehd209_h.live/chunklist.m3u8$IPV4•线路13
有线新闻,http://61.10.2.146/live_freedirect/freehd209_h.live/playlist.m3u8$IPV4•线路14
有线新闻,http://61.10.2.151:80/live_freedirect/freehd209_h.live/chunklist_w1201085709.m3u8$IPV4•线路15
TVBS欢乐,http://gat.xyys.site/cdnlive-fusion.php?mode=play&id=a2309b6cbfc99db79ceefc6cdc56b325&token=%2A%2A%2A
TVBS欢乐,http://kt.hmysapp.cn:222/cdnlive.php?mode=play&id=a2309b6cbfc99db79ceefc6cdc56b325&token=%2A%2A%2A
TVBS欢乐,http://kt.hmysapp.cn:222/cdnlive.php?mode=play%3Bid%3Da2309b6cbfc99db79ceefc6cdc56b325%3Btoken%3DFT48WqcKMPn8MU6x26sDLPrfK18EQx4Q%3Btype%3Dmobile2026Acc3iL%24IPV4%E2%80%A2%E7%BA%BF%E8%B7%AF3
TVBS欢乐,http://litv.zapi.us.kg/$IPV4•线路4
寰宇新聞台,http://las.aptv168.com:8084/channel/n4da4274/index.m3u8$IPV4•线路1
寰宇新聞台,https://litv.tzh911.qzz.io/litv.php?id=litv-longturn14&token=%2A%2A%2A
寰宇新聞台,http://4gtv.cnlive.club/channel/n4da4274/index.m3u8?q=1782639885837%24IPV4%E2%80%A2%E7%BA%BF%E8%B7%AF3
寰宇新聞台,https://test.946985.filegear-sg.me/proxy/e3f6ff0bccdd3743$IPV4•线路4
寰宇新聞台,http://bak.dou.ddns-ip.net/api.php?n=xxxtw&id=2sC4R9&tk=SLK5QjnsRiya%24IPV4%E2%80%A2%E7%BA%BF%E8%B7%AF5
寰宇新聞台,http://tv123.cc.cd/live.php?ch=1570&sid=bb85038aa079a4774398a0f5e26bcabe&exp=1789061204&sig=3e97167c81bcd6940a092657299fa31142347c2327a8f2a109f6788240d3f05d%24IPV4%E2%80%A2%E7%BA%BF%E8%B7%AF6
寰宇新聞台,http://tv123.cc.cd/live.php?ch=1851&sid=bb85038aa079a4774398a0f5e26bcabe&exp=1789061204&sig=cc93268d2aa4c6d849b590df865220f50f784112956d4ebe8a468296919b1575%24IPV4%E2%80%A2%E7%BA%BF%E8%B7%AF7
寰宇新聞台,http://bak.dou.ddns-ip.net/api.php?n=HKTV&id=JP9JTo&tk=B9eddFxBG9JM%24IPV4%E2%80%A2%E7%BA%BF%E8%B7%AF8
寰宇新聞台,http://jnzq.ohoyee.com:9080/live/332123-hyxw.m3u8$IPV4•线路9
寰宇新聞台,http://222.128.55.152:9080/live/hy.m3u8$IPV4•线路10
寰宇新聞台,http://bak.dou.ddns-ip.net/api.php?n=cctvxxx&id=a5BrR5&tk=4U04NDOE13ra%24IPV4%E2%80%A2%E7%BA%BF%E8%B7%AF11
寰宇新聞台,http://aktv.top/AKTV/live/aktv/null-9/AKTV.m3u8$IPV4•线路12
寰宇新聞台,https://www.youtube.com/watch$IPV4•线路13
寰宇新聞台,http://4gtv.cnlive.club/channel/n4da4274/index.m3u8$IPV4•线路14
寰宇新聞台,https://4gtv.tvbjack.ggff.net/?id=%E5%AF%B0%E5%AE%87%E6%96%B0%E8%81%9E%E5%8F%B0%24IPV4%E2%80%A2%E7%BA%BF%E8%B7%AF15
now新闻,http://api.kkitv.itv888.vip:8080/streams/o0ey7z1y0y/index.m3u8$IPV4
133爆谷台,http://173.208.234.146/live/nowbg.m3u8$IPV4•线路1
133爆谷台,https://iptv.707626.xyz/ch/68527adcbbc4f6f0c815314a24d71aaf/master.m3u8$IPV4•线路2
133爆谷台,http://aktv.top/AKTV/live/aktv2/null/AKTV.m3u8$IPV4•线路3
翡翠综合台(北美),http://aktv.top/AKTV/live/aktv/null-17/AKTV.m3u8$IPV4
ROCK Action,http://las.aptv168.com:8084/channel/n21b197ce/index.m3u8$IPV4•线路1
ROCK Action,http://iptv.4666888.xyz/iptv2A.php?id=50%24IPV4%E2%80%A2%E7%BA%BF%E8%B7%AF2
ROCK Action,http://tl.061833.xyz/tl/rockaction$IPV4•线路3
ROCK Action,https://test.946985.filegear-sg.me/proxy/f146d0e593c924e4$IPV4•线路4
ROCK Action,https://test.946985.filegear-sg.me/proxy/a233cc1a87cac018$IPV4•线路5
ROCK Action,http://bak.dou.ddns-ip.net/api.php?n=xxxtw&id=RhYj3n&tk=SLK5QjnsRiya%24IPV4%E2%80%A2%E7%BA%BF%E8%B7%AF6
ROCK Action,http://tv123.cc.cd/live.php?ch=1943&sid=bb85038aa079a4774398a0f5e26bcabe&exp=1789061204&sig=3a9d4541dfdb3f1906bd0bcfedc51b19a517501755959693971766ec2d6a42ce%24IPV4%E2%80%A2%E7%BA%BF%E8%B7%AF7
ROCK Action,http://tv123.cc.cd/live.php?ch=495&sid=bb85038aa079a4774398a0f5e26bcabe&exp=1789061204&sig=4e2cb909b61ab285cb00a8f1ea49decd403dbc3a760ea6fdb6dc6072af9c546a%24IPV4%E2%80%A2%E7%BA%BF%E8%B7%AF8
ROCK Action,http://tv123.cc.cd/live.php?ch=1622&sid=bb85038aa079a4774398a0f5e26bcabe&exp=1789061204&sig=ede1f12c71cd61487ad7c5e64f39ca7986cc8225ef1baa20a5914a5e81cf6286%24IPV4%E2%80%A2%E7%BA%BF%E8%B7%AF9
ROCK Action,http://tv123.cc.cd/live.php?ch=1690&sid=bb85038aa079a4774398a0f5e26bcabe&exp=1789061204&sig=3a3b3a4c423a4400a9bd7dc8375bac4d1126e26d72e44f33fdf2134a2e8ff2d5%24IPV4%E2%80%A2%E7%BA%BF%E8%B7%AF10
ROCK Action,http://tv123.cc.cd/live.php?ch=1893&sid=bb85038aa079a4774398a0f5e26bcabe&exp=1789061204&sig=31e3e1d2caf8b543619dd6a5a3609a7e2a1e7220e245650f85200cbb6bfecbb6%24IPV4%E2%80%A2%E7%BA%BF%E8%B7%AF11
ROCK Action,http://aktv.top/AKTV/live/aktv/rockaction/AKTV.m3u8$IPV4•线路12
ROCK Action,http://aktv.top/AKTV/live/aktv3/rockaction/AKTV.m3u8$IPV4•线路13
ROCK Action,http://4gtv.cnlive.club/channel/n21b197ce/index.m3u8$IPV4•线路14
ROCK Action,https://4gtv.tvbjack.ggff.net/?id=ROCK+Action%24IPV4%E2%80%A2%E7%BA%BF%E8%B7%AF15
TVB星河,http://r.jdshipin.com/sXuuD$IPV4•线路1
TVB星河,http://r.jdshipin.com/Voac4$IPV4•线路2
TVB星河,http://php.jdshipin.com/TVOD/iptv.php?id=xinghe%24IPV4%E2%80%A2%E7%BA%BF%E8%B7%AF3
TVB星河,https://cdn6.cc.cd/163189/tvbxh$IPV4•线路4
TVB星河,https://10.fast.hidns.vip/163189/xinghe/$IPV4•线路5
TVB星河,https://cdn3.indevs.in/stream/live/tvbxh/$IPV4•线路6
TVB星河,https://o11.163189.xyz/stream/live/tvbxh/$IPV4•线路7
TVB星河,https://cdn10.123.rr.kg/163189/xinghe/$IPV4•线路8
TVB星河,http://74.91.26.218:82/live/tvbxh.m3u8$IPV4•线路9
TVB星河,http://push.cdn1.hls123.de:8080/streams/hbiwgswysds/index.m3u8$IPV4•线路10
TVB星河,http://o11.163189.xyz/stream/live/tvbxh/$IPV4•线路11
TVB星河,http://smt.1678520.xyz/smt3.2.3.php?id=Xinhe%24IPV4%E2%80%A2%E7%BA%BF%E8%B7%AF12
TVB星河,https://smt.1678520.xyz/smt3.2.1.php?id=Xinhe%24IPV4%E2%80%A2%E7%BA%BF%E8%B7%AF13
TVB星河,http://183.237.240.235:808/hls/121/index.m3u8$IPV4•线路14
TVB星河,http://tv123.cc.cd/live.php?ch=323&sid=bb85038aa079a4774398a0f5e26bcabe&exp=1789061204&sig=89865799fc4a08d4c28fa719676074988ccd6358e251390a815915c1c63e28eb%24IPV4%E2%80%A2%E7%BA%BF%E8%B7%AF15
千禧经典台,http://php.jdshipin.com:8880/smt.php?id=Tvbclassic%24IPV4%E2%80%A2%E7%BA%BF%E8%B7%AF1
千禧经典台,https://cdn3.indevs.in/stream/live/tvbc/$IPV4•线路2
千禧经典台,http://smt.1678520.xyz/smt3.2.3.php?id=Tvbclassic%24IPV4%E2%80%A2%E7%BA%BF%E8%B7%AF3
千禧经典台,https://cdn3.123.rr.kg/163189/tvbc$IPV4•线路4
千禧经典台,http://tv.cloudcdn.me:80/live.ts?uid=4280&deviceMac=00%3A1A%3A79%3A17%3AC1%3A7F&channelId=133057%24IPV4%E2%80%A2%E7%BA%BF%E8%B7%AF5
千禧经典台,http://ysift55.xyz/live/52TLK6U/TNLMRY9/1052632.ts$IPV4•线路6
千禧经典台,https://iptv.707626.xyz/ch/76a00255d5a3433482bd21dcab9c2493/master.m3u8$IPV4•线路7
千禧经典台,http://45.192.97.170:8880/play/1221.m3u8$IPV4•线路8
千禧经典台,https://o11.163189.xyz/stream/live/tvbc/$IPV4•线路9
千禧经典台,http://tv123.cc.cd/live.php?ch=2134&sid=bb85038aa079a4774398a0f5e26bcabe&exp=1789061204&sig=126355400095408619bfb7eadcd4c660f1a9836f7c867e1eeb8feb8206d92453%24IPV4%E2%80%A2%E7%BA%BF%E8%B7%AF10
千禧经典台,https://cdn.qd.je/163189/tvbc$IPV4•线路11
千禧经典台,http://aktv.top/AKTV/live/aktv/null-15/AKTV.m3u8$IPV4•线路12
千禧经典台,http://o11.163189.xyz/stream/live/tvbc/$IPV4•线路13
712WARNERTV,http://31.43.191.125:8080/vip6821768502490/6c17bae55394/34603$IPV4
AMC電影台,http://122.117.71.103:8559/http/61.222.53.250:8092/upload/115/AMC_TS-1111_1.m3u8$IPV4
200TVBS台劇台,http://las.aptv168.com:8084/channel/49342c47/index.m3u8$IPV4•线路1
200TVBS台劇台,http://4gtv.cnlive.club/channel/49342c47/index.m3u8?q=1782639885837%24IPV4%E2%80%A2%E7%BA%BF%E8%B7%AF2
200TVBS台劇台,http://tv123.cc.cd/live.php?ch=1632&sid=bb85038aa079a4774398a0f5e26bcabe&exp=1789061204&sig=70af6a55fe8f7a9f6f7298c5f5b3d06eba717529add9b5660aef8e6c6e8f38d0%24IPV4%E2%80%A2%E7%BA%BF%E8%B7%AF3
200TVBS台劇台,http://4gtv.cnlive.club/channel/49342c47/index.m3u8$IPV4•线路4
200TVBS台劇台,https://4g.158.qzz.io/163189/tvbstjt$IPV4•线路5
200TVBS台劇台,https://4gtv.tvbjack.ggff.net/?id=TVBS%E5%8F%B0%E5%8A%87%E5%8F%B0%24IPV4%E2%80%A2%E7%BA%BF%E8%B7%AF6
TVBdrama,http://tv123.cc.cd/live.php?ch=393&sid=bb85038aa079a4774398a0f5e26bcabe&exp=1789061204&sig=0a755e25fb380cc5e6ef107ba253f7ad0ccdfdf6712456afb48b080991804dfa%24IPV4
Animax,https://naori-test.netgenx.site/pxx.php?shk_cid=bs15%24IPV4%E2%80%A2%E7%BA%BF%E8%B7%AF1
Animax,.m3u8$IPV4•线路2
Animax,http://nmxlive.akamaized.net/hls/live/529965/Live_1/index.m3u8$IPV4•线路3
美亚电影台,https://live.tvfix.org/live/mydy/index.m3u8$IPV4•线路1
美亚电影台,http://php.jdshipin.com:8880/smt.php?id=meiyamovie_twn%24IPV4%E2%80%A2%E7%BA%BF%E8%B7%AF2
美亚电影台,https://php.jdshipin.com:2096/smt.php?id=meiyamovie_twn%24IPV4%E2%80%A2%E7%BA%BF%E8%B7%AF3
美亚电影台,http://74.91.26.218:82/live/mydy.m3u8$IPV4•线路4
美亚电影台,https://iptv.707626.xyz/ch/a4b55ca9ac177e194e6df0d37b500a3c/master.m3u8$IPV4•线路5
美亚电影台,http://pull-vivek.speedws.com/live/aaamydy.flv$IPV4•线路6
美亚电影台,http://49.232.143.177:80/pyxg/export.php?id=19&key=%2A%2A%2A
美亚电影台,http://125.94.244.29:2101/1234.php?id=19&s=1%24IPV4%E2%80%A2%E7%BA%BF%E8%B7%AF8
美亚电影台,http://125.94.244.29:2101/1234.php?id=36&s=3%24IPV4%E2%80%A2%E7%BA%BF%E8%B7%AF9
美亚电影台,https://live.tvfix.org/live/mydy/index.m3u8$IPV4•线路10
美亞電影台(HK),http://aktv.top/AKTV/live/aktv/hk-1/AKTV.m3u8$IPV4
美亚电影粤,http://ali.hlspull.yximgs.com/live/awei_mydy.flv$IPV4
美亚电影国,https://play.wenxiang.cn/live/d15690a84b5ad631f11228268ba8dca8.flv$IPV4
HOYTV,https://test.946985.filegear-sg.me/proxy/ba17d1f96e6841ad$IPV4•线路1
HOYTV,http://49.232.143.177:80/pyxg/export.php?id=10&key=%2A%2A%2A
HOYTV,http://tv123.cc.cd/live.php?ch=1941&sid=bb85038aa079a4774398a0f5e26bcabe&exp=1789061204&sig=2a459b77332659ba652b504a388feb00c9b10f9be188949e0f853d540552791c%24IPV4%E2%80%A2%E7%BA%BF%E8%B7%AF3
HOYTV,http://r.jdshipin.com/sFw4S$IPV4•线路4
TVB Plus,http://r.jdshipin.com/Nr5jq$IPV4•线路1
TVB Plus,http://r.jdshipin.com/ndGgS$IPV4•线路2
TVB Plus,http://bxtv.3a.ink/api.php?id=tvbp%24IPV4%E2%80%A2%E7%BA%BF%E8%B7%AF3
TVB Plus,http://php.jdshipin.com/TVOD/iptv.php?id=j2%24IPV4%E2%80%A2%E7%BA%BF%E8%B7%AF4
TVB Plus,https://smt.1678520.xyz/163189/tvbp$IPV4•线路5
TVB Plus,https://smt.1678520.xyz/163189/de659ed6e3ab1e55$IPV4•线路6
TVB Plus,https://cdn6.cc.cd/163189/tvbp$IPV4•线路7
TVB Plus,https://cdn3.123.rr.kg/stream/tvb/tvbp/$IPV4•线路8
TVB Plus,http://74.91.26.218:82/live/j2.m3u8$IPV4•线路9
TVB Plus,http://push.cdn1.hls123.de:8080/streams/gw8n98gubb4/index.m3u8$IPV4•线路10
TVB Plus,https://test.946985.filegear-sg.me/proxy/017a0e2f8f6d4269$IPV4•线路11
TVB Plus,http://bak.dou.ddns-ip.net/api.php?n=xxxtw&id=aCMBgd&tk=SLK5QjnsRiya%24IPV4%E2%80%A2%E7%BA%BF%E8%B7%AF12
TVB Plus,https://o11.163189.xyz/stream/tvb/tvbp/$IPV4•线路13
TVB Plus,http://cdn3.123.rr.kg/stream/tvb/tvbp/$IPV4•线路14
TVB Plus,https://cdn3.indevs.in/stream/tvb/tvbp/$IPV4•线路15
myTV SUPER FREE,http://75.127.89.169:35441/endday20260630.php?id=332%24IPV4
MBC 대전,http://tv123.cc.cd/live.php?ch=1419&sid=bb85038aa079a4774398a0f5e26bcabe&exp=1789061204&sig=7e523757829a3a0fd744a367a58ed5d74166ed67168bd1145f5c67b785e8d041%24IPV4
Hoy 78,http://aktv.top/AKTV/live/aktv/hoy78/AKTV.m3u8$IPV4•线路1
Hoy 78,http://cdn.163189.xyz/live/hoy/stream.m3u8$IPV4•线路2
天映频道粤,http://php.jdshipin.com:8880/smt.php?id=Celestial%24IPV4%E2%80%A2%E7%BA%BF%E8%B7%AF1
天映频道粤,http://gat.xyys.site/cdnlive-fusion.php?mode=play&id=cbae703675d7c3c04777f76229db0fb9&token=%2A%2A%2A
天映频道粤,https://cdn3.indevs.in/stream/live/typd/$IPV4•线路3
天映频道粤,http://173.208.234.146/live/typd.m3u8$IPV4•线路4
天映频道粤,http://o11.163189.xyz/stream/live/typd/$IPV4•线路5
天映频道粤,https://cdn10.123.rr.kg/163189/typd/$IPV4•线路6
天映频道粤,http://74.91.26.218:82/live/typd.m3u8$IPV4•线路7
天映频道粤,http://ysift55.xyz/live/52TLK6U/TNLMRY9/1052448.ts$IPV4•线路8
天映频道粤,http://mag.trexlive.me:80/play/live.php?extension=ts&mac=00%3A1A%3A79%3AB5%3A9F%3AAC&stream=1919461%24IPV4%E2%80%A2%E7%BA%BF%E8%B7%AF9
天映频道粤,http://smt.1678520.xyz/smt3.2.3.php?id=Celestial%24IPV4%E2%80%A2%E7%BA%BF%E8%B7%AF10
天映频道粤,http://pull-vivek.speedws.com/live/aaatypd.flv$IPV4•线路11
天映频道粤,http://tv123.cc.cd/live.php?ch=2131&sid=bb85038aa079a4774398a0f5e26bcabe&exp=1789061204&sig=27c677e7250616913dcc37b88a8097451e82afdc7a787b73cc9f18d78d45c9cc%24IPV4%E2%80%A2%E7%BA%BF%E8%B7%AF12
天映频道粤,https://cdn.qd.je/163189/typd2$IPV4•线路13
天映频道粤,https://o11.163189.xyz/stream/live/typd/$IPV4•线路14
天映频道粤,http://185.243.7.13:80/play/live.php?mac=00%3A1A%3A79%3A45%3A5E%3A9A&stream=941618&extension=ts&play_token=%2A%2A%2A
天映频道国,http://205.185.123.236:8899/astro/tianying/tianying.m3u8$IPV4
Viutv,http://r.jdshipin.com/vSJvl$IPV4•线路1
Viutv,http://r.jdshipin.com/TcKr2$IPV4•线路2
Viutv,http://php.jdshipin.com/TVOD/iptv.php?id=viutv%24IPV4%E2%80%A2%E7%BA%BF%E8%B7%AF3
Viutv,http://php.jdshipin.com/TVOD/iptv.php?id=viutv2%24IPV4%E2%80%A2%E7%BA%BF%E8%B7%AF4
Viutv,http://smt.1678520.xyz/smt3.2.3.php?id=viu1_twn%24IPV4%E2%80%A2%E7%BA%BF%E8%B7%AF5
Viutv,http://r.jdshipin.com/vSJvl$IPV4•线路6
Viutv,http://r.jdshipin.com/TcKr2$IPV4•线路7
三立台湾,http://31.43.191.125:8080/vip6821768502490/6c17bae55394/34806$IPV4•线路1
三立台湾,http://gat.xyys.site/cdnlive-fusion.php?mode=play&id=5bc6e57495b4d08a3ec4fdf5d875d30f&token=%2A%2A%2A
三立台湾,http://kt.hmysapp.cn:222/cdnlive.php?mode=play&id=5bc6e57495b4d08a3ec4fdf5d875d30f&token=%2A%2A%2A
三立台湾,http://kt.hmysapp.cn:222/cdnlive.php?mode=play%3Bid%3D5bc6e57495b4d08a3ec4fdf5d875d30f%3Btoken%3DFT48WqcKMPn8MU6x26sDLPrfK18EQx4Q%3Btype%3Dmobile2026Acc3iL%24IPV4%E2%80%A2%E7%BA%BF%E8%B7%AF4
三立台湾,https://hls-gateway.vpstv.net/streams/477050.m3u8$IPV4•线路5
三立新闻,http://live4play.uk/livehttpplay?channel_id=10126%24IPV4%E2%80%A2%E7%BA%BF%E8%B7%AF1
三立新闻,https://d2jc41c1shgcol.cloudfront.net/live/iNEWS/playlist.m3u8$IPV4•线路2
三立新闻,http://220.135.64.124:5050/iNEWS/index.m3u8?proxy=true%24IPV4%E2%80%A2%E7%BA%BF%E8%B7%AF3
三立新闻,http://220.135.64.124:5050/4gtv-live089/index.m3u8?proxy=true%24IPV4%E2%80%A2%E7%BA%BF%E8%B7%AF4
三立新闻,http://31.43.191.125:8080/vip6821768502490/6c17bae55394/34805$IPV4•线路5
三立新闻,http://gat.xyys.site/cdnlive-fusion.php?mode=play&id=7f87b183d2fc14254c78c63883271264&token=%2A%2A%2A
三立新闻,http://kt.hmysapp.cn:222/cdnlive.php?mode=play&id=7f87b183d2fc14254c78c63883271264&token=%2A%2A%2A
三立新闻,http://kt.hmysapp.cn:222/cdnlive.php?mode=play%3Bid%3D7f87b183d2fc14254c78c63883271264%3Btoken%3DFT48WqcKMPn8MU6x26sDLPrfK18EQx4Q%3Btype%3Dmobile2026Acc3iL%24IPV4%E2%80%A2%E7%BA%BF%E8%B7%AF8
三立新闻,https://epg.pw/stream/6b49e3faa38adda85abab446f032dc1e686baa0760a9cfa66e2df8fd6fe3b445.m3u8$IPV4•线路9
三立新闻,https://stream1.freetv.fun/san-li-xin-wen-4.m3u8$IPV4•线路10
三立新闻,https://hls-gateway.vpstv.net/streams/492922.m3u8$IPV4•线路11
三立新闻,https://stream1.freetv.fun/san-li-xin-wen-3.m3u8$IPV4•线路12
三立新闻,https://stream1.freetv.fun/san-li-xin-wen-5.ctv$IPV4•线路13
三立新闻,https://raw.githubusercontent.com/ChiSheng9/iptv/master/TV32.m3u8$IPV4•线路14
三立新闻,http://live4play.uk/livehttpplay$IPV4•线路15
东森综合,http://live4play.uk/livehttpplay?channel_id=20104%24IPV4%E2%80%A2%E7%BA%BF%E8%B7%AF1
东森综合,http://31.43.191.125:8080/vip6821768502490/6c17bae55394/34902$IPV4•线路2
东森综合,https://cdn.19891230.eu.org/api/ET-Variety-Channel/index.m3u8$IPV4•线路3
东森综合,http://ip1.xiaomidadi.cn:8088/live/KMn24bon5j3PxYY2/hls.m3u8$IPV4•线路4
东森综合,http://gat.xyys.site/cdnlive-fusion.php?mode=play&id=524d539ec5fb663b50a7ebdb075c2e8c&token=%2A%2A%2A
东森综合,http://125.94.244.29:2101/1234.php?id=19&s=4%24IPV4%E2%80%A2%E7%BA%BF%E8%B7%AF6
东森综合,http://kt.hmysapp.cn:222/cdnlive.php?mode=play&id=524d539ec5fb663b50a7ebdb075c2e8c&token=%2A%2A%2A
东森综合,http://kt.hmysapp.cn:222/cdnlive.php?mode=play%3Bid%3D524d539ec5fb663b50a7ebdb075c2e8c%3Btoken%3DFT48WqcKMPn8MU6x26sDLPrfK18EQx4Q%3Btype%3Dmobile2026Acc3iL%24IPV4%E2%80%A2%E7%BA%BF%E8%B7%AF8
东森综合,http://iptv.4666888.xyz/iptv2A.php?id=58%24IPV4%E2%80%A2%E7%BA%BF%E8%B7%AF9
东森综合,https://hls-gateway.vpstv.net/streams/476987.m3u8$IPV4•线路10
东森超视,rtmp://f13h.mine.nu/sat/tv331$IPV4•线路1
东森超视,http://tv123.cc.cd/live.php?ch=1452&sid=bb85038aa079a4774398a0f5e26bcabe&exp=1789061204&sig=89363f66819fe419d7806e790280a66e77aafc9f27458929cf1ff82a547331b8%24IPV4%E2%80%A2%E7%BA%BF%E8%B7%AF2
东森超视,http://38.64.72.148:80/hls/modn/list/2013/chunklist1.m3u8$IPV4•线路3
东森超视,http://38.64.72.148/hls/modn/list/2013/chunklist1.m3u8$IPV4•线路4
东森超视,http://kt.hmysapp.cn:222/cdnlive.php?mode=play%3Bid%3D163e6c3e3bd21f2beb6af46d4b6b9353%3Btoken%3DFT48WqcKMPn8MU6x26sDLPrfK18EQx4Q%3Btype%3Dmobile2026Acc3iL%24IPV4%E2%80%A2%E7%BA%BF%E8%B7%AF5
东森超视,https://stream1.freetv.fun/dong-sen-chao-shi-4.m3u8$IPV4•线路6
东森超视,https://smart.pendy.dpdns.org/Smart.php?id=ettvsuper%24IPV4%E2%80%A2%E7%BA%BF%E8%B7%AF7
东森超视,https://stream1.freetv.fun/dong-sen-chao-shi-2.m3u8$IPV4•线路8
东森超视,https://stream1.freetv.fun/dong-sen-chao-shi-7.ctv$IPV4•线路9
东森超视,https://stream1.freetv.fun/dong-sen-chao-shi-8.m3u8$IPV4•线路10
东森电影,http://mytv.cdn.com.mp/live/dsdy/stream.m3u8$IPV4•线路1
东森电影,http://live4play.uk/livehttpplay?channel_id=20077%24IPV4%E2%80%A2%E7%BA%BF%E8%B7%AF2
东森电影,https://smt.1678520.xyz/163189/dsdy$IPV4•线路3
东森电影,http://rihou.cc:555/tv/东森电影$IPV4•线路4
东森电影,https://smt.1678520.xyz/163189/a2c09ea65fb10aa2$IPV4•线路5
东森电影,https://cdn.19891230.eu.org/api/ET-Movie/index.m3u8$IPV4•线路6
东森电影,http://8.218.84.3:8885/live/LxWcScuQ6WphaELY4DhkKm8SIv7_ZgNIJtNvFurqphvyqxUIU84OjKVCwFxMq9iUHWMHCytb2VBItbRCwo0LykwxMoUHpMM_iP4852Z3fkyk8zLr_cHdtRNfGHcdy6CBHw-Gsla_fUeSZd5w4Wac0uJflUo3jPx-syZub8WoZXN8RiuExRGYFHshahLkcavYsTA0xVX1vv5-7vKJhs-n7zwpfIB1QcisXHnKxS0kd5Hze8xeJra-LdG_RCTOfdFcvx03TGauO_eJLMAVKIyz9Q.m3u8?u=1756878715%24IPV4%E2%80%A2%E7%BA%BF%E8%B7%AF7
东森电影,http://tv123.cc.cd/live.php?ch=2199&sid=bb85038aa079a4774398a0f5e26bcabe&exp=1789061204&sig=1e2b4343dc693777f55d59b9811b928aabb4dec80918807176d1ae769f9f6ae3%24IPV4%E2%80%A2%E7%BA%BF%E8%B7%AF8
东森电影,https://cdn.qd.je/163189/dsdy$IPV4•线路9
东森电影,http://gat.xyys.site/cdnlive-fusion.php?mode=play&id=1e378f2d1a49befa27fb0499013ff517&token=%2A%2A%2A
东森电影,http://125.94.244.29:2101/1234.php?id=32&s=5%24IPV4%E2%80%A2%E7%BA%BF%E8%B7%AF11
东森电影,http://kt.hmysapp.cn:222/cdnlive.php?mode=play&id=1e378f2d1a49befa27fb0499013ff517&token=%2A%2A%2A
东森电影,http://kt.hmysapp.cn:222/cdnlive.php?mode=play%3Bid%3D1e378f2d1a49befa27fb0499013ff517%3Btoken%3DFT48WqcKMPn8MU6x26sDLPrfK18EQx4Q%3Btype%3Dmobile2026Acc3iL%24IPV4%E2%80%A2%E7%BA%BF%E8%B7%AF13
东森电影,http://iptv.4666888.xyz/iptv2A.php?id=48%24IPV4%E2%80%A2%E7%BA%BF%E8%B7%AF14
东森电影,https://hls-gateway.vpstv.net/streams/476995.m3u8$IPV4•线路15
Now剧集,http://kt.hmysapp.cn:222/cdnlive.php?mode=play%3Bid%3D7cca5b6cdce53f57946476948f1fdb28%3Btoken%3DFT48WqcKMPn8MU6x26sDLPrfK18EQx4Q%3Btype%3Dmobile2026Acc3iL%24IPV4
Now华剧,http://kt.hmysapp.cn:222/cdnlive.php?mode=play%3Bid%3Dab89a61ded743371184f508a167692fe%3Btoken%3DFT48WqcKMPn8MU6x26sDLPrfK18EQx4Q%3Btype%3Dmobile2026Acc3iL%24IPV4
Now星影台,http://iptv.852851.xyz/l/5gC9h6XtL1X3bJoC55t2qVlMPysmpR1MOrEigXzD1If0rc4moQDCzruuZ2JwV18A/index.m3u8$IPV4•线路1
Now星影台,http://75.127.89.169:35441/endday20260630.php?id=176%24IPV4%E2%80%A2%E7%BA%BF%E8%B7%AF2
Now星影台,ihttp://75.127.89.169:35441/endday20260630.php?id=178%24IPV4%E2%80%A2%E7%BA%BF%E8%B7%AF3
Now星影台,https://test.946985.filegear-sg.me/proxy/84de4c236d106553$IPV4•线路4
Now星影台,http://bak.dou.ddns-ip.net/api.php?n=xxxtw&id=9Yd1yK&tk=SLK5QjnsRiya%24IPV4%E2%80%A2%E7%BA%BF%E8%B7%AF5
Now星影台,http://aktv.top/AKTV/live/aktv2/now/AKTV.m3u8$IPV4•线路6
Now星影台,http://bak.dou.ddns-ip.net/api.php?n=cctvxxx&id=KqOtof&tk=4U04NDOE13ra%24IPV4%E2%80%A2%E7%BA%BF%E8%B7%AF7
Now星影台,http://aktv.top/AKTV/live/aktv2/now/AKTV.m3u8$IPV4•线路8
靖天资讯,http://220.135.64.124:5050/of-4gtv-4gtv065/index.m3u8?proxy=true%24IPV4%E2%80%A2%E7%BA%BF%E8%B7%AF1
靖天资讯,http://nn.7x9d.cn/xzc2.php?ua=TW96aWxsYS81LjAgKExpbnV4OyBBbmRyb2lkIDE2OyBWMjM1MkEpIEFwcGxlV2ViS2l0LzUzNy4zNiAoS0hUTUwsIGxpa2UgR2Vja28pIENocm9tZS8xMzEuMC42Nzc4LjIwMCBNb2JpbGUgU2FmYXJpLzUzNy4zNiBWaXZvQnJvd3Nlci8yOC4wLjAuMA%3D%3D&hls=aHR0cDovLzguMjE4Ljg0LjM6ODg4NS9saXZlL05sQWhnZFI0NzVfcDlwSGVLRTFHMXJJTG9WbDE4UXFlMzZqVXNpV3FZNVMyNkxRek5BLTgybzBMU2lObzEzT0dNMnkzU2xVZjBKbjNSWXBET1UzM0plT21QQlZtSVhlXzN1QVhueFdyS1ptcGJzSWxQbkNSVHlwZHgycGVwNWUxN05udjNFcW56d2RkcUNLenQzWWpsVS1pTmpkdVlQWTlkZTFMc1BTams1c0RkaEQ3OHhiWkxGeDRWTlQtVldRYjlKN196VVNmcHY5TTBETXh5VEhxTzNjd05mT0t3WkJZRkZzR0pVaFBMYWdOdEpqZWcta3BYM0czLWxBZ1cxU1BwOUhtd2RTOWFPNVJleXcyb1htMGFnLm0zdTg%2FdT0xNzU3MTIzODE5%24IPV4%E2%80%A2%E7%BA%BF%E8%B7%AF2
靖天资讯,http://kt.hmysapp.cn:222/cdnlive.php?mode=play%3Bid%3D14cc21b7b4bf570db94cd3b91fa9dea6%3Btoken%3DFT48WqcKMPn8MU6x26sDLPrfK18EQx4Q%3Btype%3Dmobile2026Acc3iL%24IPV4%E2%80%A2%E7%BA%BF%E8%B7%AF3
靖天资讯,https://litv.tzh911.qzz.io/litv.php?id=4gtv-4gtv065&token=%2A%2A%2A
靖天资讯,https://hls-gateway.vpstv.net/streams/476258.m3u8$IPV4•线路5
靖天電影台,http://las.aptv168.com:8084/channel/3fcf6ae8/index.m3u8$IPV4•线路1
靖天電影台,https://litv.tzh911.qzz.io/litv.php?id=4gtv-4gtv061&token=%2A%2A%2A
靖天電影台,http://4gtv.cnlive.club/channel/3fcf6ae8/index.m3u8?q=1782639885837%24IPV4%E2%80%A2%E7%BA%BF%E8%B7%AF3
靖天電影台,https://test.946985.filegear-sg.me/proxy/b1055577a34476e4$IPV4•线路4
靖天電影台,http://tv123.cc.cd/live.php?ch=460&sid=bb85038aa079a4774398a0f5e26bcabe&exp=1789061204&sig=0cd0f0f55d85cd938fc3490490953ab1342c4aad5e43b56ee99f0c4c2bef994f%24IPV4%E2%80%A2%E7%BA%BF%E8%B7%AF5
靖天電影台,http://tv123.cc.cd/live.php?ch=1626&sid=bb85038aa079a4774398a0f5e26bcabe&exp=1789061204&sig=24c152cee3ae5a2e5e70e32e726f8da4aa3264f22c8e14d036612e6e069d921c%24IPV4%E2%80%A2%E7%BA%BF%E8%B7%AF6
靖天電影台,http://tv123.cc.cd/live.php?ch=1896&sid=bb85038aa079a4774398a0f5e26bcabe&exp=1789061204&sig=a96310677af83bf68731b4046e8a267599728e91aeca8f032b1edd775a4dc6be%24IPV4%E2%80%A2%E7%BA%BF%E8%B7%AF7
靖天電影台,http://aktv.top/AKTV/live/aktv/null-6/AKTV.m3u8$IPV4•线路8
靖天電影台,http://4gtv.cnlive.club/channel/3fcf6ae8/index.m3u8$IPV4•线路9
靖天電影台,https://4g.158.qzz.io/163189/jtdyt$IPV4•线路10
靖天電影台,https://4gtv.tvbjack.ggff.net/?id=%E9%9D%96%E5%A4%A9%E9%9B%BB%E5%BD%B1%E5%8F%B0%24IPV4%E2%80%A2%E7%BA%BF%E8%B7%AF11
星卫娱乐,https://live.metshop.top/douyu/9403712$IPV4•线路1
星卫娱乐,http://43.138.170.29:35455/douyu/9403712$IPV4•线路2
SUPER Kids Channel,http://tv123.cc.cd/live.php?ch=525&sid=bb85038aa079a4774398a0f5e26bcabe&exp=1789061204&sig=c78f6d71e80d8b2b10d7e8bab7d7a7740b6bf79b868e477690c0afe3f6fc3b95%24IPV4%E2%80%A2%E7%BA%BF%E8%B7%AF1
SUPER Kids Channel,http://223.111.191.105/downflv.brtvcloud.com/kkkkasd/winfr.m3u8$IPV4•线路2
amc电影台,https://cdn12.178.indevs.in/163189/amc$IPV4•线路1
amc电影台,https://cdn12.178.indevs.in/163189/0bcf9bb8c452e56a$IPV4•线路2
amc电影台,http://tv123.cc.cd/live.php?ch=2173&sid=bb85038aa079a4774398a0f5e26bcabe&exp=1789061204&sig=9cdeda121e654cc34a375012f90dc95f4ef252081ea20f1de07d80e5d7c29447%24IPV4%E2%80%A2%E7%BA%BF%E8%B7%AF3
amc电影台,https://cdn.qd.je/163189/amc$IPV4•线路4
amc电影台,http://125.94.244.29:2101/1234.php?id=5&s=6%24IPV4%E2%80%A2%E7%BA%BF%E8%B7%AF5
AXN电影台,http://kt.hmysapp.cn:222/cdnlive.php?mode=play%3Bid%3D5fd3d62b32096638e180fc091451a66d%3Btoken%3DFT48WqcKMPn8MU6x26sDLPrfK18EQx4Q%3Btype%3Dmobile2026Acc3iL%24IPV4
Channel 5 HD,http://aktv.top/AKTV/live/aktv/channel5hd/AKTV.m3u8$IPV4
Channel 8 HD,http://aktv.top/AKTV/live/aktv/channel8hd/AKTV.m3u8$IPV4
Channel U HD,http://aktv.top/AKTV/live/aktv/channeluhd/AKTV.m3u8$IPV4
RTHK 31,http://67.220.71.199:2347/livehttpplay?channel_id=30066%24IPV4%E2%80%A2%E7%BA%BF%E8%B7%AF1
RTHK 31,http://cdn.163189.xyz/163189/rthk31$IPV4•线路2
RTHK 31,http://tv123.cc.cd/live.php?ch=1271&sid=bb85038aa079a4774398a0f5e26bcabe&exp=1789061204&sig=a80a1f76356eb3f766bbd1c6f0694afb2f706ea32d8061e24e93dc969de7cddd%24IPV4%E2%80%A2%E7%BA%BF%E8%B7%AF3
RTHK 31,https://cdn5.163189.xyz/live/rthk31/stream.m3u8$IPV4•线路4
RTHK 32,http://67.220.71.199:2347/livehttpplay?channel_id=20203%24IPV4%E2%80%A2%E7%BA%BF%E8%B7%AF1
RTHK 32,http://67.220.71.199:2347/livehttpplay?channel_id=30028%24IPV4%E2%80%A2%E7%BA%BF%E8%B7%AF2
RTHK 32,http://67.220.71.199:2347/livehttpplay?channel_id=30067%24IPV4%E2%80%A2%E7%BA%BF%E8%B7%AF3
RTHK 32,http://cdn.163189.xyz/163189/rthk32$IPV4•线路4
RTHK 32,http://tv123.cc.cd/live.php?ch=1272&sid=bb85038aa079a4774398a0f5e26bcabe&exp=1789061204&sig=a8038a979947d353f9c305806b209217c7ea9c9febf7c2d4f75088c7c746ffc1%24IPV4%E2%80%A2%E7%BA%BF%E8%B7%AF5
RTHK 32,https://cdn5.163189.xyz/live/rthk32/stream.m3u8$IPV4•线路6
RTHK 33,$IPV4•线路1
RTHK 33,http://tv123.cc.cd/live.php?ch=1273&sid=bb85038aa079a4774398a0f5e26bcabe&exp=1789061204&sig=5fae940dfa4b5c168c802e99bb1e0f6f3e0779028835677e9391bf3dcce956c0%24IPV4%E2%80%A2%E7%BA%BF%E8%B7%AF2
RTHK 33,http://kt.hmysapp.cn:222/cdnlive.php?mode=play%3Bid%3D5d52b565d7c12baa5f86be5ebd227f02%3Btoken%3DFT48WqcKMPn8MU6x26sDLPrfK18EQx4Q%3Btype%3Dmobile2026Acc3iL%24IPV4%E2%80%A2%E7%BA%BF%E8%B7%AF3
RTHK 34,http://kt.hmysapp.cn:222/cdnlive.php?mode=play%3Bid%3Dbee7ea565f5c9458987f1893e30e056f%3Btoken%3DFT48WqcKMPn8MU6x26sDLPrfK18EQx4Q%3Btype%3Dmobile2026Acc3iL%24IPV4
RTHK 35,http://kt.hmysapp.cn:222/cdnlive.php?mode=play%3Bid%3Ddc6784c67a7e93f9f341dcf67ff8d631%3Btoken%3DFT48WqcKMPn8MU6x26sDLPrfK18EQx4Q%3Btype%3Dmobile2026Acc3iL%24IPV4
中天亞洲台,http://tv123.cc.cd/live.php?ch=1293&sid=bb85038aa079a4774398a0f5e26bcabe&exp=1789061204&sig=0036646d11aa18a69f289fe159ba01bd3608e187f21097590b3d7544f90bab5c%24IPV4%E2%80%A2%E7%BA%BF%E8%B7%AF1
中天亞洲台,http://tv123.cc.cd/live.php?ch=1330&sid=bb85038aa079a4774398a0f5e26bcabe&exp=1789061204&sig=42e749dcf93299b6d338b9560b46b44ed558d8700abbb68d1e9607951c5f2528%24IPV4%E2%80%A2%E7%BA%BF%E8%B7%AF2
千禧經典台,https://test.946985.filegear-sg.me/proxy/31368ba8378b5adf$IPV4•线路1
千禧經典台,http://bak.dou.ddns-ip.net/api.php?n=xxxtw&id=J5Sbam&tk=SLK5QjnsRiya%24IPV4%E2%80%A2%E7%BA%BF%E8%B7%AF2
千禧經典台,http://tv123.cc.cd/live.php?ch=1951&sid=bb85038aa079a4774398a0f5e26bcabe&exp=1789061204&sig=2cea4e58ce6411b2aa8195dbba8bcbb71da1f1c91151783a97f63cffe4ca4a4b%24IPV4%E2%80%A2%E7%BA%BF%E8%B7%AF3
千禧經典台,http://tv123.cc.cd/live.php?ch=385&sid=bb85038aa079a4774398a0f5e26bcabe&exp=1789061204&sig=0745b161b6babbf4cb4a27080bc6bf1f71cb7bbc53d5a6ed6aaa1ad4c0751c0e%24IPV4%E2%80%A2%E7%BA%BF%E8%B7%AF4
千禧經典台,http://tv123.cc.cd/live.php?ch=485&sid=bb85038aa079a4774398a0f5e26bcabe&exp=1789061204&sig=524d424114c68618a60dd99df1dcfc85ceb21b232a55ab3ca2fb18f8e00416e4%24IPV4%E2%80%A2%E7%BA%BF%E8%B7%AF5
東森电影国,https://live.metshop.top/huya/21059581$IPV4
8-度空间国,https://cdn6.163189.xyz/163189/8tv$IPV4
日本全天新聞,https://n24-cdn-live.ntv.co.jp/ch01/index_high.m3u8$IPV4
新加坡中文,https://d2e1asnsl7br7b.cloudfront.net/7782e205e72f43aeb4a48ec97f66ebbe/index_4.m3u8?zshijd%24IPV4=
龍華日韓台,https://test.946985.filegear-sg.me/proxy/e22b032d5a9990af$IPV4•线路1
龍華日韓台,http://tv123.cc.cd/live.php?ch=449&sid=bb85038aa079a4774398a0f5e26bcabe&exp=1789061204&sig=621e51d8036821a600db1fadde0575dbb3713fc0a6d6ac893498ca1cf41c5646%24IPV4%E2%80%A2%E7%BA%BF%E8%B7%AF2
龍華日韓台,http://tv123.cc.cd/live.php?ch=1807&sid=bb85038aa079a4774398a0f5e26bcabe&exp=1789061204&sig=212ba90e7120418c0d51e90b738bae2e5f6c3abd19adaca7fc02f507e2490f39%24IPV4%E2%80%A2%E7%BA%BF%E8%B7%AF3
龍華電影台,https://test.946985.filegear-sg.me/proxy/3e25c26d79d21d2d$IPV4•线路1
龍華電影台,http://bak.dou.ddns-ip.net/api.php?n=xxxtw&id=ZcFnhW&tk=SLK5QjnsRiya%24IPV4%E2%80%A2%E7%BA%BF%E8%B7%AF2
龍華電影台,http://tv123.cc.cd/live.php?ch=446&sid=bb85038aa079a4774398a0f5e26bcabe&exp=1789061204&sig=3d44de2eb44b27697ab349a476cd4a412eda717f3aa6cac4d15fee1ae18e5848%24IPV4%E2%80%A2%E7%BA%BF%E8%B7%AF3
龍華電影台,http://tv123.cc.cd/live.php?ch=1804&sid=bb85038aa079a4774398a0f5e26bcabe&exp=1789061204&sig=971851c179291c46e12df17d659c012f5d64a0d6396442931d350d5611e55203%24IPV4%E2%80%A2%E7%BA%BF%E8%B7%AF4
龍華電影台,http://37.27.111.214:8080/live/19/hls.m3u8$IPV4•线路5
香港卫视,http://webcast.hkstv.tv/livestream/mutfysrq/playlist.m3u8$IPV4•线路1
香港卫视,http://101.35.240.114:88/live.php?id=%E9%A6%99%E6%B8%AF%E5%8D%AB%E8%A7%86%24IPV4%E2%80%A2%E7%BA%BF%E8%B7%AF2
香港卫视,http://zhibo.hkstv.tv/livestream/mutfysrq/playlist.m3u8$IPV4•线路3
香港卫视,http://gat.xyys.site/cdnlive-fusion.php?mode=play&id=1df191b6de196f5d7b043cb03ac4bdec&token=%2A%2A%2A
香港卫视,http://webcast.hkstv.tv/livestream/mutfysrq/playlist.m3u8$IPV4•线路5
香港卫视,http://125.94.244.29:2101/1234.php?id=8&s=2%24IPV4%E2%80%A2%E7%BA%BF%E8%B7%AF6
香港卫视,https://stream1.freetv.fun/6130c4439e91813125415b749209467f8da4f3d09d09ac80d7848321fc5e709e.m3u8$IPV4•线路7
香港卫视,http://zhibo.hkstv.tv/livestream/mutfysrq.flv$IPV4•线路8
香港卫视,http://43.240.220.130:3360/cdnlive-fusion.php?mode=play&id=1df191b6de196f5d7b043cb03ac4bdec&token=%2A%2A%2A
香港卫视,https://hkstv.tv/api/m3u8-proxy?url=http%3A%2F%2Fwebcast.hkstv.tv%2Flivestream%2Fmutfysrq%2Fplaylist.m3u8%24IPV4%E2%80%A2%E7%BA%BF%E8%B7%AF10
香港卫视,http://webcast.hkstv.tv:80/livestream/mutfysrq/playlist.m3u8?hls_ctx=9dl33ad6%24IPV4%E2%80%A2%E7%BA%BF%E8%B7%AF11
香港卫视,http://cctvtxyh5c.liveplay.myqcloud.com/cstv/xianggangweishi_2/index.m3u8$IPV4•线路12
香港卫视,https://stream1.freetv.fun/5335c88a9a7d8b74173b491f480d4f94e8d3bd596af54478106aa2399e6c7917.ctv$IPV4•线路13
香港卫视,https://stream1.freetv.fun/c751876ae5ceaa0d82b5cf2badc152342aa92a4b45bf504d12ee45966b2fc644.ctv$IPV4•线路14
香港卫视,https://stream1.freetv.fun/5335c88a9a7d8b74173b491f480d4f94e8d3bd596af54478106aa2399e6c7917.m3u8$IPV4•线路15
TVBS亚洲,http://38.64.72.148/hls/modn/list/4005/chunklist1.m3u8$IPV4•线路1
TVBS亚洲,http://38.64.72.148:80/hls/modn/list/4005/chunklist0.m3u8$IPV4•线路2
TVBS亚洲,http://38.64.72.148:80/hls/modn/list/4005/chunklist1.m3u8$IPV4•线路3
TVBS亚洲,http://tv123.cc.cd/live.php?ch=1442&sid=bb85038aa079a4774398a0f5e26bcabe&exp=1789061204&sig=ece4a7ffa452b396df7d2549f8f16c996c7b2171b6d7ce2787b6432615e23429%24IPV4%E2%80%A2%E7%BA%BF%E8%B7%AF4
TVBS亚洲,http://38.64.72.148/hls/modn/list/4005/playlist.m3u8$IPV4•线路5
TVBS亚洲,http://gat.xyys.site/cdnlive-fusion.php?mode=play&id=fc08860f10f58de933336efe9b950d9b&token=%2A%2A%2A
TVBS亚洲,http://kt.hmysapp.cn:222/cdnlive.php?mode=play&id=fc08860f10f58de933336efe9b950d9b&token=%2A%2A%2A
TVBS亚洲,http://kt.hmysapp.cn:222/cdnlive.php?mode=play%3Bid%3Dfc08860f10f58de933336efe9b950d9b%3Btoken%3DFT48WqcKMPn8MU6x26sDLPrfK18EQx4Q%3Btype%3Dmobile2026Acc3iL%24IPV4%E2%80%A2%E7%BA%BF%E8%B7%AF8
TVBS亚洲,http://38.64.72.148:80/hls/modn/list/4005/playlist.m3u8$IPV4•线路9
TVBS亚洲,http://38.64.72.148/hls/modn/list/4005/chunklist0.m3u8$IPV4•线路10
TVBS亚洲,http://aktv.top/AKTV/live/aktv/tvbs/AKTV.m3u8$IPV4•线路11
纬来体育,rtmp://f13h.mine.nu/sat/tv721$IPV4•线路1
纬来体育,http://31.43.191.125:8080/vip6821768502490/6c17bae55394/34855$IPV4•线路2
纬来体育,https://cdn.19891230.eu.org/api/VL-Sports/index.m3u8$IPV4•线路3
纬来体育,https://hls.iill.top/api/wlty/index.m3u8$IPV4•线路4
纬来体育,http://tv123.cc.cd/live.php?ch=1454&sid=bb85038aa079a4774398a0f5e26bcabe&exp=1789061204&sig=53f81149d306be1e2f2f06c72706af0d99475196aaf621f37ae95b29e3c0aa50%24IPV4%E2%80%A2%E7%BA%BF%E8%B7%AF5
纬来体育,https://smart.pendy.dpdns.org/Smart.php?id=videolandsport%24IPV4%E2%80%A2%E7%BA%BF%E8%B7%AF6
纬来体育,https://epg.pw/stream/8855a9936e37e608a0ec8a014cce1673dee9c5d68d560da376cc92e5edef2b25.m3u8$IPV4•线路7
纬来体育,https://epg.pw/stream/ab6df63b64d0cc44a1f4f029ed847a26fa54a7aebd455578fb05a63f02c22f4b.m3u8$IPV4•线路8
纬来体育,https://epg.pw/stream/4f18dfe0593db5c686eb64ae8edaf2a9202d4d46bdc9bbde2cee27708e12ea01.m3u8$IPV4•线路9
纬来体育,https://hls-gateway.vpstv.net/streams/477026.m3u8$IPV4•线路10
纬来体育,http://125.94.244.29:2101/1234.php?id=28&s=4%24IPV4%E2%80%A2%E7%BA%BF%E8%B7%AF11
纬来体育,http://kt.hmysapp.cn:222/cdnlive.php?mode=play%3Bid%3Dc0331d87d7f452e2b16f03a3b0a2b267%3Btoken%3DFT48WqcKMPn8MU6x26sDLPrfK18EQx4Q%3Btype%3Dmobile2026Acc3iL%24IPV4%E2%80%A2%E7%BA%BF%E8%B7%AF12
纬来体育,http://211.72.65.236:8585/.m3u8$IPV4•线路13
纬来体育,rtmp://f13h.mine.nu:1935/sat/tv721$IPV4•线路14
纬来体育,http://125.227.210.55:8155/VideoInput/play.ts$IPV4•线路15
纬来育乐,rtmp://f13h.mine.nu/sat/tv701$IPV4•线路1
纬来育乐,http://31.43.191.125:8080/vip6821768502490/6c17bae55394/34849$IPV4•线路2
纬来育乐,http://125.94.244.29:2101/1234.php?id=26&s=4%24IPV4%E2%80%A2%E7%BA%BF%E8%B7%AF3
纬来育乐,http://125.94.244.29:2101/1234.php?id=31&s=4%24IPV4%E2%80%A2%E7%BA%BF%E8%B7%AF4
纬来育乐,http://kt.hmysapp.cn:222/cdnlive.php?mode=play%3Bid%3D74cc4c3b644c367a8b56dea754e67692%3Btoken%3DFT48WqcKMPn8MU6x26sDLPrfK18EQx4Q%3Btype%3Dmobile2026Acc3iL%24IPV4%E2%80%A2%E7%BA%BF%E8%B7%AF5
纬来育乐,https://hls-gateway.vpstv.net/streams/477081.m3u8$IPV4•线路6
厦门卫视,http://204.12.221.218:8181/3m1080p/xmws.m3u8$IPV4•线路1
厦门卫视,http://e2.woc.iiiya.cn:28888/rtp/239.61.2.11:8060$IPV4•线路2
厦门卫视,http://gat.xyys.site/cdnlive-fusion.php?mode=play&id=6519e05b08f08a507a3bd4ea71df8053&token=%2A%2A%2A
厦门卫视,http://125.42.148.178:9901/tsfile/live/0125_1.m3u8?key=%2A%2A%2A&playlive=1&authid=%2A%2A%2A
厦门卫视,http://192.151.150.154/live/xmws.m3u8$IPV4•线路5
厦门卫视,http://107.150.60.122/live/xmws.m3u8$IPV4•线路6
厦门卫视,http://198.204.228.26/live/xmws.m3u8$IPV4•线路7
厦门卫视,http://63.141.230.178:82/gslb/zbdq5.m3u8?id=xmws%24IPV4%E2%80%A2%E7%BA%BF%E8%B7%AF8
厦门卫视,http://8.138.7.223/tv/fjtv1.php?id=xmws%24IPV4%E2%80%A2%E7%BA%BF%E8%B7%AF9
厦门卫视,http://192.151.150.154/live/xmws.m3u8$IPV4•线路10
厦门卫视,http://107.150.60.122/live/xmws.m3u8$IPV4•线路11
厦门卫视,http://198.204.228.26/live/xmws.m3u8$IPV4•线路12
厦门卫视,http://63.141.230.178:82/gslb/zbdq5.m3u8?id=xmws%24IPV4%E2%80%A2%E7%BA%BF%E8%B7%AF13
厦门卫视,http://120.87.19.109:80/PLTV/88888973/224/3221225703/10000100000000060000000000334140_0.smil/01.m3u8?fmt=ts2hls%2C244%2C01.m3u8&accountinfo=UoQbCSdhOfs+Fhzpjb+WON1faRQ9pU15SBx6EULzJM%2Fq63EjPL5%2FUXSVfEKzDq3xNLdKftnEzOPe45uw59KUAQWZ1F4+6A1eDkDeh5XZlpvpn23wIF+ldb6dnBPa8zHj%2CEND&tenantId=8601%24IPV4%E2%80%A2%E7%BA%BF%E8%B7%AF14
厦门卫视,http://rrs03.hw.gmcc.net:8088/PLTV/651/224/3221226695/1.m3u8$IPV4•线路15
南方卫视,http://116.77.33.98:44330/tsfile/live/1007_1.m3u8?key=%2A%2A%2A&playlive=0&authid=%2A%2A%2A
南方卫视,http://39.134.24.162/dbiptv.sn.chinamobile.com/PLTV/88888890/224/3221226218/index.m3u8?%24IPV4%E2%80%A2%E7%BA%BF%E8%B7%AF2=
南方卫视,http://120.198.95.220:9901/tsfile/live/1012_1.m3u8?key=%2A%2A%2A&playlive=1&down=1%24IPV4%E2%80%A2%E7%BA%BF%E8%B7%AF3
海峡卫视,http://8.138.7.223/tv/hxws.m3u8$IPV4•线路1
海峡卫视,http://gat.xyys.site/cdnlive-fusion.php?mode=play&id=c43d13c6d8854196ffed08f6b926baf3&token=%2A%2A%2A
海峡卫视,http://47.106.39.47:8596/aikan.php?id=hxws%24IPV4%E2%80%A2%E7%BA%BF%E8%B7%AF3
海峡卫视,http://hlsbkmgsplive.miguvideo.com/migu/kailu/haixiaws/57/20230724/01.m3u8?msisdn=&Channel_ID=&ContentId=&HlsSubType=&HlsProfileId=&encrypt=%24IPV4%E2%80%A2%E7%BA%BF%E8%B7%AF4
海峡卫视,http://hlsbkmgsplive.miguvideo.com/migu/kailu/haixiaws/57/20230724/01.m3u8?msisdn=&Channel_ID=&ContentId=&HlsSubType=&HlsProfileId=&encrypt=%24IPV4%E2%80%A2%E7%BA%BF%E8%B7%AF5
海峡卫视,http://8.138.7.223/tv/hxws.m3u8$IPV4•线路6
海峡卫视,http://t.061899.xyz/tl/tl.php?id=hxws%24IPV4%E2%80%A2%E7%BA%BF%E8%B7%AF7
海峡卫视,http://r.jdshipin.com/WtYt3$IPV4•线路8
海峡卫视,https://10.fast.hidns.vip/163189/hxws/$IPV4•线路9
海峡卫视,https://168.sryze.cc/163189/hxws$IPV4•线路10
海峡卫视,http://mg.cttv.vip/849119120$IPV4•线路11
海峡卫视,http://chen.ccwu.cc:1234/849119120$IPV4•线路12
海峡卫视,http://2280.eu.org:1234/849119120$IPV4•线路13
海峡卫视,http://by4.nty.tv189.cn/live/tm-xphxws-4000k.m3u8$IPV4•线路14
海峡卫视,http://222.134.19.49:8090/849119120$IPV4•线路15
安多卫视,https://liveout.xntv.tv/a65jur/96iln2.m3u8$IPV4•线路1
安多卫视,https://liveout.xntv.tv/a65jur/90p2i1.m3u8?zqinghd%24IPV4%E2%80%A2%E7%BA%BF%E8%B7%AF2=
安多卫视,https://liveout.xntv.tv/a65jur/90p2i1.m3u8?zqing%24IPV4%E2%80%A2%E7%BA%BF%E8%B7%AF3=
安多卫视,https://liveout.xntv.tv/a65jur/90p2i1.m3u8?zqinghd%24IPV4%E2%80%A2%E7%BA%BF%E8%B7%AF4=
安多卫视,https://liveout.xntv.tv/a65jur/96iln2.m3u8$IPV4•线路5
安多卫视,https://liveout.xntv.tv/a65jur/90p2i1.m3u8?zqing%24IPV4%E2%80%A2%E7%BA%BF%E8%B7%AF6=
安多卫视,https://stream1.freetv.fun/52d0df257c5c3cec42f2ae19268dbbc261256ff391b27bd83553bea941d0c186.m3u8$IPV4•线路7
安多卫视,http://k.061899.xyz/k.php?id=adws%24IPV4%E2%80%A2%E7%BA%BF%E8%B7%AF8
安多卫视,http://gslbserv.itv.cmvideo.cn:80/1.m3u8?channel-id=FifastbLive&Contentid=5000000006000022124&livemode=1&stbId=yu&mode=1&%24IPV4%E2%80%A2%E7%BA%BF%E8%B7%AF9=
安多卫视,http://182.135.66.163:18888/rtp/239.94.2.216:5140$IPV4•线路10
安多卫视,http://182.135.66.163:1888/rtp/239.94.2.216:5140$IPV4•线路11
安多卫视,http://push-rtmp-hs-spe-f5.douyincdn.com/live/adws.flv$IPV4•线路12
安多卫视,http://39.135.138.58:18890/PLTV/88888888/224/3221226195/index.m3u8$IPV4•线路13
安多卫视,http://dbiptv.sn.chinamobile.com/PLTV/88888888/224/3221226228/index.m3u8$IPV4•线路14
安多卫视,http://hwottcdn.ln.chinamobile.com/PLTV/11/224/3221227160/index.m3u8$IPV4•线路15
康巴卫视,http://gat.xyys.site/cdnlive-fusion.php?mode=play&id=0d0eb74114ec9f0bfaa79d687cf7b6a7&token=%2A%2A%2A
康巴卫视,http://171.213.234.216:8089/rtp/239.93.0.41:5140$IPV4•线路2
康巴卫视,http://gslbserv.itv.cmvideo.cn:80/1.m3u8?channel-id=FifastbLive&Contentid=1000000005000266002&livemode=1&stbId=yu&mode=1&%24IPV4%E2%80%A2%E7%BA%BF%E8%B7%AF3=
康巴卫视,http://182.135.66.163:18888/rtp/239.94.2.184:5140$IPV4•线路4
康巴卫视,http://182.135.66.163:1888/rtp/239.94.2.184:5140$IPV4•线路5
康巴卫视,http://111.202.12.159:8080/3zvkK28/1000/live.m3u8$IPV4•线路6
康巴卫视,http://111.202.12.159:8080/kYGHWzA/1000/live.m3u8$IPV4•线路7
康巴卫视,http://push-rtmp-hs-spe-f5.douyincdn.com/live/kbws.flv$IPV4•线路8
康巴卫视,http://dbiptv.sn.chinamobile.com/PLTV/88888888/224/3221226234/index.m3u8$IPV4•线路9
康巴卫视,http://hwottcdn.ln.chinamobile.com/PLTV/11/224/3221227111/index.m3u8$IPV4•线路10
农林卫视,http://204.12.221.218:8181/3m1080p/snnl.m3u8$IPV4•线路1
农林卫视,http://120.76.248.139/live/bfgd/4200000122.m3u8$IPV4•线路2
农林卫视,http://gat.xyys.site/cdnlive-fusion.php?mode=play&id=5406f8e49c8db56f306ec656bbdc69e4&token=%2A%2A%2A
农林卫视,http://stream.snrtv.com/sxbc-star-dfiKO3.m3u8$IPV4•线路4
农林卫视,http://218.206.193.218:8888/hls/30/index.m3u8$IPV4•线路5
农林卫视,http://112.132.10.54:9901/tsfile/live/1034_1.m3u8?key=%2A%2A%2A&playlive=1&authid=%2A%2A%2A
农林卫视,http://45.192.97.170:8880/play/35.m3u8$IPV4•线路7
农林卫视,http://8.138.7.223/%E3%80%90%E5%85%AC%E4%BC%97%E5%8F%B7%EF%BC%9A%E6%A6%B4%E8%8A%92%E7%94%B5%E8%A7%86%E3%80%91/%E5%86%9C%E6%9E%97%E5%8D%AB%E8%A7%86.m3u8$IPV4•线路8
农林卫视,http://gslbserv.itv.cmvideo.cn:80/1000000005000266003/1.m3u8?channel-id=ystenlive&Contentid=1000000005000266003&livemode=1&stbId=toShengfen&%2FPLTV%2F=&mode=0&yw=&%24IPV4%E2%80%A2%E7%BA%BF%E8%B7%AF9=
农林卫视,http://gxlive.snrtv.com/nlws-SD.m3u8$IPV4•线路10
农林卫视,http://push-rtmp-hs-spe-f5.douyincdn.com/live/nlws.flv$IPV4•线路11
农林卫视,http://39.134.24.162/dbiptv.sn.chinamobile.com/PLTV/88888890/224/3221226229/index.m3u8?%24IPV4%E2%80%A2%E7%BA%BF%E8%B7%AF12=
农林卫视,http://39.134.24.162/dbiptv.sn.chinamobile.com/PLTV/88888890/224/3221226229/index.m3u8$IPV4•线路13
农林卫视,http://dbiptv.sn.chinamobile.com/PLTV/88888888/224/3221226229/index.m3u8$IPV4•线路14
农林卫视,http://hwottcdn.ln.chinamobile.com/PLTV/11/224/3221227108/index.m3u8$IPV4•线路15
延边卫视,http://204.12.221.218:8181/3m1080p/ybws.m3u8$IPV4•线路1
延边卫视,http://120.76.248.139/live/bfgd/4200000117.m3u8$IPV4•线路2
延边卫视,https://srs.iyb983.cn:443/video/CYS/index.m3u8$IPV4•线路3
延边卫视,http://l.cztvcloud.com/channels/lantian/SXxinchang2/720p.m3u8$IPV4•线路4
延边卫视,https://srs.iyb983.cn/video/CYS/index.m3u8$IPV4•线路5
延边卫视,https://live.ybtvyun.com/video/s10006-d48b8590849c/index.m3u8$IPV4•线路6
延边卫视,$IPV4•线路7
延边卫视,http://l.cztvcloud.com/channels/lantian/SXxinchang2/720p.m3u8$IPV4•线路8
延边卫视,https://srs.iyb983.cn/video/CYS/index.m3u8$IPV4•线路9
延边卫视,https://srs.iyb983.cn:443/video/CYS/index.m3u8$IPV4•线路10
延边卫视,http://www.rogerxlj.top:9998/rtp/233.18.204.155:5140$IPV4•线路11
延边卫视,http://yun.lei119911.xyz:5488/rtp/233.18.204.155:5140$IPV4•线路12
延边卫视,http://demo.medrun.cn:4022/rtp/233.18.204.155:5140$IPV4•线路13
延边卫视,http://nas.220620.xyz:4022/rtp/233.18.204.155:5140$IPV4•线路14
延边卫视,https://srs.iybtv.cn/video/CYS1/index.m3u8$IPV4•线路15
山东齐鲁卫视,http://39.87.249.126:8090/udp/239.253.254.114:8000$IPV4•线路1
山东齐鲁卫视,http://222.173.9.81/00/SNM/CHANNEL10000313/index.m3u8$IPV4•线路2
山东齐鲁卫视,http://222.173.9.81/00/SNM/CHANNEL00000052/index.m3u8$IPV4•线路3
山东齐鲁卫视,http://1.94.31.214/php/sdtv.php?id=sdql%24IPV4%E2%80%A2%E7%BA%BF%E8%B7%AF4
山东齐鲁卫视,http://222.134.245.16:9901/tsfile/live/1001_1.m3u8?key=%2A%2A%2A&playlive=1&authid=%2A%2A%2A
山东齐鲁卫视,http://livealone302.iqilu.com/iqilu/qlpd.m3u8$IPV4•线路6
CCTV4欧洲咪咕,http://47.106.39.47:8596/aikan.php?id=cctv4o%24IPV4%E2%80%A2%E7%BA%BF%E8%B7%AF1
CCTV4欧洲咪咕,http://t.061899.xyz/tl/tl.php?id=cctv4o%24IPV4%E2%80%A2%E7%BA%BF%E8%B7%AF2
CCTV4欧洲咪咕,http://k.061899.xyz/k.php?id=cctv4o%24IPV4%E2%80%A2%E7%BA%BF%E8%B7%AF3
CCTV4欧洲咪咕,http://mg.cttv.vip/608807419$IPV4•线路4
CCTV4欧洲咪咕,http://chen.ccwu.cc:1234/608807419$IPV4•线路5
CCTV4欧洲咪咕,http://2280.eu.org:1234/608807419$IPV4•线路6
CCTV4欧洲咪咕,http://222.134.19.49:8090/608807419$IPV4•线路7
CCTV4欧洲咪咕,http://fn.gcl.de5.net:5908/gsh950428/608807419$IPV4•线路8
CCTV4欧洲咪咕,http://live.bypbwxx.top/live/jmmigu1.php?token=%2A%2A%2A
CCTV4欧洲咪咕,http://live.bypbwxx.top/live/jmmigu2.php?token=%2A%2A%2A
CCTV4欧洲咪咕,http://115.190.247.176:1111/608807419$IPV4•线路11
CCTV4欧洲咪咕,http://123.113.205.253:3000/608807419$IPV4•线路12
CCTV4欧洲咪咕,http://47.104.178.59:3566/608807419$IPV4•线路13
CCTV4欧洲咪咕,http://111.193.232.210:7089/rtp/239.3.1.213:4220$IPV4•线路14
CCTV4欧洲咪咕,http://123.120.49.149:4022/rtp/239.3.1.213:4220$IPV4•线路15
CCTV4美洲咪咕,http://47.106.39.47:8596/aikan.php?id=cctv4a%24IPV4%E2%80%A2%E7%BA%BF%E8%B7%AF1
CCTV4美洲咪咕,http://t.061899.xyz/tl/tl.php?id=cctv4m%24IPV4%E2%80%A2%E7%BA%BF%E8%B7%AF2
CCTV4美洲咪咕,http://k.061899.xyz/k.php?id=cctv4m%24IPV4%E2%80%A2%E7%BA%BF%E8%B7%AF3
CCTV4美洲咪咕,http://mg.cttv.vip/608807416$IPV4•线路4
CCTV4美洲咪咕,http://chen.ccwu.cc:1234/608807416$IPV4•线路5
CCTV4美洲咪咕,http://2280.eu.org:1234/608807416$IPV4•线路6
CCTV4美洲咪咕,http://222.134.19.49:8090/608807416$IPV4•线路7
CCTV4美洲咪咕,video://http//wcetv.com/videos/view/liv/0$IPV4•线路8
CCTV4美洲咪咕,http://fn.gcl.de5.net:5908/gsh950428/608807416$IPV4•线路9
CCTV4美洲咪咕,http://ysift55.xyz/52TLK6U/TNLMRY9/269826$IPV4•线路10
CCTV4美洲咪咕,http://mag.trexlive.me:80/play/live.php?extension=ts&mac=00%3A1A%3A79%3AB5%3A9F%3AAC&stream=156404%24IPV4%E2%80%A2%E7%BA%BF%E8%B7%AF11
CCTV4美洲咪咕,http://mag.trexlive.me:80/play/live.php?extension=ts&mac=00%3A1A%3A79%3AB5%3A9F%3AAC&stream=90226%24IPV4%E2%80%A2%E7%BA%BF%E8%B7%AF12
CCTV4美洲咪咕,http://mag.trexlive.me:80/play/live.php?extension=ts&mac=00%3A1A%3A79%3AB5%3A9F%3AAC&stream=1423389%24IPV4%E2%80%A2%E7%BA%BF%E8%B7%AF13
CCTV4美洲咪咕,http://live.bypbwxx.top/live/jmmigu1.php?token=%2A%2A%2A
CCTV4美洲咪咕,http://live.bypbwxx.top/live/jmmigu2.php?token=%2A%2A%2A
CGT西语咪咕,https://0472.org/hls/cgtnx.m3u8$IPV4
CGT阿语咪咕,https://0472.org/hls/cgtna.m3u8$IPV4
CGT法语咪咕,http://espanol-liveali.cgtn.com/hls/LSveOGBaBw41Ea7ukkVAUdKQ220802LSTexu6xAuFH8VZNBLE1ZNEa220802cd.m3u8$IPV4
家庭影院咪咕,http://z.b.bkpcp.top/m.php?id=jtyy%24IPV4%E2%80%A2%E7%BA%BF%E8%B7%AF1
家庭影院咪咕,http://58.19.38.162:9901/tsfile/live/1006_1.m3u8$IPV4•线路2
动作电影咪咕,http://live.metshop.top/huya/11602077$IPV4
军事大片咪咕,http://k.061899.xyz/k.php?id=jsm%24IPV4
热剧联播咪咕,http://47.106.39.47:8596/aikan.php?id=tjlb%24IPV4
新片映厅咪咕,http://k.061899.xyz/k.php?id=xpdy%24IPV4%E2%80%A2%E7%BA%BF%E8%B7%AF1
新片映厅咪咕,http://mg.cttv.vip/619495952$IPV4•线路2
新片映厅咪咕,http://chen.ccwu.cc:1234/619495952$IPV4•线路3
新片映厅咪咕,http://2280.eu.org:1234/619495952$IPV4•线路4
新片映厅咪咕,http://fn.gcl.de5.net:5908/gsh950428/619495952$IPV4•线路5
新片映厅咪咕,http://115.190.247.176:1111/619495952$IPV4•线路6
新片映厅咪咕,http://123.113.205.253:3000/619495952$IPV4•线路7
新片映厅咪咕,http://47.104.178.59:3566/619495952$IPV4•线路8
新片映厅咪咕,http://120.48.113.49:6006/619495952$IPV4•线路9
新片映厅咪咕,http://119.233.255.62:1234/619495952$IPV4•线路10
新片映厅咪咕,http://tv123.cc.cd/live.php?ch=2298&sid=bb85038aa079a4774398a0f5e26bcabe&exp=1789061204&sig=05d721cba8ab1eba3d40be1148633bc54bd24a0a16bfb73224289b7b2f2c0f38%24IPV4%E2%80%A2%E7%BA%BF%E8%B7%AF11
新片映厅咪咕,http://hlsztemgsplive.miguvideo.com:8080/wd-virtuallive5100030975-75/index.m3u8?msisdn=20260910100300bdec015c8d344f6494f55903276e0aea&mdspid=&spid=800033&netType=0&sid=5500035175&pid=2028597139&timestamp=20260910100300&Channel_ID=0116_2600000900-99000-201600010010027&ProgramID=619495952&ParentNodeID=-99&assertID=5500035175&client_ip=171.8.79.254&SecurityKey=20260910100300&promotionId=&mvid=5100030975&mcid=500020&playurlVersion=WX-A1-9.8.2-SNAPSHOT&userid=&jmhm=&videocodec=h264&appCode=miguvideo_android&bean=mgspad&tid=android&conFee=0&encrypt=e970b0c664e6cc0c1027e0e6ceb74ded%24IPV4%E2%80%A2%E7%BA%BF%E8%B7%AF12
新片映厅咪咕,http://129.150.55.255:31905/619495952$IPV4•线路13
新片映厅咪咕,https://live.chinacert.cftest5.cn/cnmg/live/619495952$IPV4•线路14
新片映厅咪咕,http://223.167.209.88:1234/619495952$IPV4•线路15
Y+剧场台咪咕,http://hms3659nc3747353871.live.aikan.miguvideo.com/PLTV/88888888/224/3221230226/1.m3u8?tenantId=8601&accountinfo=~~V2.0~SSxnh2gPZaV_9wZMz86ofwc38bf04ecfc078f584095a9c6e91b9e1~3twbaBwUaqzfkJ5qW9C0gp1C11OJXhanim-P8XrfoHFX-jV3R0FL2wbo-VR8pOhzd5938d01ed8f640cebb709a281e7b1d3~ExtInfo9W1qynAo8QtSBzK-JlHBbQ3bb1f3410d135b117fdf58086980a86d%3A20240603131532%3AUTC%2Cc864060416ccf5986b3e5940417477879245774%2C117.148.130.144%2C20240603131532%2C4444444684%2Cc864060416ccf5986b3e5940417477879245774%2C-1%2C0%2C1%2C%2C%2C2%2C1000000201%2C%2C%2C2%2C23%2C0%2C241%2C9ec0a2dcdcfd4259318d50a38cde552c%2C%2C%2C1%2C1%2C140151867%2CEND&fbl=%24IPV4
东森幼幼,http://kt.hmysapp.cn:222/cdnlive.php?mode=play%3Bid%3D70905dac749b7d3fa4c7e4858f0a470f%3Btoken%3DFT48WqcKMPn8MU6x26sDLPrfK18EQx4Q%3Btype%3Dmobile2026Acc3iL%24IPV4
iFun动漫,https://litv.tzh911.qzz.io/litv.php?id=litv-ftv15&token=%2A%2A%2A
momo亲子,https://live.ottiptv.cc/huya/23352563$IPV4
黑莓动画,http://1.94.31.214/php/py/k-web/ku9/py/socks5.py?ip=111.43.114.137%3A1080&u=http%3A%2F%2Fottrrs.hl.chinamobile.com%2FPLTV%2F88888888%2F224%2F3221225662%2Findex.m3u8%24IPV4%E2%80%A2%E7%BA%BF%E8%B7%AF1
黑莓动画,http://111.29.9.33:6610/000000001000/1000000004000021734/index.m3u8?channel-id=bestzb&Contentid=1000000004000021734&livemode=1&stbId=3%24IPV4%E2%80%A2%E7%BA%BF%E8%B7%AF2
黑莓动画,http://gslbserv.itv.cmvideo.cn:80/1000000004000021734/1.m3u8?channel-id=ystenlive&Contentid=1000000004000021734&livemode=1&stbId=toShengfen&%2FPLTV%2F=&mode=0&yw=&%24IPV4%E2%80%A2%E7%BA%BF%E8%B7%AF3=
黑莓动画,http://gslbserv.itv.cmvideo.cn:80/6497762188035533951/1.m3u8?channel-id=ystenlive&Contentid=6497762188035533951&livemode=1&stbId=toShengfen&%2FPLTV%2F=&mode=0&yw=&%24IPV4%E2%80%A2%E7%BA%BF%E8%B7%AF4=
黑莓动画,http://111.43.126.240:9003/hls/100/index.m3u8$IPV4•线路5
靖洋卡通,https://litv.tzh911.qzz.io/litv.php?id=4gtv-4gtv057&token=%2A%2A%2A
靖洋卡通,http://220.135.64.124:5050/of-4gtv-4gtv057/index.m3u8?proxy=true%24IPV4%E2%80%A2%E7%BA%BF%E8%B7%AF2
靖洋卡通,http://31.43.191.125:8080/vip6821768502490/6c17bae55394/34834$IPV4•线路3
靖洋卡通,http://kt.hmysapp.cn:222/cdnlive.php?mode=play%3Bid%3D9e748e7e875da07f562ded22bfa5e1b2%3Btoken%3DFT48WqcKMPn8MU6x26sDLPrfK18EQx4Q%3Btype%3Dmobile2026Acc3iL%24IPV4%E2%80%A2%E7%BA%BF%E8%B7%AF4
广东少儿,http://119.32.12.17:2901/udp/224.1.100.9:11111$IPV4•线路1
广东少儿,http://120.87.19.109:80/PLTV/88888973/224/3221225727/10000100000000060000000000334183_0.smil/01.m3u8?fmt=ts2hls%2C244%2C01.m3u8&accountinfo=UoQbCSdhOfs+Fhzpjb+WON1faRQ9pU15SBx6EULzJM%2Fq63EjPL5%2FUXSVfEKzDq3xMUv%2FgTuI5DDcfzACpClQ3gWZ1F4+6A1eDkDeh5XZlpvpn23wIF+ldb6dnBPa8zHj%2CEND&tenantId=8601%24IPV4%E2%80%A2%E7%BA%BF%E8%B7%AF2
广东少儿,http://38.75.136.137:98/gslb/dsdqpub/gdtvs5.m3u8?auth=%2A%2A%2A
广东少儿,http://107.150.60.122/live/gdtvs5.m3u8$IPV4•线路4
广东少儿,http://192.151.150.154/live/gdtvs5.m3u8$IPV4•线路5
广东少儿,http://198.204.228.26/live/gdtvs5.m3u8$IPV4•线路6
广东少儿,http://www.yahao.host:4022/udp/239.77.0.250:5146$IPV4•线路7
广东少儿,http://63.141.230.178:82/gslb/zbdq5.m3u8?id=gdtvs5%24IPV4%E2%80%A2%E7%BA%BF%E8%B7%AF8
广东少儿,http://bak.dou.ddns-ip.net/api.php?n=cctvxxx&id=6ar7S3&tk=zUr4K92Dl6kh%24IPV4%E2%80%A2%E7%BA%BF%E8%B7%AF9
广东少儿,http://154.12.37.196:5555/tvbox/公众号好享生活小助手/接口获取/代理.php?id=http%3A%2F%2F38.75.136.137%3A82%2Flive1%2Fjsb1.m3u8%3Fid%3Dgdtvs5&usign=%24IPV4%E2%80%A2%E7%BA%BF%E8%B7%AF10
广东少儿,http://gmxw.7766.org:808/hls/175/index.m3u8$IPV4•线路11
广东少儿,http://119.32.12.17:2901/udp/224.1.100.9:11111$IPV4•线路12
CHC高清电影,rtsp://183.59.56.116:554/PLTV/88888905/224/3221230008/10000100000000060000000010481261_0.smil?0=&accountinfo=~~V2.0~08zSQD91Uwj13p7HUFLHNw~zJeEdQQK6GK7r2Q5jZjxjKYhZiHklGs8wg1XyXUSKdk5d8f2s2AYjzO2-qcyDeaExan3Pra4cuU_Whoju6BKGf666OGX7-GKwJrfpZjwyfM~ExtInfoWNHSPSTb+3AG0FnUkYLPMw%3D-1%2C0%2C1%2C%2C%2C2%2C%2C%2C%2C2%2CEND&GuardEncType=2%24IPV4%E2%80%A2%E7%BA%BF%E8%B7%AF1
CHC高清电影,http://60.255.240.247:8090/live/lnwsCHC-HDH265_4000.m3u8$IPV4•线路2
CHC高清电影,http://124.165.232.26:8085/rtp/226.0.2.93:8004$IPV4•线路3
CHC高清电影,http://124.165.232.26:8084/rtp/226.0.2.93:8004$IPV4•线路4
CHC高清电影,http://124.165.232.26:8082/rtp/226.0.2.93:8004$IPV4•线路5
CHC高清电影,http://39.87.249.126:8090/udp/239.253.254.154:8000$IPV4•线路6
CHC高清电影,http://183.237.95.108:9901/tsfile/live/1008_1.m3u8$IPV4•线路7
NewTV惊悚悬疑,http://1.94.31.214/php/py/k-web/ku9/py/socks5.py?ip=111.43.114.137%3A1080&u=http%3A%2F%2Fottrrs.hl.chinamobile.com%2FPLTV%2F88888888%2F224%2F3221225665%2Findex.m3u8%24IPV4%E2%80%A2%E7%BA%BF%E8%B7%AF1
NewTV惊悚悬疑,http://gslbserv.itv.cmvideo.cn:80/1.m3u8?channel-id=FifastbLive&Contentid=1000000004000024282&livemode=1&stbId=yu&mode=1&%24IPV4%E2%80%A2%E7%BA%BF%E8%B7%AF2=
NewTV惊悚悬疑,http://gslbserv.itv.cmvideo.cn:80/1.m3u8?channel-id=FifastbLive&Contentid=7151256057701199617&livemode=1&stbId=yu&mode=1&%24IPV4%E2%80%A2%E7%BA%BF%E8%B7%AF3=
NewTV惊悚悬疑,http://php.jdshipin.com/TVOD/hnyd.php?id=200000001898%2F460000089800010077%24IPV4%E2%80%A2%E7%BA%BF%E8%B7%AF4
NewTV惊悚悬疑,http://ottrrs.hl.chinamobile.com/PLTV/88888888/224/3221225665/index.m3u8$IPV4•线路5
NewTV动作电影,http://1.94.31.214/php/py/k-web/ku9/py/socks5.py?ip=111.43.114.137%3A1080&u=http%3A%2F%2Fottrrs.hl.chinamobile.com%2FPLTV%2F88888888%2F224%2F3221225661%2Findex.m3u8%24IPV4%E2%80%A2%E7%BA%BF%E8%B7%AF1
NewTV动作电影,http://gslbserv.itv.cmvideo.cn:80/1.m3u8?channel-id=FifastbLive&Contentid=1000000004000018653&livemode=1&stbId=yu&mode=1&%24IPV4%E2%80%A2%E7%BA%BF%E8%B7%AF2=
NewTV动作电影,http://gslbserv.itv.cmvideo.cn:80/1.m3u8?channel-id=FifastbLive&Contentid=8103864434730665389&livemode=1&stbId=yu&mode=1&%24IPV4%E2%80%A2%E7%BA%BF%E8%B7%AF3=
NewTV动作电影,http://php.jdshipin.com/TVOD/hnyd.php?id=200000001898%2F460000089800010003%24IPV4%E2%80%A2%E7%BA%BF%E8%B7%AF4
NewTV动作电影,http://ott.mobaibox.com/PLTV/3/224/3221227606/index.m3u8$IPV4•线路5
NewTV动作电影,https://iptv.catvod.com/live.php?id=NewTV%E5%8A%A8%E4%BD%9C%E7%94%B5%E5%BD%B1%24IPV4%E2%80%A2%E7%BA%BF%E8%B7%AF6
NewTV动作电影,http://39.134.182.166/hwltc.tv.cdn.zj.chinamobile.com/PLTV/88888888/224/3221236183/index.m3u8$IPV4•线路7
纬来电影,http://live4play.uk/livehttpplay?channel_id=20199%24IPV4%E2%80%A2%E7%BA%BF%E8%B7%AF1
纬来电影,http://rihou.cc:555/tv/纬来电影$IPV4•线路2
纬来电影,http://31.43.191.125:8080/vip6821768502490/6c17bae55394/34852$IPV4•线路3
纬来电影,https://cdn.19891230.eu.org/api/VL-Movies/index.m3u8$IPV4•线路4
纬来电影,http://gat.xyys.site/cdnlive-fusion.php?mode=play&id=fc7ad76c4c1e493876beef7019fd3497&token=%2A%2A%2A
纬来电影,http://125.94.244.29:2101/1234.php?id=30&s=4%24IPV4%E2%80%A2%E7%BA%BF%E8%B7%AF6
纬来电影,http://kt.hmysapp.cn:222/cdnlive.php?mode=play&id=fc7ad76c4c1e493876beef7019fd3497&token=%2A%2A%2A
纬来电影,http://kt.hmysapp.cn:222/cdnlive.php?mode=play%3Bid%3Dfc7ad76c4c1e493876beef7019fd3497%3Btoken%3DFT48WqcKMPn8MU6x26sDLPrfK18EQx4Q%3Btype%3Dmobile2026Acc3iL%24IPV4%E2%80%A2%E7%BA%BF%E8%B7%AF8
纬来电影,https://hls-gateway.vpstv.net/streams/477063.m3u8$IPV4•线路9
靖天映画,https://cdn12.178.indevs.in/163189/jtyh$IPV4•线路1
靖天映画,https://cdn12.178.indevs.in/163189/bd4752bd7828b2bf$IPV4•线路2
靖天映画,http://220.135.64.124:5050/of-4gtv-4gtv055/index.m3u8?proxy=true%24IPV4%E2%80%A2%E7%BA%BF%E8%B7%AF3
靖天映画,http://31.43.191.125:8080/vip6821768502490/6c17bae55394/34838$IPV4•线路4
靖天映画,http://tv123.cc.cd/live.php?ch=2168&sid=bb85038aa079a4774398a0f5e26bcabe&exp=1789061204&sig=794f1f04af72c1f9b153f707690e58915dac3cc5f954e01c4c4993fec1e4ed41%24IPV4%E2%80%A2%E7%BA%BF%E8%B7%AF5
靖天映画,https://cdn.qd.je/163189/jtyh$IPV4•线路6
靖天映画,http://125.94.244.29:2101/1234.php?id=40&s=4%24IPV4%E2%80%A2%E7%BA%BF%E8%B7%AF7
靖天映画,http://kt.hmysapp.cn:222/cdnlive.php?mode=play%3Bid%3Dffba776b236f4d5b0b73d6a233828ada%3Btoken%3DFT48WqcKMPn8MU6x26sDLPrfK18EQx4Q%3Btype%3Dmobile2026Acc3iL%24IPV4%E2%80%A2%E7%BA%BF%E8%B7%AF8
靖天映画,http://breezy-audrie-zspace-7524863c.koyeb.app/vipsir?token=%2A%2A%2A&id=4gtv-4gtv055%24IPV4%E2%80%A2%E7%BA%BF%E8%B7%AF9
靖天映画,https://litv.tzh911.qzz.io/litv.php?id=4gtv-4gtv055&token=%2A%2A%2A
靖天映画,https://hls-gateway.vpstv.net/streams/476302.m3u8$IPV4•线路11
靖天映画,http://31.43.191.125:8080/vip6821768502490/6c17bae55394/34838$IPV4•线路12
靖天戏剧,http://220.135.64.124:5050/of-4gtv-4gtv058/index.m3u8?proxy=true%24IPV4%E2%80%A2%E7%BA%BF%E8%B7%AF1
靖天戏剧,http://kt.hmysapp.cn:222/cdnlive.php?mode=play%3Bid%3D7523f262f2a702630ac401b50879c11c%3Btoken%3DFT48WqcKMPn8MU6x26sDLPrfK18EQx4Q%3Btype%3Dmobile2026Acc3iL%24IPV4%E2%80%A2%E7%BA%BF%E8%B7%AF2
靖天戏剧,http://breezy-audrie-zspace-7524863c.koyeb.app/vipsir?token=%2A%2A%2A&id=4gtv-4gtv058%24IPV4%E2%80%A2%E7%BA%BF%E8%B7%AF3
靖天戏剧,https://cdn12.178.indevs.in/163189/177d541552f78003$IPV4•线路4
靖天戏剧,https://litv.tzh911.qzz.io/litv.php?id=4gtv-4gtv058&token=%2A%2A%2A
艾尔达娱乐,http://stream.hrbtv.net/ylpd/sd/live.m3u8$IPV4•线路1
艾尔达娱乐,https://stream.hrbtv.net/ylpd/sd/live.m3u8$IPV4•线路2
2026-08-27 14:06:22,http://63.141.230.178:82/gslb/zbdq5.m3u8?id=cctv1hd
女性时尚,http://38.75.136.137:98/gslb/dsdqpub/nxss.m3u8?auth=%2A%2A%2A
女性时尚,http://63.141.230.178:82/gslb/zbdq5.m3u8?id=nxss
女性时尚,http://207.56.13.146:81/cdnlive/nxss.m3u8
电视指南,http://63.141.230.178:82/gslb/zbdq5.m3u8?id=dszn
香港卫视,http://cctvtxyh5c.liveplay.myqcloud.com/cstv/xianggangweishi_2/index.m3u8
香港卫视,https://stream1.freetv.fun/5335c88a9a7d8b74173b491f480d4f94e8d3bd596af54478106aa2399e6c7917.ctv
香港卫视,https://stream1.freetv.fun/c751876ae5ceaa0d82b5cf2badc152342aa92a4b45bf504d12ee45966b2fc644.ctv
香港卫视,https://stream1.freetv.fun/5335c88a9a7d8b74173b491f480d4f94e8d3bd596af54478106aa2399e6c7917.m3u8
香港卫视,https://stream1.freetv.fun/ae7eaf28d8610cdc1651ef6a1f7dbb24b49c5a87627d0d881330afaea37a1616.m3u8
浙江钱江,https://ali-m-l.cztv.com/channels/lantian/channel002/1080p.m3u8
浙江钱江都市,https://t.freetv.fun/live/zhe-jiang-qian-jiang-du-shi-1.m3u8
浙江钱江都市,https://t.freetv.fun/live/zhe-jiang-qian-jiang-du-shi-2.m3u8
浙江钱江都市,https://t.freetv.fun/live/zhe-jiang-qian-jiang-du-shi-3.m3u8
浙江钱江都市,http://ali-xwl.cztv.com/live/channel021080Plxw.m3u8
浙江钱江都市,http://ali-xwl.cztv.com/live/channel02720Plxw.m3u8
浙江生活,http://ls.qingting.fm/live/1099.m3u8
浙江经济生活,https://ali-m-l.cztv.com/channels/lantian/channel003/1080p.m3u8
浙江经济生活,http://ali-m-l.cztv.com/channels/lantian/channel03/1080p.m3u8
浙江教育,http://ali-m-l.cztv.com/channels/lantian/channel04/720p.m3u8
浙江民生,https://ali-m-l.cztv.com/channels/lantian/channel006/1080p.m3u8
浙江民生,http://ali-m-l.cztv.com/channels/lantian/channel06/720p.m3u8
浙江新闻,https://ali-m-l.cztv.com/channels/lantian/channel007/1080p.m3u8
浙江新闻,http://ali-m-l.cztv.com/channels/lantian/channel007/720p.m3u8
浙江少儿,https://ali-m-l.cztv.com/channels/lantian/channel008/1080p.m3u8
浙江少儿,https://ali-m-l.cztv.com/channels/lantian/channel008/1080p.m3u8
杭州综合,https://stream1.freetv.fun/hang-zhou-zong-he-3.ctv
杭州综合,https://stream1.freetv.fun/hang-zhou-zong-he-2.ctv
杭州明珠,https://stream1.freetv.fun/hang-zhou-ming-zhu-2.ctv
杭州明珠,https://stream1.freetv.fun/hang-zhou-ming-zhu-1.ctv
杭州生活,https://stream1.freetv.fun/hang-zhou-sheng-huo-1.ctv
杭州生活,https://stream1.freetv.fun/hang-zhou-sheng-huo-2.ctv
杭州生活,https://stream1.freetv.fun/hang-zhou-sheng-huo-3.ctv
杭州影视,https://stream1.freetv.fun/hang-zhou-ying-shi-2.ctv
浙江教科,http://ali-m-l.cztv.com/channels/lantian/channel004/1080p.m3u8
浙江教科,https://ali-m-l.cztv.com/channels/lantian/channel004/1080p.m3u8
浙江经济,http://ali-m-l.cztv.com/channels/lantian/channel003/1080p.m3u8
浙江经济,https://ali-m-l.cztv.com/channels/lantian/channel003/1080p.m3u8
浙江经济,http://ali-m-l.cztv.com/channels/lantian/channel03/720p.m3u8
之江纪录,http://ali-m-l.cztv.com/channels/lantian/channel012/1080p.m3u8
之江纪录,https://ali-m-l.cztv.com/channels/lantian/channel12/720p.m3u8
浙江国际,http://ali-m-l.cztv.com/channels/lantian/channel010/1080p.m3u8
浙江国际,https://ali-m-l.cztv.com/channels/lantian/channel010/1080p.m3u8
嘉兴新闻综合,http://live.zohi.tv/video/s10001-fztv-1/index.m3u8
湖州公共,https://stream1.freetv.fun/hu-zhou-gong-gong-9.m3u8
湖州公共,https://stream1.freetv.fun/hu-zhou-gong-gong-3.m3u8
湖州公共,https://stream1.freetv.fun/hu-zhou-gong-gong-1.m3u8
湖州公共,https://t.freetv.fun/live/hu-zhou-gong-gong-1.m3u8
湖州公共,https://t.freetv.fun/live/hu-zhou-gong-gong-2.m3u8
湖州新闻综合,http://hzcm-live.media.hugd.com/3f5fa7d64c7c46a38c6bd8ad35e836cc/65128273761b4731ae53729ea6dcf932.m3u8?auth_key=%2A%2A%2A
湖州文化娱乐,http://hzcm-live.media.hugd.com/613c47f0ab0d4eaa98b21378d0db6ded/0051d31c9dd543a7825eea4e49675b2a.m3u8?auth_key=%2A%2A%2A
浙江经视,http://ali-m-l.cztv.com/channels/lantian/channel003/720p.m3u8
浙江民生休闲,https://stream1.freetv.fun/zhe-jiang-min-sheng-10.m3u8
浙江民生休闲,https://stream1.freetv.fun/zhe-jiang-min-sheng-2.m3u8
浙江民生休闲,https://stream1.freetv.fun/zhe-jiang-min-sheng-5.m3u8
浙江民生休闲,https://stream1.freetv.fun/zhe-jiang-min-sheng-9.m3u8
浙江民生休闲,https://stream1.freetv.fun/zhe-jiang-min-sheng-8.m3u8
浙江数码时代,http://ali-m-l.cztv.com/channels/lantian/channel12/720p.m3u8
浙江数码时代,http://ali-m-l.cztv.com/channels/lantian/channel12/720p.m3u8?zzhed=
浙江教科影视,http://ali-m-l.cztv.com/channels/lantian/channel04/1080p.m3u8
浙江公共新闻,http://ali-m-l.cztv.com/channels/lantian/channel07/1080p.m3u8
浙江公共新闻,http://ali-m-l.cztv.com/channels/lantian/channel007/1080p.m3u8
浙江休闲台,http://ali-m-l.cztv.com/channels/lantian/channel006/720p.m3u8
浙江遂昌,http://l.cztvcloud.com/channels/lantian/SXsuichang1/720p.m3u8
诸暨新闻综合,https://l.cztvcloud.com/channels/lantian/SXzhuji3/720p.m3u8
诸暨新闻综合,http://l.cztvcloud.com/channels/lantian/SXzhuji3/720p.m3u8?zzhed=
龙游生活娱乐,http://l.cztvcloud.com/channels/lantian/SXlongyou2/720p.m3u8?zzhed=
龙游新闻综合,http://l.cztvcloud.com/channels/lantian/SXlongyou1/720p.m3u8?zzhed=
龙泉新闻综合,http://l.cztvcloud.com/channels/lantian/SXlongquan1/720p.m3u8
青田电视台,http://l.cztvcloud.com/channels/lantian/SXqingtian1/720p.m3u8
遂昌综合,http://l.cztvcloud.com/channels/lantian/SXsuichang1/720p.m3u8?zzhed=
象山综合,http://play-sh13.quklive.com/live/1702360350551252.m3u8?auth_key=%2A%2A%2A
象山综合,http://l.cztvcloud.com/channels/lantian/SXxiangshan1/720p.m3u8
象山新闻综合,http://l.cztvcloud.com/channels/lantian/SXxiangshan1/720p.m3u8
衢江新闻综合,https://stream1.freetv.fun/qu-jiang-xin-wen-zong-he-1.m3u8
衢江新闻综合,https://stream1.freetv.fun/qu-jiang-xin-wen-zong-he-1.ctv
衢江新闻综合,https://stream1.freetv.fun/qu-jiang-xin-wen-zong-he-2.m3u8
衢江新闻综合,https://stream1.freetv.fun/qu-jiang-xin-wen-zong-he-3.m3u8
衢江新闻综合,https://t.freetv.fun/live/qu-jiang-xin-wen-zong-he.m3u8
萧山生活,http://l.cztvcloud.com/channels/lantian/SXxiaoshan2/720p.m3u8
萧山生活,https://l.cztvcloud.com/channels/lantian/SXxiaoshan2/720p.m3u8
萧山生活,http://l.cztvcloud.com/channels/lantian/SXxiaoshan2/720p.m3u8?zzhed=
萧山生活,http://l.cztvcloud.com/channels/lantian/SXxiaoshan2/720p.m3u8?zzhed%3F=
萧山新闻综合,https://stream1.freetv.fun/xiao-shan-xin-wen-zong-he-6.m3u8
萧山新闻综合,https://stream1.freetv.fun/xiao-shan-xin-wen-zong-he-2.m3u8
萧山新闻综合,https://stream1.freetv.fun/xiao-shan-xin-wen-zong-he-8.m3u8
萧山新闻综合,https://stream1.freetv.fun/xiao-shan-xin-wen-zong-he-9.m3u8
萧山新闻综合,https://stream1.freetv.fun/xiao-shan-xin-wen-zong-he-4.m3u8
苍南新闻综合,https://stream1.freetv.fun/cang-nan-xin-wen-zong-he-5.m3u8
苍南新闻综合,https://stream1.freetv.fun/cang-nan-xin-wen-zong-he-1.m3u8
苍南新闻综合,https://stream1.freetv.fun/cang-nan-xin-wen-zong-he-4.ctv
苍南新闻综合,https://stream1.freetv.fun/cang-nan-xin-wen-zong-he-3.m3u8
苍南新闻综合,https://t.freetv.fun/live/cang-nan-xin-wen-zong-he-1.m3u8
缙云综合,http://l.cztvcloud.com/channels/lantian/SXjinyun1/720p.m3u8?zzhed%3F=
缙云综合,http://l.cztvcloud.com/channels/lantian/SXjinyun1/720p.m3u8?zzhed=
缙云新闻综合,http://l.cztvcloud.com/channels/lantian/SXjinyun1/720p.m3u8
绍兴电视台公共,http://live.shaoxing.com.cn/video/s10001-sxtv2/index.m3u8?%E5%85%B3%E6%B3%A8%E5%BE%AE%E4%BF%A1%E5%85%AC%E4%BC%97%E5%8F%B7%5B%E6%99%B4%E5%9B%AD%5D=
绍兴新闻综合,https://stream1.freetv.fun/shao-xing-xin-wen-zong-he-4.m3u8
绍兴新闻综合,https://stream1.freetv.fun/shao-xing-xin-wen-zong-he-3.m3u8
绍兴新闻综合,https://stream1.freetv.fun/shao-xing-xin-wen-zong-he-2.m3u8
绍兴新闻综合,https://t.freetv.fun/live/shao-xing-xin-wen-zong-he-2.m3u8
绍兴新闻综合,https://t.freetv.fun/live/shao-xing-xin-wen-zong-he-3-1.m3u8
绍兴文化影院,https://stream1.freetv.fun/shao-xing-wen-hua-ying-yuan-1.m3u8
绍兴文化影院,https://stream1.freetv.fun/shao-xing-wen-hua-ying-yuan-4.m3u8
绍兴文化影院,https://stream1.freetv.fun/shao-xing-wen-hua-ying-yuan-3.m3u8
绍兴文化影院,https://stream1.freetv.fun/shao-xing-wen-hua-ying-yuan-2.m3u8
绍兴文化影院,https://t.freetv.fun/live/shao-xing-wen-hua-ying-yuan-2.m3u8
绍兴文化影视,https://stream1.freetv.fun/shao-xing-wen-hua-ying-shi-1.m3u8
绍兴文化影视,https://t.freetv.fun/live/shao-xing-wen-hua-ying-shi-1.m3u8
绍兴公共,https://stream1.freetv.fun/shao-xing-gong-gong-2.m3u8
绍兴公共,https://stream1.freetv.fun/shao-xing-gong-gong-3.m3u8
绍兴公共,https://stream1.freetv.fun/shao-xing-gong-gong-7.m3u8
绍兴公共,https://stream1.freetv.fun/shao-xing-gong-gong-8.m3u8
绍兴公共,https://stream1.freetv.fun/shao-xing-gong-gong-1.m3u8
湖州公共民生,http://hzcm-live.media.hugd.com/1e6b554b9ab74513958c0e1ffe664d22/9acaa7634309494cb29a85eb12136607.m3u8?auth_key=%2A%2A%2A
海宁新闻综合,https://p2hs.vzan.com/slowlive/317913155078575177/live.m3u8
洞头综合,http://l.cztvcloud.com/channels/lantian/SXdongtou1/720p.m3u8
洞头综合,http://l.cztvcloud.com/channels/lantian/SXdongtou1/720p.m3u8?zzhed%3F=
永嘉新闻综合,https://stream1.freetv.fun/yong-jia-xin-wen-zong-he-4.m3u8
永嘉新闻综合,https://stream1.freetv.fun/yong-jia-xin-wen-zong-he-2.m3u8
永嘉新闻综合,https://stream1.freetv.fun/yong-jia-xin-wen-zong-he-3.ctv
永嘉新闻综合,https://t.freetv.fun/live/yong-jia-xin-wen-zong-he-1.m3u8
永嘉新闻综合,https://t.freetv.fun/live/yong-jia-xin-wen-zong-he.m3u8
武义新闻综合,https://stream1.freetv.fun/wu-yi-xin-wen-zong-he-3.m3u8
武义新闻综合,http://l.cztvcloud.com/channels/lantian/SXwuyi1/720p.m3u8
武义新闻综合,http://l.cztvcloud.com/channels/lantian/SXwuyi1/720p.m3u8?zzhed=
松阳综合,http://l.cztvcloud.com/channels/lantian/SXsongyang1/720p.m3u8?zzhed%3F=
松阳综合,http://l.cztvcloud.com/channels/lantian/SXsongyang1/720p.m3u8
普陀电视台,http://l.cztvcloud.com/channels/lantian/SXputuo1/720p.m3u8
普陀新闻综合,http://l.cztvcloud.com/channels/lantian/SXputuo1/720p.m3u8
新昌生活,http://l.cztvcloud.com/channels/lantian/SXxinchang2/720p.m3u8
新昌新闻综合,https://stream1.freetv.fun/xin-chang-xin-wen-zong-he-4.m3u8
新昌新闻综合,https://stream1.freetv.fun/xin-chang-xin-wen-zong-he-5.ctv
新昌新闻综合,https://t.freetv.fun/live/xin-chang-xin-wen-zong-he.m3u8
新昌新闻综合,https://l.cztvcloud.com/channels/lantian/SXxinchang1/720p.m3u8
文成综合,http://l.cztvcloud.com/channels/lantian/SXwencheng1/720p.m3u8?zzhed=
文成综合,http://l.cztvcloud.com/channels/lantian/SXwencheng1/720p.m3u8?zzhed%3F=
文成新闻综合,http://l.cztvcloud.com/channels/lantian/SXwencheng1/720p.m3u8
数码时代,http://ali-m-l.cztv.com/channels/lantian/channel12/720p.m3u8?zzhed=
开化新闻综合,https://stream1.freetv.fun/kai-hua-xin-wen-zong-he-1.m3u8
开化新闻综合,https://stream1.freetv.fun/kai-hua-xin-wen-zong-he-2.ctv
开化新闻综合,http://l.cztvcloud.com/channels/lantian/SXkaihua1/720p.m3u8?zzhed=
开化国家公园,http://l.cztvcloud.com/channels/lantian/SXkaihua2/720p.m3u8zzhed
开化国家公园,http://l.cztvcloud.com/channels/lantian/SXkaihua2/720p.m3u8?zzhed=
开化国家公园,http://l.cztvcloud.com/channels/lantian/SXkaihua2/720p.m3u8
开化国家公园,http://l.cztvcloud.com/channels/lantian/SXkaihua2/720p.m3u8?zzhed=#http://l.cztvcloud.com/channels/lantian/SXkaihua2/720p.m3u8zzhed#http://l.cztvcloud.com/channels/lantian/SXkaihua2/720p.m3u8
庆元综合,http://l.cztvcloud.com/channels/lantian/SXqingyuan1/720p.m3u8?zzhed%3F=
庆元综合,http://l.cztvcloud.com/channels/lantian/SXqingyuan1/720p.m3u8
庆元新闻综合,http://l.cztvcloud.com/channels/lantian/SXqingyuan1/720p.m3u8?fbl=
平湖民生休闲,http://l.cztvcloud.com/channels/lantian/SXpinghu2/720p.m3u8
平湖民生休闲,http://l.cztvcloud.com/channels/lantian/SXpinghu2/720p.m3u8?zzhed=
平湖新闻综合,https://stream1.freetv.fun/ping-hu-xin-wen-zong-he-2.m3u8
平湖新闻综合,https://stream1.freetv.fun/ping-hu-xin-wen-zong-he-1.m3u8
平湖新闻综合,https://stream1.freetv.fun/ping-hu-xin-wen-zong-he-3.m3u8
平湖新闻综合,https://stream1.freetv.fun/ping-hu-xin-wen-zong-he-5.m3u8
平湖新闻综合,https://t.freetv.fun/live/ping-hu-xin-wen-zong-he-1.m3u8
嵊泗综合,https://stream1.freetv.fun/sheng-zhou-xin-wen-zong-he-2.ctv
嵊泗综合,https://stream1.freetv.fun/sheng-zhou-xin-wen-zong-he-1.m3u8
嵊泗综合,http://l.cztvcloud.com/channels/lantian/SXshengsi1/720p.m3u8
嵊泗综合,http://l.cztvcloud.com/channels/lantian/SXshengzhou1/720p.m3u8?zzhed=
嵊州新闻综合,https://stream1.freetv.fun/sheng-zhou-xin-wen-zong-he-1.m3u8
嵊州新闻综合,http://l.cztvcloud.com/channels/lantian/SXshengzhou1/720p.m3u8?zzhed=
嵊州新闻综合,http://l.cztvcloud.com/channels/lantian/SXshengzhou1/720p.m3u8?zzhed=#http://l.cztvcloud.com/channels/lantian/SXshengzhou1/720p.m3u8
兰溪新闻综合,https://stream1.freetv.fun/lan-xi-xin-wen-zong-he-1.m3u8
兰溪新闻综合,https://stream1.freetv.fun/lan-xi-xin-wen-zong-he-3.m3u8
兰溪新闻综合,https://t.freetv.fun/live/lan-xi-xin-wen-zong-he-1.m3u8
兰溪新闻综合,https://t.freetv.fun/live/lan-xi-xin-wen-zong-he.m3u8
兰溪新闻综合,http://l.cztvcloud.com/channels/lantian/SXlanxi1/720p.m3u8
余杭综合,http://l.cztvcloud.com/channels/lantian/SXyuhang1/720p.m3u8?zzhed=
余杭综合,http://l.cztvcloud.com/channels/lantian/SXyuhang1/720p.m3u8
余杭未来E,http://l.cztvcloud.com/channels/lantian/SXyuhang3/720p.m3u8?zzhed=
余杭未来E,http://l.cztvcloud.com/channels/lantian/SXyuhang3/720p.m3u8
余姚综合,https://l.cztvcloud.com/channels/lantian/SXyuyao1/720p.m3u8
余姚综合,http://l.cztvcloud.com/channels/lantian/SXyuyao1/720p.m3u8?zzhed=
余姚综合,http://l.cztvcloud.com/channels/lantian/SXyuyao1/720p.m3u8
余姚新闻综合,http://l.cztvcloud.com/channels/lantian/SXyuyao1/720p.m3u8
余姚新闻综合,http://l.cztvcloud.com/channels/lantian/SXyuyao1/720p.m3u8?cWlkPSZzPTg3OWMwYmMyZDMzYTFhZGY3NDQxMjgyYTg1MmUzNTY0JmVzPTE3MDY2Nzc4NzMmdXVpZD0yMjdiY2MzNGNiNGY0MThlYjRiY2IxYzcwNmZjODNkMS02NzQ3NDY2NyZ2PTImYXM9MCZjZG5leF9pZD10eF9waG9uZV9saXZl=
余姚姚江文化,https://l.cztvcloud.com/channels/lantian/SXyuyao3/720p.m3u8
余姚姚江文化,http://l.cztvcloud.com/channels/lantian/SXyuyao3/720p.m3u8?zzhed=
云和新闻综合,http://l.cztvcloud.com/channels/lantian/SXyunhe1/720p.m3u8?zzhed=
云和新闻综合,http://l.cztvcloud.com/channels/lantian/SXyunhe1/720p.m3u8
中国蓝新闻,http://ali-m-l.cztv.com/channels/lantian/channel009/1080p.m3u8
东阳影视生活,http://l.cztvcloud.com/channels/lantian/SXdongyang1/720p.m3u8
上虞新闻综合,http://l.cztvcloud.com/channels/lantian/SXshangyu1/720p.m3u8?zzhed=
上虞新商都,https://stream1.freetv.fun/shang-yu-xin-shang-du-4.m3u8
上虞新商都,https://stream1.freetv.fun/shang-yu-xin-shang-du-2.m3u8
上虞新商都,https://stream1.freetv.fun/shang-yu-xin-shang-du-3.m3u8
上虞新商都,https://stream1.freetv.fun/shang-yu-xin-shang-du-5.m3u8
上虞新商都,https://stream1.freetv.fun/shang-yu-xin-shang-du-1.m3u8
上虞文化影院,https://stream1.freetv.fun/shang-yu-wen-hua-ying-yuan-2.ctv
上虞文化影院,https://stream1.freetv.fun/shang-yu-wen-hua-ying-yuan-1.m3u8
上虞文化影院,https://stream1.freetv.fun/shang-yu-wen-hua-ying-yuan-3.ctv
上虞文化影院,https://stream1.freetv.fun/shang-yu-wen-hua-ying-yuan-4.ctv
上虞文化影院,https://t.freetv.fun/live/shang-yu-wen-hua-ying-yuan.m3u8
北京新闻,https://satellitepull.cnr.cn/live/wxbjxwgb/playlist.m3u8
北京新闻,http://iptv.huuc.edu.cn/hls/btv9hd.m3u8
北京新闻,http://[2409:8087:1:20:20::2a]/otttv.bj.chinamobile.com/PLTV/88888888/224/3221226437/1.m3u8?GuardEncType=2&accountinfo=~~V2.0~ncK5uEAdYwWMsf8WJWI1mQ~_eNUbgU9sJGUcVVduOMKhafLvQUgE_zlz_7pvDimJNO_LSIQh_h2P54Cz-MqgJqC%2CEND
北京生活,https://migu.188766.xyz/?migutoken=%2A%2A%2A&id=%E5%8C%97%E4%BA%ACi%E7%94%9F%E6%B4%BB&type=yy
北京生活,https://migu.188766.xyz/?migutoken=%2A%2A%2A&id=%E5%8C%97%E4%BA%ACi%E7%94%9F%E6%B4%BB&type=yy
北京生活,https://migu.188766.xyz/?migutoken=%2A%2A%2A&id=%E5%8C%97%E4%BA%ACi%E7%94%9F%E6%B4%BB&type=yy
北京生活,https://migu.188766.xyz/?migutoken=%2A%2A%2A&id=%E5%8C%97%E4%BA%ACi%E7%94%9F%E6%B4%BB&type=yy
北京生活,https://migu.188766.xyz/?migutoken=%2A%2A%2A&id=%E5%8C%97%E4%BA%ACi%E7%94%9F%E6%B4%BB&type=yy
北京科教,http://120.76.248.139/live/bfgd/4200000113.m3u8
北京财经,https://migu.188766.xyz/?migutoken=%2A%2A%2A&id=%E5%8C%97%E4%BA%AC%E8%B4%A2%E7%BB%8F&type=yy
北京财经,https://migu.188766.xyz/?migutoken=%2A%2A%2A&id=%E5%8C%97%E4%BA%AC%E8%B4%A2%E7%BB%8F&type=yy
北京财经,https://migu.188766.xyz/?migutoken=%2A%2A%2A&id=%E5%8C%97%E4%BA%AC%E8%B4%A2%E7%BB%8F&type=yy
北京财经,https://migu.188766.xyz/?migutoken=%2A%2A%2A&id=%E5%8C%97%E4%BA%AC%E8%B4%A2%E7%BB%8F&type=yy
北京财经,https://migu.188766.xyz/?migutoken=%2A%2A%2A&id=%E5%8C%97%E4%BA%AC%E8%B4%A2%E7%BB%8F&type=yy
七彩戏剧,http://t.061899.xyz/tl/tl.php?id=qcxj
上海外语,http://t.061899.xyz/tl/tl.php?id=shics
上海新闻综合,http://t.061899.xyz/tl/tl.php?id=shxwzh
上海第一财经,https://satellitepull.cnr.cn/live/wx32dycjgb/playlist.m3u8
上海纪实,http://iptv.huuc.edu.cn/hls/docuchina.m3u8
上海纪实,https://stream1.freetv.fun/ipv6-shang-hai-ji-shi-ren-wen-2.m3u8
上海纪实,https://stream1.freetv.fun/ipv6-shang-hai-ji-shi-ren-wen-3.m3u8
上海纪实,https://stream1.freetv.fun/ipv6-shang-hai-ji-shi-ren-wen-5.m3u8
上海纪实,https://stream1.freetv.fun/shang-hai-ji-shi-ren-wen-1.m3u8
上海都市,https://zby.130519.xyz/PLTV/11/224/3221225749/index.m3u8
上海都市,https://migu.188766.xyz/?migutoken=%2A%2A%2A&id=shds&type=sz
上海都市,https://stream1.freetv.fun/ipv6-shang-hai-du-shi-3.m3u8
上海都市,https://stream1.freetv.fun/ipv6-shang-hai-du-shi-8.m3u8
上海都市,https://stream1.freetv.fun/ipv6-shang-hai-du-shi-4.m3u8
东方影视,https://zby.130519.xyz/PLTV/11/224/3221225744/index.m3u8
东方影视,https://live.chinacert.cftest5.cn/cnmg/live/617290047
崇明电视台,https://pili-live-hls.wdit.com.cn/wditlive/c038f4fafbdf4f97ba74c74ad67259b931ee.m3u8
新闻综合,https://m3u8channel.yunxya.com/nmip-media/channellive/channel100028/playlist.m3u8
法治天地,https://zby.130519.xyz/PLTV/11/224/3221225994/index.m3u8
法治天地,http://[2409:8087:5e01:24::16]:6610/000000001000/2000000002000000014/index.m3u8?stbId=3&livemode=1&HlsProfileId=&channel-id=hnbblive&Contentid=2000000002000000014&IASHttpSessionId=OTT19019320240419154124000281
生活时尚,https://zby.130519.xyz/PLTV/11/224/3221225768/index.m3u8
生活时尚,https://stream1.freetv.fun/sheng-huo-shi-shang-13.m3u8
生活时尚,https://stream1.freetv.fun/sheng-huo-shi-shang-17.ctv
生活时尚,https://stream1.freetv.fun/sheng-huo-shi-shang-9.ctv
生活时尚,https://stream1.freetv.fun/sheng-huo-shi-shang-29.m3u8
纪实人文,http://ottrrs.hl.chinamobile.com/PLTV/88888888/224/3221225738/index.m3u8
纪实人文,https://stream1.freetv.fun/ipv6-ji-shi-ren-wen-12.m3u8
都市剧场,http://38.75.136.137:98/gslb/dsdqpub/dsjchd.m3u8?auth=%2A%2A%2A
都市剧场,https://satellitepull.cnr.cn/live/wxcqxwgb/playlist.m3u8
都市剧场,https://zby.130519.xyz/PLTV/11/224/3221225762/index.m3u8
都市剧场,https://zby.130519.xyz/PLTV/11/224/3221226155/index.m3u8
都市剧场,https://hls-gateway.vpstv.net/streams/708845.m3u8
万源新闻综合,http://live.wanyuannews.com/wytv/hd/live.m3u8?zsicd=
万州综合,http://wanzhoulive.cbg.cn:8017/iTXwrGs/800/live.m3u8
万州三峡移民,http://123.146.162.24:8017/c2F0hmi/1000/live.m3u8
重庆新闻,http://38.75.136.137:98/gslb/dsdqpub/cqxw.m3u8?auth=%2A%2A%2A
东海新闻,http://iptv.666230.xyz/iptv/jsyd.php/jsdonghaixinwen
六合新闻综合,http://p2hs.vzan.com/720020/432453820030502236/live.m3u8
南京十八,https://mgtv.ottiptv.cc/migu/838151753.m3u8?migutoken=%2A%2A%2A
南京十八,http://gslbmgsplive.miguvideo.com/migu/kailu/nanjingsb/50/20230719/index.m3u8?msisdn=202509190801349730ff2fd0254ae4ad096d68d3fc7f35&mdspid=&spid=699067&netType=0&sid=5910021864&pid=2028597139&timestamp=20250919080134&Channel_ID=0116_2600000900-99000-201600010010027&ProgramID=838151753&ParentNodeID=-99&assertID=5910021864&client_ip=106.13.250.88&SecurityKey=20250919080134&promotionId=&mvid=5900006207&mcid=500020&playurlVersion=WX-A1-8.9.1-RELEASE&userid=&jmhm=&videocodec=h264&bean=mgspad&tid=android&conFee=0&puData=b0d57eedc76b6ea1b6b460ea0a8ac2d3&ddCalcu=3bd0e2d1c58a708eae0dace7066b46be6ab1
南京十八,http://gslbmgsplive.miguvideo.com/migu/kailu/nanjingsb/50/20230719/index.m3u8?msisdn=2025102308014162d44288f10c4a84b8b27a5f80ee99fd&mdspid=&spid=699067&netType=0&sid=5910021864&pid=2028597139&timestamp=20251023080141&Channel_ID=0116_2600000900-99000-201600010010027&ProgramID=838151753&ParentNodeID=-99&assertID=5910021864&client_ip=106.13.250.83&SecurityKey=20251023080141&promotionId=&mvid=5900006207&mcid=500020&playurlVersion=WX-A1-8.9.2-RELEASE&userid=&jmhm=&videocodec=h264&bean=mgspad&tid=android&conFee=0&puData=5a6e4ed4765e04fdb8e8bd37c3607a6c&ddCalcu=c56aea627e80406e3dc47736d5be80e48fbd
南京少儿,http://nklive.nbs.cn/hls/e0981f3f-1a20-4a59-b8d1-17feb83a4610/index.m3u8
南京教科,https://mgtv.ottiptv.cc/migu/838153729.m3u8?migutoken=%2A%2A%2A
南京教科,http://gslbmgsplive.miguvideo.com/migu/kailu/nanjingkj/50/20230719/index.m3u8?msisdn=2025091908013422d2a0f4ed5e4511b896d3d3645248f2&mdspid=&spid=699067&netType=0&sid=5910021865&pid=2028597139&timestamp=20250919080134&Channel_ID=0116_2600000900-99000-201600010010027&ProgramID=838153729&ParentNodeID=-99&assertID=5910021865&client_ip=106.13.250.88&SecurityKey=20250919080134&promotionId=&mvid=5900006205&mcid=500020&playurlVersion=WX-A1-8.9.1-RELEASE&userid=&jmhm=&videocodec=h264&bean=mgspad&tid=android&conFee=0&puData=52692ec9c72414583509ce0cd575172e&ddCalcu=e522e7611985207e5cd9cc07e2c491045538
南京教科,http://gslbmgsplive.miguvideo.com/migu/kailu/nanjingkj/50/20230719/index.m3u8?msisdn=20251023080141d50925a1117343ecb53b23bb6266f888&mdspid=&spid=699067&netType=0&sid=5910021865&pid=2028597139&timestamp=20251023080141&Channel_ID=0116_2600000900-99000-201600010010027&ProgramID=838153729&ParentNodeID=-99&assertID=5910021865&client_ip=106.13.250.83&SecurityKey=20251023080141&promotionId=&mvid=5900006205&mcid=500020&playurlVersion=WX-A1-8.9.2-RELEASE&userid=&jmhm=&videocodec=h264&bean=mgspad&tid=android&conFee=0&puData=b2b216d53c7175e66065d308271343c9&ddCalcu=9bc2e3b2428310167d25830c37d157650e66
南京教科,http://nklive.nbs.cn/hls/75b3c462-b831-4de7-a34b-5d3221db2069/index.m3u8
南京新闻综合,https://mgtv.ottiptv.cc/migu/838109047.m3u8?migutoken=%2A%2A%2A
南京新闻综合,http://gslbmgsplive.miguvideo.com/migu/kailu/nanjingxwzh/50/20230719/index.m3u8?msisdn=202509190801346040f34e796a43e3821e1db9273c556a&mdspid=&spid=699067&netType=0&sid=5910021863&pid=2028597139&timestamp=20250919080134&Channel_ID=0116_2600000900-99000-201600010010027&ProgramID=838109047&ParentNodeID=-99&assertID=5910021863&client_ip=106.13.250.88&SecurityKey=20250919080134&promotionId=&mvid=5900006203&mcid=500020&playurlVersion=WX-A1-8.9.1-RELEASE&userid=&jmhm=&videocodec=h264&bean=mgspad&tid=android&conFee=0&puData=de89fe41d47757280f2c68af5d15033a&ddCalcu=ad3ee3810985f01ed451fda48767c527f208
南京新闻综合,http://gslbmgsplive.miguvideo.com/migu/kailu/nanjingxwzh/50/20230719/index.m3u8?msisdn=20251023080141b90781bc871243ca9ccefdd19990364a&mdspid=&spid=699067&netType=0&sid=5910021863&pid=2028597139&timestamp=20251023080141&Channel_ID=0116_2600000900-99000-201600010010027&ProgramID=838109047&ParentNodeID=-99&assertID=5910021863&client_ip=106.13.250.83&SecurityKey=20251023080141&promotionId=&mvid=5900006203&mcid=500020&playurlVersion=WX-A1-8.9.2-RELEASE&userid=&jmhm=&videocodec=h264&bean=mgspad&tid=android&conFee=0&puData=147e2c56380633b791b7bb2fc8bdccc9&ddCalcu=91c4ec72ce8d20bc85c6f328b0b673b31b97
南京新闻综合,http://nklive.nbs.cn/hls/d511bc9d-a694-4453-b3a2-4fc842cc97a1/index.m3u8
南通新闻综合,https://mgtv.ottiptv.cc/migu/955227985.m3u8?migutoken=%2A%2A%2A
南通新闻综合,http://gslbmgsplive.miguvideo.com/migu/kailu/ntxwzh/51/20250604/index.m3u8?msisdn=202509190801352ef9ff3bad3f4a65b064683f87e439c3&mdspid=&spid=699067&netType=0&sid=5910022178&pid=2028597139&timestamp=20250919080135&Channel_ID=0116_2600000900-99000-201600010010027&ProgramID=955227985&ParentNodeID=-99&assertID=5910022178&client_ip=106.13.250.88&SecurityKey=20250919080135&promotionId=&mvid=5900006706&mcid=500020&playurlVersion=WX-A1-8.9.1-RELEASE&userid=&jmhm=&videocodec=h264&bean=mgspad&tid=android&conFee=0&puData=98aea868da861defcb53a7c9f1ba5a81&ddCalcu=1988eaa15e5aa0b816f89dca78a6315dbecf
南通新闻综合,http://gslbmgsplive.miguvideo.com/migu/kailu/ntxwzh/51/20250604/index.m3u8?msisdn=202510230801432bba200bfb354535b9886f031208cce3&mdspid=&spid=699067&netType=0&sid=5910022178&pid=2028597139&timestamp=20251023080143&Channel_ID=0116_2600000900-99000-201600010010027&ProgramID=955227985&ParentNodeID=-99&assertID=5910022178&client_ip=106.13.250.83&SecurityKey=20251023080143&promotionId=&mvid=5900006706&mcid=500020&playurlVersion=WX-A1-8.9.2-RELEASE&userid=&jmhm=&videocodec=h264&bean=mgspad&tid=android&conFee=0&puData=2e507c0ae7d1d63de0a405794c6b1217&ddCalcu=721ee252105b706cc04a9e775d014da603ed
南通新闻综合,http://gslbmgsplive.miguvideo.com/migu/kailu/ntxwzh/51/20250604/index.m3u8?msisdn=202510240800592b66efbec2f342349068cf9b89987f0e&mdspid=&spid=699067&netType=0&sid=5910022178&pid=2028597139&timestamp=20251024080059&Channel_ID=0116_2600000900-99000-201600010010027&ProgramID=955227985&ParentNodeID=-99&assertID=5910022178&client_ip=106.13.250.88&SecurityKey=20251024080059&promotionId=&mvid=5900006706&mcid=500020&playurlVersion=WX-A1-8.9.2-RELEASE&userid=&jmhm=&videocodec=h264&bean=mgspad&tid=android&conFee=0&puData=c30e235addfb289fd6b4a087caa89b23&ddCalcu=3c23eb029e5820a3a5ca7d8d0fab42b869df
南通新闻综合,http://gslbmgsplive.miguvideo.com/migu/kailu/ntxwzh/51/20250604/index.m3u8?msisdn=20251025080102df5bfd8079f1495a93b5db8970ebcd80&mdspid=&spid=699067&netType=0&sid=5910022178&pid=2028597139&timestamp=20251025080102&Channel_ID=0116_2600000900-99000-201600010010027&ProgramID=955227985&ParentNodeID=-99&assertID=5910022178&client_ip=106.13.250.90&SecurityKey=20251025080102&promotionId=&mvid=5900006706&mcid=500020&playurlVersion=WX-A1-8.9.2-RELEASE&userid=&jmhm=&videocodec=h264&bean=mgspad&tid=android&conFee=0&puData=bce85213974cffcdcc52779b9d090656&ddCalcu=6b5ce6e208595002d193b997747c2f5fcccd
宜兴新闻,https://live.chinacert.cftest5.cn/cnmg/live/955227996
宜兴新闻,https://t.freetv.fun/live/yi-xing-xin-wen-zong-he-1.m3u8
宿迁公共,http://iptv.666230.xyz/iptv/jsyd.php/G_SQGG
常州公共,http://iptv.666230.xyz/iptv/jsyd.php/jsczgonggong
常州生活,http://iptv.666230.xyz/iptv/jsyd.php/jsczshenghuo
常州都市,http://iptv.666230.xyz/iptv/jsyd.php/jsczdushi
徐州公共,http://iptv.666230.xyz/iptv/jsyd.php/xzgg
徐州新聞綜合,https://live.chinacert.cftest5.cn/cnmg/live/639731747
新沂新闻,http://live.xysrmt.cn/xwzh/sd/live.m3u8?zjiangsd%22=
新沂生活,http://live.xysrmt.cn/shpd/sd/live.m3u8?zjiangsd=
无锡娱乐,http://stream.thmz.com/wxtv2/playlist.m3u8?_upt=5ff4061f1706166872
无锡娱乐,http://stream.thmz.com/wxtv2/sd/live.m3u8?_upt=acffe97a1704940314
无锡娱乐,https://stream.thmz.com/wxtv2/playlist.m3u8
无锡娱乐,http://stream.thmz.com/wxtv2/sd/live.m3u8
无锡娱乐,http://stream.thmz.com/wxtv2/sd/live.m3u8?_upt=978cd8731706199708
无锡新闻综合,http://stream.thmz.com/wxtv1/playlist.m3u8
无锡新闻综合,http://stream.thmz.com/wxtv1/playlist.m3u8?_upt=156143371706166361
无锡新闻综合,http://stream.thmz.com/wxtv1/sd/live.m3u8?_upt=4ba3ab191698644028
无锡新闻综合,http://stream.thmz.com/wxtv1/sd/live.m3u8
无锡新闻综合,http://stream.thmz.com/wxtv1/sd/live.m3u8?zjiangsd=#http://stream.thmz.com/wxtv1/playlist.m3u8?_upt=156143371706166361#http://stream.thmz.com/wxtv1/sd/live.m3u8?_upt=4ba3ab191698644028#http://stream.thmz.com/wxtv1/playlist.m3u8
无锡生活,http://stream.thmz.com/wxtv4/playlist.m3u8?_upt=8c51357c1707362770
无锡生活,https://stream.thmz.com/wxtv4/playlist.m3u8
无锡生活,http://stream.thmz.com/wxtv4/sd/live.m3u8
无锡生活,http://stream.thmz.com/wxtv4/sd/live.m3u8?_upt=978cd8731706199708
无锡经济,https://stream.thmz.com/wxtv5/playlist.m3u8
无锡经济,http://stream.thmz.com/wxtv5/sd/live.m3u8?zjiangsd=
无锡经济,http://stream.thmz.com/wxtv5/playlist.m3u8?_upt=10155d141706166867
无锡经济,http://stream.thmz.com/wxtv5/playlist.m3u8
无锡经济,http://stream.thmz.com/wxtv5/sd/live.m3u8?_upt=cfacd5221704890772
无锡都市资讯,http://stream.thmz.com/wxtv3/playlist.m3u8
无锡都市资讯,http://stream.thmz.com/wxtv3/playlist.m3u8?_upt=1758133b1706166861
无锡都市资讯,http://stream.thmz.com/wxtv3/sd/live.m3u8?_upt=978cd8731706199708
无锡都市资讯,http://stream.thmz.com/wxtv3/sd/live.m3u8
无锡都市资讯,http://stream.thmz.com/wxtv3/sd/live.m3u8?zjiangsd=#http://stream.thmz.com/wxtv3/sd/live.m3u8?_upt=978cd8731706199708#http://stream.thmz.com/wxtv3/playlist.m3u8#http://stream.thmz.com/wxtv3/playlist.m3u8?_upt=1758133b1706166861
武进生活,http://43.251.226.89:8080/play/522.m3u8
江宁新闻,https://migu.188766.xyz/?migutoken=%2A%2A%2A&id=%E4%BD%93%E8%82%B2%E4%BC%91%E9%97%B2%E9%A2%91%E9%81%93&type=yy
江苏体育,https://stream1.freetv.fun/af1087a1c24fff7af556ac8e6c5c623303d52966f67a998cefb52c17811b09a2.ctv
江苏体育,https://live.chinacert.cftest5.cn/cnmg/live/626064707
江苏公共,https://live.chinacert.cftest5.cn/cnmg/live/626064693
江苏城市,https://stream1.freetv.fun/675206b8446ce719bfb293b5a5296db3aa26521c9810de7c996838247cc56964.ctv
江苏影视,https://stream1.freetv.fun/a89dd489fa013bc4f36bcc4afe388f1783e2251c276e2566a9359d68a61c6d91.ctv
江苏教育,https://stream1.freetv.fun/7174b4fd66ddb2a7456b7040105dc27a1e57c166593870bb773cb5f6b4546c54.ctv
江苏教育,http://goo.bkpcp.top/mg/jsjy
江苏教育,http://z.b.bkpcp.top/m.php?id=jsjy
沭阳综合,http://shuyang-tv-hls.cm.jstv.com/shuyang-tv/shuyangzh.m3u8
泗洪新闻综合,http://live1.habctv.com/ggpdsl/sd/live.m3u8?zjiangsd=#http://live1.habctv.com/ggpdsl/sd/live.m3u8
泗阳资讯,http://43.251.226.89:8080/play/530.m3u8
泰州一套新闻综合,https://stream1.freetv.fun/tai-zhou-yi-tao-xin-wen-zong-he-4.m3u8
涟水电视台综合,rtmp://lianshui-tv-hls.cm.jstv.com/lianshui-tv/lsxw
涟水电视台综合,https://lianshui-tv-hls.cm.jstv.com:443/lianshui-tv/lsxw.m3u8
涟水电视台综合,http://lianshui-tv-hls.cm.jstv.com/lianshui-tv/lsxw.m3u8?zjiangsd=
涟水电视台综合,http://live1.habctv.com/ggpdsl/sd/live.m3u8?zjiangsd=
涟水电视台综合,http://live1.habctv.com/ggpdsl/sd/live.m3u8
涟水综合,http://lianshui-tv-hls.cm.jstv.com/lianshui-tv/lsxw.m3u8
淮安影院娱乐,http://live1.habctv.com/ysylsl/sd/live.m3u8?zjiangsd=
淮安影院娱乐,http://live1.habctv.com/ysylsl/sd/live.m3u8
淮安新闻综合,https://mgtv.ottiptv.cc/migu/639731826.m3u8?migutoken=%2A%2A%2A
淮安新闻综合,http://gslbmgsplive.miguvideo.com/wd_r2/jstv/haxinwenzonghe/600/index.m3u8?msisdn=2025091908013583ce7f12af754a16ba29f7c2626810f0&mdspid=&spid=699067&netType=0&sid=5500469363&pid=2028597139&timestamp=20250919080135&Channel_ID=0116_2600000900-99000-201600010010027&ProgramID=639731826&ParentNodeID=-99&assertID=5500469363&client_ip=106.13.250.88&SecurityKey=20250919080135&promotionId=&mvid=5102012618&mcid=500020&playurlVersion=WX-A1-8.9.1-RELEASE&userid=&jmhm=&videocodec=h264&bean=mgspad&tid=android&conFee=0&puData=8f83667dfa073a4952557e51d015d22c&ddCalcu=c82fe281d395601607dd1f5ae077535a2459
淮安新闻综合,http://gslbmgsplive.miguvideo.com/wd_r2/jstv/haxinwenzonghe/600/index.m3u8?msisdn=20251023080142941c175264e346bdb28fc24a4c0fff92&mdspid=&spid=699067&netType=0&sid=5500469363&pid=2028597139&timestamp=20251023080142&Channel_ID=0116_2600000900-99000-201600010010027&ProgramID=639731826&ParentNodeID=-99&assertID=5500469363&client_ip=106.13.250.83&SecurityKey=20251023080142&promotionId=&mvid=5102012618&mcid=500020&playurlVersion=WX-A1-8.9.2-RELEASE&userid=&jmhm=&videocodec=h264&bean=mgspad&tid=android&conFee=0&puData=228f78becdd3f1c2f4ea311cb51557e2&ddCalcu=22e2e7825f9570185bbecc1d1d33afe14cf2
淮安新闻综合,http://gslbmgsplive.miguvideo.com/wd_r2/jstv/haxinwenzonghe/600/index.m3u8?msisdn=2025102408005841cc8f9eb2074fbabaeaef4617e0ca47&mdspid=&spid=699067&netType=0&sid=5500469363&pid=2028597139&timestamp=20251024080058&Channel_ID=0116_2600000900-99000-201600010010027&ProgramID=639731826&ParentNodeID=-99&assertID=5500469363&client_ip=106.13.250.88&SecurityKey=20251024080058&promotionId=&mvid=5102012618&mcid=500020&playurlVersion=WX-A1-8.9.2-RELEASE&userid=&jmhm=&videocodec=h264&bean=mgspad&tid=android&conFee=0&puData=d70ba06f67ad26900d75c4f6652b7fa4&ddCalcu=4da7ef027b9ba020566f66f74acd5276d900
淮阴综合,https://huaiyin-tv-replay.cm.jstv.com/huaiyin-tv/huaiyinf.m3u8
溧水新闻综合,https://mgtv.ottiptv.cc/migu/639737327.m3u8?migutoken=%2A%2A%2A
溧水新闻综合,http://gslbmgsplive.miguvideo.com/migu/kailu/wxxwzh/51/20250604/index.m3u8?msisdn=202509190801368edab7fc3daa499fa4e273d73d8b9f2d&mdspid=&spid=699067&netType=0&sid=5500469349&pid=2028597139&timestamp=20250919080136&Channel_ID=0116_2600000900-99000-201600010010027&ProgramID=639737327&ParentNodeID=-99&assertID=5500469349&client_ip=106.13.250.88&SecurityKey=20250919080136&promotionId=&mvid=5102012612&mcid=500020&playurlVersion=WX-A1-8.9.1-RELEASE&userid=&jmhm=&videocodec=h264&bean=mgspad&tid=android&conFee=0&puData=c3e71707790a9a58ff5c4df8b135c614&ddCalcu=4c13e6e1c795103710b787f9d04ac95af5f8
溧水新闻综合,http://gslbmgsplive.miguvideo.com/migu/kailu/wxxwzh/51/20250604/index.m3u8?msisdn=20251023080144558f016a4098437fa4b5f82b16dbaeb4&mdspid=&spid=699067&netType=0&sid=5500469349&pid=2028597139&timestamp=20251023080144&Channel_ID=0116_2600000900-99000-201600010010027&ProgramID=639737327&ParentNodeID=-99&assertID=5500469349&client_ip=106.13.250.83&SecurityKey=20251023080144&promotionId=&mvid=5102012612&mcid=500020&playurlVersion=WX-A1-8.9.2-RELEASE&userid=&jmhm=&videocodec=h264&bean=mgspad&tid=android&conFee=0&puData=d70adf995324060624c3825a44083d19&ddCalcu=9d17ed023a98d00f4949a553228430c64026
溧水新闻综合,http://gslbmgsplive.miguvideo.com/migu/kailu/wxxwzh/51/20250604/index.m3u8?msisdn=202510240800594a9687dbd7324f45ae45174f1227d3ad&mdspid=&spid=699067&netType=0&sid=5500469349&pid=2028597139&timestamp=20251024080059&Channel_ID=0116_2600000900-99000-201600010010027&ProgramID=639737327&ParentNodeID=-99&assertID=5500469349&client_ip=106.13.250.88&SecurityKey=20251024080059&promotionId=&mvid=5102012612&mcid=500020&playurlVersion=WX-A1-8.9.2-RELEASE&userid=&jmhm=&videocodec=h264&bean=mgspad&tid=android&conFee=0&puData=287022ec4f8292e91b2eca7dd26993d3&ddCalcu=32d8e372909920622edcd47fa8c2e922be19
溧水新闻综合,http://gslbmgsplive.miguvideo.com/migu/kailu/wxxwzh/51/20250604/index.m3u8?msisdn=20251025080102f85a6abac0d64c679ab538b375a256e3&mdspid=&spid=699067&netType=0&sid=5500469349&pid=2028597139&timestamp=20251025080102&Channel_ID=0116_2600000900-99000-201600010010027&ProgramID=639737327&ParentNodeID=-99&assertID=5500469349&client_ip=106.13.250.90&SecurityKey=20251025080102&promotionId=&mvid=5102012612&mcid=500020&playurlVersion=WX-A1-8.9.2-RELEASE&userid=&jmhm=&videocodec=h264&bean=mgspad&tid=android&conFee=0&puData=c4c759517172dc16ebdc0de9d4416c8c&ddCalcu=cc84ecc26791504945d197e1d702cddcb1e6
滨海新闻综合,http://traffic.jbh.tjbh.com/live/bhtv10/playlist.m3u8
睢宁三农,http://iptv.666230.xyz/iptv/jsyd.php/xzsnsn
睢宁综合,http://iptv.666230.xyz/iptv/jsyd.php/xzsnzh
睢宁资讯,http://iptv.666230.xyz/iptv/jsyd.php/xzsnzx
苏州4k,https://live-auth.51kandianshi.com/szgd/csztv1.m3u8
苏州文化生活,https://live-auth.51kandianshi.com/szgd/csztv3.m3u8
苏州新闻综合,https://live-auth.51kandianshi.com/szgd/csztv1.m3u8
苏州生活资讯,https://live-auth.51kandianshi.com/szgd/csztv5.m3u8
苏州社会经济,https://live-auth.51kandianshi.com/szgd/csztv2.m3u8
连云港公共,http://iptv.666230.xyz/iptv/jsyd.php/jslyggonggongpd
连云港新闻综合,https://live.chinacert.cftest5.cn/cnmg/live/639731715
镇江二套社会民生,http://zjtv-wshls.homecdn.com/live/2aa16.m3u8
镇江新闻综合,https://live.chinacert.cftest5.cn/cnmg/live/639731783
靖江新闻综合,http://ls.qingting.fm/live/23797.m3u8
靖江新闻综合,https://stream1.freetv.fun/jing-jiang-xin-wen-zong-he-7.m3u8
靖江新闻综合,https://stream1.freetv.fun/jing-jiang-xin-wen-zong-he-1.m3u8
朝阳新闻综合,http://120.76.248.139/live/bfgd/4200000282.m3u8
辽宁北方,https://stream1.freetv.fun/liao-zhu-bei-fang-3.m3u8
辽宁影视剧,http://120.76.248.139/live/bfgd/4200000070.m3u8
辽宁教育青少,http://120.76.248.139/live/bfgd/4200000075.m3u8
辽宁生活,http://120.76.248.139/live/bfgd/4200000073.m3u8
辽宁经济,http://120.76.248.139/live/bfgd/4200000480.m3u8
辽宁都市,https://ls.qingting.fm/live/1099/64k.m3u8
湖南都市,https://stream1.freetv.fun/hu-nan-du-shi-13.m3u8
湖南都市,https://stream1.freetv.fun/hu-nan-du-shi-4.m3u8
湖南都市,https://stream1.freetv.fun/hu-nan-du-shi-8.m3u8
湖南都市,https://stream1.freetv.fun/hu-nan-du-shi-9.m3u8
湖南都市,https://stream1.freetv.fun/hu-nan-du-shi-6.ctv
湖南经视,https://stream1.freetv.fun/hu-nan-jing-shi-6.m3u8
湖南经视,https://stream1.freetv.fun/hu-nan-jing-shi-1.m3u8
湖南经视,https://stream1.freetv.fun/hu-nan-jing-shi-15.ctv
湖南经视,https://stream1.freetv.fun/hu-nan-jing-shi-5.m3u8
湖南经视,https://stream1.freetv.fun/hu-nan-jing-shi-2.m3u8
湖南电视剧,https://stream1.freetv.fun/hu-nan-dian-shi-ju-2.m3u8
湖南电视剧,https://stream1.freetv.fun/hu-nan-dian-shi-ju-12.m3u8
湖南电视剧,https://stream1.freetv.fun/hu-nan-dian-shi-ju-14.ctv
湖南电视剧,https://stream1.freetv.fun/hu-nan-dian-shi-ju-7.m3u8
湖南电视剧,https://stream1.freetv.fun/hu-nan-dian-shi-ju-3.m3u8
湖南电影,http://php.jdshipin.com:8880/iptv.php
湖南电影,https://stream1.freetv.fun/hu-nan-dian-ying-2.ctv
湖南爱晚,http://php.jdshipin.com:8880/iptv.php?id=hngg
湖南教育,https://stream1.freetv.fun/hu-nan-jiao-yu-6.ctv
湖南娱乐,https://stream1.freetv.fun/hu-nan-yu-le-9.ctv
湖南娱乐,https://stream1.freetv.fun/hu-nan-yu-le-3.m3u8
湖南国际,https://stream1.freetv.fun/hu-nan-guo-ji-2.ctv
湖南国际,https://stream1.freetv.fun/hu-nan-guo-ji-4.ctv
湖南公共,https://stream1.freetv.fun/hu-nan-gong-gong-7.m3u8
湖南公共,https://stream1.freetv.fun/hu-nan-gong-gong-5.ctv
湖南公共,https://stream1.freetv.fun/hu-nan-gong-gong-2.ctv
湖南公共,https://stream1.freetv.fun/hu-nan-gong-gong-7.ctv
长沙新闻综合,http://ls.qingting.fm/live/4877.m3u8
长沙新闻,http://ls.qingting.fm/live/4877.m3u8
娄底综合,http://iptv.666230.xyz/iptv/hnyx.php/ldxw
湖北综合,http://[2409:8087:4c0a:22:1::11]:6410/170000001115/UmaiCHAN638072216f7da/index.m3u8?AuthInfo=%2A%2A%2A
湖北综合,https://stream1.freetv.fun/hu-bei-zong-he-4.ctv
湖北综合,https://stream1.freetv.fun/hu-bei-zong-he-6.ctv
湖北经视,https://stream1.freetv.fun/hu-bei-jing-shi-2.ctv
湖北经视,https://stream1.freetv.fun/hu-bei-jing-shi-24.m3u8
湖北经视,https://t.freetv.fun/live/hu-bei-jing-shi-1.m3u8
湖北生活,http://[2409:8087:4c0a:22:1::11]:6410/170000001115/UmaiCHAN638072c62e405/index.m3u8?AuthInfo=%2A%2A%2A
湖北生活,https://stream1.freetv.fun/hu-bei-sheng-huo-3.ctv
湖北生活,https://stream1.freetv.fun/hu-bei-sheng-huo-2.m3u8
湖北生活,https://stream1.freetv.fun/hu-bei-sheng-huo-4.ctv
湖北生活,https://t.freetv.fun/live/hu-bei-sheng-huo.m3u8
湖北教育,http://[2409:8087:4c0a:22:1::11]:6410/170000001115/UmaiCHAN638072a6cbbf6/index.m3u8?AuthInfo=%2A%2A%2A
湖北教育,https://stream1.freetv.fun/hu-bei-jiao-yu-4.ctv
湖北教育,https://stream1.freetv.fun/hu-bei-jiao-yu-1.ctv
湖北教育,https://t.freetv.fun/live/hu-bei-jiao-yu.m3u8
湖北影视,https://stream1.freetv.fun/hu-bei-ying-shi-1.m3u8
湖北影视,https://stream1.freetv.fun/hu-bei-ying-shi-1.ctv
湖北影视,https://stream1.freetv.fun/hu-bei-ying-shi-14.m3u8
湖北公共,https://stream1.freetv.fun/hu-bei-gong-gong-5.ctv
湖北垄上,http://[2409:8087:4c0a:22:1::11]:6410/170000001115/UmaiCHAN638072463c333/index.m3u8?AuthInfo=%2A%2A%2A
湖北垄上,https://stream1.freetv.fun/hu-bei-long-shang-1.ctv
湖北垄上,https://t.freetv.fun/live/hu-bei-long-shang.m3u8
武汉一台新闻综合,https://ls.qingting.fm/live/20198/64k.m3u8
武汉一台新闻综合,https://stream1.freetv.fun/wu-yi-xin-wen-zong-he-1.m3u8
武汉一台新闻综合,https://stream1.freetv.fun/wu-yi-xin-wen-zong-he-7.m3u8
武汉二台电视剧,https://stream1.freetv.fun/wu-yi-2dian-shi-ju-1.m3u8
武汉四台经济,https://stream1.freetv.fun/wu-yi-jing-ji-1.m3u8
武汉教育,https://stream1.freetv.fun/wu-yi-jiao-yu-4.m3u8
武汉教育,https://stream1.freetv.fun/wu-yi-jiao-yu-6.m3u8
武汉教育,https://stream1.freetv.fun/wu-yi-jiao-yu-8.m3u8
武汉教育,https://stream1.freetv.fun/wu-yi-jiao-yu-13.ctv
武汉教育,https://stream1.freetv.fun/wu-yi-jiao-yu-1.m3u8
武汉文体,http://www.hiliu.myds.me:18088/rtp/239.69.1.147:10518
十堰新闻,https://stream1.freetv.fun/shi-yan-xin-wen-1.m3u8
十堰新闻,https://stream1.freetv.fun/shi-yan-xin-wen-2.m3u8
十堰新闻,https://stream1.freetv.fun/shi-yan-xin-wen-3.m3u8
十堰新闻,https://stream1.freetv.fun/shi-yan-xin-wen-4.m3u8
荆门新闻综合,http://stream.jmtv.com.cn/xwzh/sd/live.m3u8
荆门新闻综合,https://stream.jmtv.com.cn/xwzh/playlist.m3u8?_upt=3e28e7271664278691
荆门新闻综合,https://stream1.freetv.fun/jing-men-xin-wen-zong-he-6.m3u8
荆门新闻综合,https://stream1.freetv.fun/jing-men-xin-wen-zong-he-2.m3u8
荆门新闻综合,https://stream1.freetv.fun/jing-men-xin-wen-zong-he-3.m3u8
南宁公共,https://stream1.freetv.fun/nan-zhu-gong-gong-1.m3u8
南宁公共,https://stream1.freetv.fun/nan-zhu-gong-gong-5.m3u8
南宁公共,https://stream1.freetv.fun/nan-zhu-gong-gong-9.m3u8
南宁公共,https://stream1.freetv.fun/nan-zhu-gong-gong-6.m3u8
南宁公共,https://stream1.freetv.fun/nan-zhu-gong-gong-7.m3u8
南宁新闻综合,https://stream1.freetv.fun/nan-zhu-xin-wen-zong-he-3.m3u8
南宁新闻综合,https://stream1.freetv.fun/nan-zhu-xin-wen-zong-he-1.m3u8
南宁新闻综合,https://stream1.freetv.fun/nan-zhu-xin-wen-zong-he-4.m3u8
南宁都市生活,http://615bbf179ba53515dccad7b1da5d1ad9.livehwc3.cn/hls.nntv.cn/nnlive/WLSH_24.m3u8?sub_m3u8=true&edge_slice=true&user_session_id=2598844eaee8a4265e706fc14b3fc11d
南宁都市生活,https://stream1.freetv.fun/nan-zhu-du-shi-sheng-huo-1.m3u8
南宁都市生活,https://stream1.freetv.fun/nan-zhu-du-shi-sheng-huo-2.m3u8
南宁都市生活,https://stream1.freetv.fun/nan-zhu-du-shi-sheng-huo-3.m3u8
南宁都市生活,https://t.freetv.fun/live/nan-zhu-du-shi-sheng-huo-1.m3u8
宾阳综合,http://pulls.myun.tv/live/0dkp33j5.m3u8
灌阳新闻综合,https://ls.qingting.fm/live/5043/64k.m3u8
田东综合,http://pulls.myun.tv/live/0dkp33j5.m3u8
广西新闻,http://198.204.228.26/live/gxxw.m3u8
广西新闻,http://63.141.230.178:82/gslb/zbdq5.m3u8?id=gxxw
广西新闻,http://38.75.136.137:98/gslb/dsdqpub/gxxw.m3u8?auth=%2A%2A%2A
广西新闻,http://107.150.60.122/live/gxxw.m3u8
广西新闻,http://192.151.150.154/live/gxxw.m3u8
广西国际,http://198.204.228.26/live/gxgj.m3u8
广西国际,http://38.75.136.137:98/gslb/dsdqpub/gxgj.m3u8?auth=%2A%2A%2A
广西国际,http://192.151.150.154/live/gxgj.m3u8
广西国际,http://63.141.230.178:82/gslb/zbdq5.m3u8?id=gxgj
广西国际,http://107.150.60.122/live/gxgj.m3u8
南宁影视娱乐,http://hls.nntv.cn/nnlive/YSYL_244.m3u8
武清综合,https://tvpull.smartwq.cn/wqlive/convergencemedia/playlist.m3u8?ztianjd=
乐山新闻综合,https://stream1.freetv.fun/le-shan-xin-wen-zong-he-1.m3u8
乐山新闻综合,https://stream1.freetv.fun/le-shan-xin-wen-zong-he-2.m3u8
乐至综合,http://175.155.106.72:89/live1/live1.m3u8?zsicd=
井研综合,http://tvfile.jyrmt.cn/nmip-media/channellive/channel104452/playlist.m3u8
剑阁综合,https://m3u8.channel.dzsm.com/nmip-media/channellive/channel105549/playlist.m3u8
叙州新闻综合,https://stream1.freetv.fun/xu-zhou-xin-wen-zong-he-6.m3u8
叙州新闻综合,https://stream1.freetv.fun/xu-zhou-xin-wen-zong-he-2.m3u8
叙州新闻综合,https://stream1.freetv.fun/xu-zhou-xin-wen-zong-he-7.m3u8
叙州新闻综合,https://stream1.freetv.fun/xu-zhou-xin-wen-zong-he-3.m3u8
叙州新闻综合,https://stream1.freetv.fun/xu-zhou-xin-wen-zong-he-1.m3u8
名山综合,https://m3u8channel-bx.yunxya.com/nmip-media/channellive/channel104666/playlist.m3u8
四川科教,https://stream1.freetv.fun/si-chuan-ke-jiao-3.ctv
四川科教,https://stream1.freetv.fun/si-chuan-ke-jiao-1.m3u8
四川科教,https://stream1.freetv.fun/si-chuan-ke-jiao-4.ctv
广元公共,https://m3u8.channel.dzsm.com/nmip-media/channellive/channel101257/playlist.m3u8
广元综合,https://stream1.freetv.fun/yan-yuan-zong-he-1.m3u8
广元综合,https://stream1.freetv.fun/yan-yuan-zong-he-2.ctv
广安公共,http://live1.gatv.com.cn:85/live/GGPD_ggpdzm.m3u8?zsicd=
广安公共,http://live1.gatv.com.cn:85/live/GGPD.m3u8
广安公共,http://live1.gatv.com.cn:85/live/GGPD_ggpdzm.m3u8
康巴卫视,http://[2409:8087:8:21::18]:6610/otttv.bj.chinamobile.com/PLTV/88888888/224/3221227027/1.m3u8?GuardEncType=2&accountinfo=~~V2.0~kHMvBpWz4rccMxNvSRekpQ~tP4-l0lmSfjwLWEfK_el1vH_mv-s1zo4AQJwdedaVwG9xkuFTDg8J26cwOrNJzn20BErrHdLhuZ9EzLUCD3PMW-OMx4MGteHV2vLeW6BqoY%2CEND
德阳新闻综合,https://stream1.freetv.fun/de-yang-xin-wen-zong-he-2.m3u8
德阳新闻综合,https://stream1.freetv.fun/de-yang-xin-wen-zong-he-1.m3u8
德阳新闻综合,https://stream1.freetv.fun/de-yang-xin-wen-zong-he-3.m3u8
旺苍新闻综合,http://channel.wcrmt.cn:80/nmip-media/channellive/channel105268/playlist.m3u8
旺苍新闻综合,http://live.spccmc.com:90/live/spxwzh.m3u8?%E5%85%B3%E6%B3%A8%E5%BE%AE%E4%BF%A1%E5%85%AC%E4%BC%97%E5%8F%B7%5B%E6%99%B4%E5%9B%AD%5D=
松潘新闻综合,http://live.spccmc.com:90/live/spxwzh.m3u8?%E5%85%B3%E6%B3%A8%E5%BE%AE%E4%BF%A1%E5%85%AC%E4%BC%97%E5%8F%B7%5B%E6%99%B4%E5%9B%AD%5D=
松潘新闻综合,http://live.spccmc.com:90/live/spxwzh.m3u8?zsicd=
松潘新闻综合,http://live.spccmc.com:90/live/spxwzh.m3u8
汉源综合,http://live.hyxrmt.com:85/live/xwpd.m3u8
汉源综合,http://live.hyxrmt.com:85/live/xwpd.m3u8?zsicd=
汶川新闻综合,http://live.iwcmt.cn:90/live/zhxw.m3u8?zsicd=
汶川新闻综合,rtmp://live.iwcmt.cn:1936/live/zhxw
汶川新闻综合,http://live.iwcmt.cn:90/live/zhxw.m3u8
汶川新闻综合,http://file.ysxtv.cn/cms/videos/nmip-media/channellive/channel4/playlist.m3u8?zsicd=#rtmp://tv.mcrm.org.cn:1935/channellive/tv01
沐川综合,http://file.ysxtv.cn/cms/videos/nmip-media/channellive/channel4/playlist.m3u8?zsicd=
泸县新闻综合,http://lxfile.lxxcb.cn/nmip-media/channellive/channel103799/playlist.m3u8
泸县新闻综合,http://lxfile.lxxcb.cn:80/nmip-media/channellive/channel103799/playlist.m3u8
泸县新闻综合,http://lxfile.lxxcb.cn/nmip-media/channellive/channel103799/playlist.m3u8?zsicd=
泸县新闻综合,https://m3u8channel.ganzitv.com/nmip-media/channellive/channel1/playlist.m3u8
甘孜综合,https://m3u8channel.ganzitv.com/nmip-media/channellive/channel1/playlist.m3u8
石棉综合,http://live.hyxrmt.com:85/live/xwpd.m3u8
绵阳科技,https://stream1.freetv.fun/mian-yang-ke-ji-2.m3u8
荥经综合,https://m3u8channel-yj.yunxya.com/nmip-media/channellive/channel101140/playlist.m3u8
营山电视台,http://file.ysxtv.cn/cms/videos/nmip-media/channellive/channel4/playlist.m3u8?zsicd=#http://file.ysxtv.cn/cms/videos/nmip-media/channellive/channel4/playlist.m3u8
蓬安新闻综合,http://palive.patv123.com:8091/live/xwpd_800K.m3u8
金川新闻综合,http://139.203.180.9:90/live/zhxw.m3u8
金川新闻综合,http://live.jinchuanrmt.com:90/live/zhxw.m3u8?zsicd=
雅安新闻综合,https://play.yunxya.com/channellive/xinwen.m3u8
青川综合,http://qcfile.qcrmt.com/nmip-media/channellive/channel100933/playlist.m3u8
陕西农林卫视,https://live.chinacert.cftest5.cn/cnmg/live/956904896
陕西农林,https://live.chinacert.cftest5.cn/cnmg/live/956904896
陕西新闻资讯,https://mgtv.ottiptv.cc/migu/956909289.m3u8?migutoken=%2A%2A%2A
陕西新闻资讯,http://gslbmgsplive.miguvideo.com/migu/kailu/sxxwzx/51/20250804/index.m3u8?msisdn=20250919080136670d8cf97d464e1f874949e449ebd1ac&mdspid=&spid=600572&netType=0&sid=5910022187&pid=2028597139&timestamp=20250919080136&Channel_ID=0116_2600000900-99000-201600010010027&ProgramID=956909289&ParentNodeID=-99&assertID=5910022187&client_ip=106.13.250.88&SecurityKey=20250919080136&promotionId=&mvid=5900006710&mcid=500020&playurlVersion=WX-A1-8.9.1-RELEASE&userid=&jmhm=&videocodec=h264&bean=mgspad&tid=android&conFee=0&puData=01b1afdabd15fc39dd9264ccca9ac59f&ddCalcu=f091e5b1c16aa09fadcacbcd41652f9cd3d9
陕西新闻资讯,http://gslbmgsplive.miguvideo.com/migu/kailu/sxxwzx/51/20250804/index.m3u8?msisdn=202510230801447f8d4c3a1a3c4ca1bd0de217472d80f2&mdspid=&spid=600572&netType=0&sid=5910022187&pid=2028597139&timestamp=20251023080144&Channel_ID=0116_2600000900-99000-201600010010027&ProgramID=956909289&ParentNodeID=-99&assertID=5910022187&client_ip=106.13.250.83&SecurityKey=20251023080144&promotionId=&mvid=5900006710&mcid=500020&playurlVersion=WX-A1-8.9.2-RELEASE&userid=&jmhm=&videocodec=h264&bean=mgspad&tid=android&conFee=0&puData=6ed563603d847927c8983a33d5b70e32&ddCalcu=263eeed2056760b356d0333da834879982c7
陕西新闻资讯,http://gslbmgsplive.miguvideo.com/migu/kailu/sxxwzx/51/20250804/index.m3u8?msisdn=202510240800591ee112712ed2473aa0d84b8ea3046959&mdspid=&spid=600572&netType=0&sid=5910022187&pid=2028597139&timestamp=20251024080059&Channel_ID=0116_2600000900-99000-201600010010027&ProgramID=956909289&ParentNodeID=-99&assertID=5910022187&client_ip=106.13.250.88&SecurityKey=20251024080059&promotionId=&mvid=5900006710&mcid=500020&playurlVersion=WX-A1-8.9.2-RELEASE&userid=&jmhm=&videocodec=h264&bean=mgspad&tid=android&conFee=0&puData=5661fd15cfb5726d7c6a1eb652fdb094&ddCalcu=4596e062b16df0fd21556cbfeb15a762c67d
陕西都市青春,https://mgtv.ottiptv.cc/migu/956909358.m3u8?migutoken=%2A%2A%2A
陕西都市青春,http://gslbmgsplive.miguvideo.com/migu/kailu/sxdsqc/51/20250804/index.m3u8?msisdn=20250919080136b45ee433a7cf4d688994f00b794d176d&mdspid=&spid=600572&netType=0&sid=5910022190&pid=2028597139&timestamp=20250919080136&Channel_ID=0116_2600000900-99000-201600010010027&ProgramID=956909358&ParentNodeID=-99&assertID=5910022190&client_ip=106.13.250.88&SecurityKey=20250919080136&promotionId=&mvid=5900006713&mcid=500020&playurlVersion=WX-A1-8.9.1-RELEASE&userid=&jmhm=&videocodec=h264&bean=mgspad&tid=android&conFee=0&puData=9db1317be8c80566b10f130aebe87c29&ddCalcu=992decb1716830e1b7ebae083c18f00516b6
陕西都市青春,http://gslbmgsplive.miguvideo.com/migu/kailu/sxdsqc/51/20250804/index.m3u8?msisdn=202510230801444202628b64cc49f4bfb9f6b1dfb1f491&mdspid=&spid=600572&netType=0&sid=5910022190&pid=2028597139&timestamp=20251023080144&Channel_ID=0116_2600000900-99000-201600010010027&ProgramID=956909358&ParentNodeID=-99&assertID=5910022190&client_ip=106.13.250.83&SecurityKey=20251023080144&promotionId=&mvid=5900006713&mcid=500020&playurlVersion=WX-A1-8.9.2-RELEASE&userid=&jmhm=&videocodec=h264&bean=mgspad&tid=android&conFee=0&puData=83284c876ebb25ecdf72f4eb4dd5a006&ddCalcu=6803e022a86540dcd847b6ee4bfb2275fedc
陕西都市青春,http://gslbmgsplive.miguvideo.com/migu/kailu/sxdsqc/51/20250804/index.m3u8?msisdn=2025102408005947806826798c44e4b89b7ed86b1ba04f&mdspid=&spid=600572&netType=0&sid=5910022190&pid=2028597139&timestamp=20251024080059&Channel_ID=0116_2600000900-99000-201600010010027&ProgramID=956909358&ParentNodeID=-99&assertID=5910022190&client_ip=106.13.250.88&SecurityKey=20251024080059&promotionId=&mvid=5900006713&mcid=500020&playurlVersion=WX-A1-8.9.2-RELEASE&userid=&jmhm=&videocodec=h264&bean=mgspad&tid=android&conFee=0&puData=52c95103cb01acfba0783bb6dba5f262&ddCalcu=2562e2c2f96550a1b0d36cbbb0318a7c0fab
陕西公共,http://ls.qingting.fm/live/1222.m3u8
陕西体育休闲,https://mgtv.ottiptv.cc/migu/956909356.m3u8?migutoken=%2A%2A%2A
陕西体育休闲,http://gslbmgsplive.miguvideo.com/migu/kailu/sxtyxx/51/20250804/index.m3u8?msisdn=20250921080053bb7e3ee981dc4bde95a765fbffef7b9e&mdspid=&spid=600572&netType=0&sid=5910022189&pid=2028597139&timestamp=20250921080053&Channel_ID=0116_2600000900-99000-201600010010027&ProgramID=956909356&ParentNodeID=-99&assertID=5910022189&client_ip=106.13.250.88&SecurityKey=20250921080053&promotionId=&mvid=5900006712&mcid=500020&playurlVersion=WX-A1-8.9.1-RELEASE&userid=&jmhm=&videocodec=h264&bean=mgspad&tid=android&conFee=0&puData=43ffb82e5f9372a440dd84479d27b2f6&ddCalcu=64f3e2f2bf67b028d29e754f4983d7d20a44
陕西体育休闲,http://gslbmgsplive.miguvideo.com/migu/kailu/sxtyxx/51/20250804/index.m3u8?msisdn=20251023080139c026415ca4654e0cb51f36f8105eb6a1&mdspid=&spid=600572&netType=0&sid=5910022189&pid=2028597139&timestamp=20251023080139&Channel_ID=0116_2600000900-99000-201600010010027&ProgramID=956909356&ParentNodeID=-99&assertID=5910022189&client_ip=106.13.250.83&SecurityKey=20251023080139&promotionId=&mvid=5900006712&mcid=500020&playurlVersion=WX-A1-8.9.2-RELEASE&userid=&jmhm=&videocodec=h264&bean=mgspad&tid=android&conFee=0&puData=101f9c0a14d24dc78aa97137482db06c&ddCalcu=c160e012bf6d902c804a71341d7294adac87
陕西体育休闲,http://gslbmgsplive.miguvideo.com/migu/kailu/sxtyxx/51/20250804/index.m3u8?msisdn=20251024080056953be86c14d64c758cd4dbf06a58c942&mdspid=&spid=600572&netType=0&sid=5910022189&pid=2028597139&timestamp=20251024080056&Channel_ID=0116_2600000900-99000-201600010010027&ProgramID=956909356&ParentNodeID=-99&assertID=5910022189&client_ip=106.13.250.88&SecurityKey=20251024080056&promotionId=&mvid=5900006712&mcid=500020&playurlVersion=WX-A1-8.9.2-RELEASE&userid=&jmhm=&videocodec=h264&bean=mgspad&tid=android&conFee=0&puData=d18ceaa4887dd90437843aedd252e8e7&ddCalcu=7de1e882ec62e05a2ad4d8e8a73d4d897034
陕西体育休闲,http://gslbmgsplive.miguvideo.com/migu/kailu/sxtyxx/51/20250804/index.m3u8?msisdn=2025102508005957060912be0d47f78a9e823b236e0022&mdspid=&spid=600572&netType=0&sid=5910022189&pid=2028597139&timestamp=20251025080059&Channel_ID=0116_2600000900-99000-201600010010027&ProgramID=956909356&ParentNodeID=-99&assertID=5910022189&client_ip=106.13.250.90&SecurityKey=20251025080059&promotionId=&mvid=5900006712&mcid=500020&playurlVersion=WX-A1-8.9.2-RELEASE&userid=&jmhm=&videocodec=h264&bean=mgspad&tid=android&conFee=0&puData=25d98077b85839680d0db7d4d6a823de&ddCalcu=e2d5e3d2296880a067d74bd875b8d309d608
三明新闻综合,http://ls.qingting.fm/live/4885.m3u8
三明新闻综合,https://ls.qingting.fm/live/5022100/64k.m3u8
云霄综合,http://live.zzyxxw.com:85/live/xwzh.m3u8?fujian=
云霄综合,https://live.zzyxxw.com:2443/live/xwzh.m3u8
云霄综合,http://live.zzyxxw.com:85/live/xwzh.m3u8
云霄综合,http://live.zzyxxw.com:85/live/xwzh.m3u8?fujian%2C=
厦门卫视,http://192.151.150.154/live/xmws.m3u8
厦门卫视,http://107.150.60.122/live/xmws.m3u8
厦门卫视,http://198.204.228.26/live/xmws.m3u8
厦门卫视,http://63.141.230.178:82/gslb/zbdq5.m3u8?id=xmws
漳州新闻综合,https://stream1.freetv.fun/zhang-zhou-xin-wen-zong-he-2.m3u8
漳州新闻综合,https://stream1.freetv.fun/zhang-zhou-xin-wen-zong-he-1.m3u8
漳州新闻综合,https://stream1.freetv.fun/zhang-zhou-xin-wen-zong-he-3.m3u8
福州少儿,http://live.zohi.tv/video/s10001-fztv-4/index.m3u8
福州生活,http://live.zohi.tv:80/video/s10001-fztv-3/index.m3u8
福建新闻,http://satellitepull.cnr.cn/live/wx32fjxwgb/playlist.m3u8
福建电视剧,http://tvcdn.stream3.hndt.com/tv/65bd329b017e1000648cd2ed00000000_transios/playlist.m3u8?wsSecret=%2A%2A%2A&wsTime=1787821270
福建经济,http://satellitepull.cnr.cn/live/wx32fjdnjjgb/playlist.m3u8
福建综合,https://stream1.freetv.fun/fu-jian-zong-he-6.m3u8
福建综合,https://stream1.freetv.fun/fu-jian-zong-he-5.m3u8
福建综合,https://stream1.freetv.fun/fu-jian-zong-he-4.m3u8
福建综合,https://stream1.freetv.fun/fu-jian-zong-he-1.m3u8
福建综合,https://stream1.freetv.fun/fu-jian-zong-he-3.m3u8
福建公共,https://live.264788.xyz/channel/fujianxiangcungonggong?streamid=1cf7fc3a8f6d160c33b43c2f9507a0cc&livekey=01WgOR41rriMmMkzNsd0UoaxJRwetZdxIvtVk
福建旅游,https://live.264788.xyz/channel/fujianlvyou?streamid=599c11c8b284751261b165f4d5765b36&livekey=01WgOR41rriMmMkzNsd0UoaxJRwetZdxIvtVk
福建旅游,https://live.264788.xyz/channel/fujianlvyou?streamid=221239fcf3c7edb274f2f0760fe47f96&livekey=01WgOR41rriMmMkzNsd0UoaxJRwetZdxIvtVk
福建旅游,https://live.264788.xyz/channel/fujianlvyou?streamid=8f26765ebf367079cef58c6b7752da1e&livekey=01WgOR41rriMmMkzNsd0UoaxJRwetZdxIvtVk
福建旅游,https://live.264788.xyz/channel/fujianlvyou?streamid=fc58882de71ce4575b66002f2475226b&livekey=01WgOR41rriMmMkzNsd0UoaxJRwetZdxIvtVk
福建经视,https://stream1.freetv.fun/fu-jian-jing-ji-4.m3u8
福建经视,https://stream1.freetv.fun/fu-jian-jing-ji-1.m3u8
福建经视,https://stream1.freetv.fun/fu-jian-jing-ji-2.m3u8
福建经视,https://stream1.freetv.fun/fu-jian-jing-ji-5.m3u8
福建经视,https://stream1.freetv.fun/fu-jian-jing-ji-6.m3u8
福建少儿,https://stream1.freetv.fun/fu-jian-shao-er-1.m3u8
福建少儿,https://stream1.freetv.fun/fu-jian-shao-er-6.m3u8
福建少儿,https://stream1.freetv.fun/fu-jian-shao-er-4.m3u8
福建少儿,https://stream1.freetv.fun/fu-jian-shao-er-7.m3u8
福建少儿,https://stream1.freetv.fun/fu-jian-shao-er-2.m3u8
福建海峡卫视,http://38.64.72.148:80/hls/modn/list/4009/playlist.m3u8
福建海峡卫视,http://38.64.72.148:80/hls/modn/list/4009/chunklist0.m3u8
福建海峡卫视,http://38.64.72.148/hls/modn/list/4009/playlist.m3u8
福建海峡卫视,https://m.italkbbtv.com/live/6a30f74820a80832dc74e2c7
福建海峡卫视,http://r.jdshipin.com/WtYt3
海南新闻,https://migu.188766.xyz/?migutoken=%2A%2A%2A&id=hn_xwpd&type=sz
海南新闻,http://ls.qingting.fm/live/1861.m3u8
海南新闻,https://stream1.freetv.fun/ipv6-hai-nan-xin-wen-6.m3u8
海南新闻,https://migu.188766.xyz/?migutoken=%2A%2A%2A&id=hn_xwpd&type=sz
海南新闻,https://migu.188766.xyz/?migutoken=%2A%2A%2A&id=hn_xwpd&type=sz
海南自贸,https://migu.188766.xyz/?migutoken=%2A%2A%2A&id=hn_jjpd&type=sz
海南自贸,https://migu.188766.xyz/?migutoken=%2A%2A%2A&id=hn_jjpd&type=sz
海南自贸,https://migu.188766.xyz/?migutoken=%2A%2A%2A&id=hn_jjpd&type=sz
海南自贸,https://migu.188766.xyz/?migutoken=%2A%2A%2A&id=hn_jjpd&type=sz
海南自贸,https://migu.188766.xyz/?migutoken=%2A%2A%2A&id=hn_jjpd&type=sz
海南文旅,https://migu.188766.xyz/?migutoken=%2A%2A%2A&id=hn_wlpd&type=sz
海南文旅,https://stream1.freetv.fun/ipv6-hai-nan-wen-lu-7.m3u8
海南文旅,https://stream1.freetv.fun/ipv6-hai-nan-wen-lu-9.m3u8
海南文旅,https://migu.188766.xyz/?migutoken=%2A%2A%2A&id=hn_wlpd&type=sz
海南文旅,https://migu.188766.xyz/?migutoken=%2A%2A%2A&id=hn_wlpd&type=sz
海南少儿,https://migu.188766.xyz/?migutoken=%2A%2A%2A&id=hn_sepd&type=sz
海南少儿,https://migu.188766.xyz/?migutoken=%2A%2A%2A&id=hn_sepd&type=sz
海南少儿,https://migu.188766.xyz/?migutoken=%2A%2A%2A&id=hn_sepd&type=sz
海南少儿,https://migu.188766.xyz/?migutoken=%2A%2A%2A&id=hn_sepd&type=sz
海南少儿,https://migu.188766.xyz/?migutoken=%2A%2A%2A&id=hn_sepd&type=sz
海南公共,https://migu.188766.xyz/?migutoken=%2A%2A%2A&id=hn_ggpd&type=sz
海南公共,https://stream1.freetv.fun/ipv6-hai-nan-gong-gong-8.m3u8
海南公共,https://stream1.freetv.fun/ipv6-hai-nan-gong-gong-9.m3u8
海南公共,https://migu.188766.xyz/?migutoken=%2A%2A%2A&id=hn_ggpd&type=sz
海南公共,https://migu.188766.xyz/?migutoken=%2A%2A%2A&id=hn_ggpd&type=sz
临颍综合,http://tvpull.dxhmt.cn:9081/tv/11122-1.m3u8?%E5%85%B3%E6%B3%A8%E5%BE%AE%E4%BF%A1%E5%85%AC%E4%BC%97%E5%8F%B7%5B%E6%99%B4%E5%9B%AD%5D=
义马新闻综合,http://tvpull.dxhmt.cn:9081/tv/11281-1.m3u8?%E5%85%B3%E6%B3%A8%E5%BE%AE%E4%BF%A1%E5%85%AC%E4%BC%97%E5%8F%B7%5B%E6%99%B4%E5%9B%AD%5D=
义马新闻综合,http://tvpull.dxhmt.cn:9081/tv/11281-1.m3u8
光山综合,http://tvpull.dxhmt.cn:9081/tv/11522-1.m3u8?%E5%85%B3%E6%B3%A8%E5%BE%AE%E4%BF%A1%E5%85%AC%E4%BC%97%E5%8F%B7%5B%E6%99%B4%E5%9B%AD%5D=
光山综合,http://tvpull.dxhmt.cn:9081/tv/11522-1.m3u8
兰考新闻,http://tvpull.dxhmt.cn:9081/tv/10225-1.m3u8?%E5%85%B3%E6%B3%A8%E5%BE%AE%E4%BF%A1%E5%85%AC%E4%BC%97%E5%8F%B7%5B%E6%99%B4%E5%9B%AD%5D=
兰考新闻,http://tvpull.dxhmt.cn:9081/tv/10225-1.m3u8
兰考新闻,http://tvpull.dxhmt.cn:9081/tv/10225-1.m3u8
卫辉综合,http://tvpull.dxhmt.cn:9081/tv/10781-1.m3u8?%E5%85%B3%E6%B3%A8%E5%BE%AE%E4%BF%A1%E5%85%AC%E4%BC%97%E5%8F%B7%5B%E6%99%B4%E5%9B%AD%5D=
卫辉综合,http://iptv.cdn.ha.chinamobile.com/PLTV/88888888/224/3221226538/index.m3u8
卫辉综合,http://tvpull.dxhmt.cn:9081/tv/10781-1.m3u8
卫辉综合,http://tvpull.dxhmt.cn:9081/tv/10781-1.m3u8?zhend=
叶县,http://tvpull.dxhmt.cn:9081/tv/10422-1.m3u8
叶县,http://tvpull.dxhmt.cn:9081/tv/10422-1.m3u8
唐河一套,http://tvpull.dxhmt.cn:9081/tv/11328-1.m3u8
唐河一套,http://tvpull.dxhmt.cn:9081/tv/11328-1.m3u8?zhend=
唐河一套,http://tvpull.dxhmt.cn:9081/tv/11328-1.m3u8?zhend=#http://tvpull.dxhmt.cn:9081/tv/11328-1.m3u8
固始综合,http://tvpull.dxhmt.cn:9081/tv/11525-1.m3u8?%E5%85%B3%E6%B3%A8%E5%BE%AE%E4%BF%A1%E5%85%AC%E4%BC%97%E5%8F%B7%5B%E6%99%B4%E5%9B%AD%5D=
固始综合,http://tvpull.dxhmt.cn:9081/tv/11525-1.m3u8
宝丰综合,http://tvpull.dxhmt.cn:9081/tv/10421-1.m3u8?%E5%85%B3%E6%B3%A8%E5%BE%AE%E4%BF%A1%E5%85%AC%E4%BC%97%E5%8F%B7%5B%E6%99%B4%E5%9B%AD%5D=
宝丰综合,http://tvpull.dxhmt.cn:9081/tv/10421-1.m3u8
宝丰综合,http://tvpull.dxhmt.cn:9081/tv/10421-1.m3u8?zhend=
巩义新闻综合,http://tvpull.dxhmt.cn:9081/tv/10181-1.m3u8?zhend=
巩义新闻综合,http://tvpull.dxhmt.cn:9081/tv/10181-1.m3u8?zhend%3F=
巩义新闻综合,http://tvpull.dxhmt.cn:9081/tv/10181-1.m3u8
扶沟综合,http://tvpull.dxhmt.cn:9081/tv/11621-1.m3u8?%E5%85%B3%E6%B3%A8%E5%BE%AE%E4%BF%A1%E5%85%AC%E4%BC%97%E5%8F%B7%5B%E6%99%B4%E5%9B%AD%5D=
扶沟综合,http://tvpull.dxhmt.cn:9081/tv/11621-1.m3u8?zhend=
扶沟综合,http://tvpull.dxhmt.cn:9081/tv/11621-1.m3u8
新乡县电视台,http://tvpull.dxhmt.cn:9081/tv/10721-1.m3u8?%E5%85%B3%E6%B3%A8%E5%BE%AE%E4%BF%A1%E5%85%AC%E4%BC%97%E5%8F%B7%5B%E6%99%B4%E5%9B%AD%5D=
新县综合,http://tvpull.dxhmt.cn:9081/tv/11523-1.m3u8?%E5%85%B3%E6%B3%A8%E5%BE%AE%E4%BF%A1%E5%85%AC%E4%BC%97%E5%8F%B7%5B%E6%99%B4%E5%9B%AD%5D=
新县综合,http://tvpull.dxhmt.cn:9081/tv/11523-1.m3u8
新蔡综合,http://tvpull.dxhmt.cn:9081/tv/11729-1.m3u8?%E5%85%B3%E6%B3%A8%E5%BE%AE%E4%BF%A1%E5%85%AC%E4%BC%97%E5%8F%B7%5B%E6%99%B4%E5%9B%AD%5D=
新蔡综合,http://tvpull.dxhmt.cn:9081/tv/11729-1.m3u8
新蔡综合,http://tvpull.dxhmt.cn:9081/tv/11729-1.m3u8?zhend=
桐柏新闻综合,http://tvpull.dxhmt.cn:9081/tv/11330-1.m3u8
泌阳新闻综合,http://tvpull.dxhmt.cn:9081/tv/11726-1.m3u8?%E5%85%B3%E6%B3%A8%E5%BE%AE%E4%BF%A1%E5%85%AC%E4%BC%97%E5%8F%B7%5B%E6%99%B4%E5%9B%AD%5D=
泌阳新闻综合,https://stream1.freetv.fun/mi-yang-xin-wen-zong-he-2.m3u8
泌阳新闻综合,http://tvpull.dxhmt.cn:9081/tv/11726-1.m3u8
淅川电视,http://iptv.cdn.ha.chinamobile.com/PLTV/88888888/224/3221226631/index.m3u8
渑池新闻综合,http://tvpull.dxhmt.cn:9081/tv/11221-1.m3u8?%E5%85%B3%E6%B3%A8%E5%BE%AE%E4%BF%A1%E5%85%AC%E4%BC%97%E5%8F%B7%5B%E6%99%B4%E5%9B%AD%5D=
渑池新闻综合,http://tvpull.dxhmt.cn:9081/tv/11221-1.m3u8
温县综合,http://tvpull.dxhmt.cn:9081/tv/10825-1.m3u8?zhend=
温县综合,http://tvpull.dxhmt.cn:9081/tv/10825-1.m3u8?zhend%3F=
温县综合,http://tvpull.dxhmt.cn:9081/tv/10825-1.m3u8
潢川综合,http://tvpull.dxhmt.cn:9081/tv/11526-1.m3u8?%E5%85%B3%E6%B3%A8%E5%BE%AE%E4%BF%A1%E5%85%AC%E4%BC%97%E5%8F%B7%5B%E6%99%B4%E5%9B%AD%5D=
潢川综合,http://tvpull.dxhmt.cn:9081/tv/11526-1.m3u8
焦作综合,http://iptv.cdn.ha.chinamobile.com/PLTV/88888888/224/3221226604/index.m3u8
登封综合,http://tvpull.dxhmt.cn:9081/tv/10185-1.m3u8?%E5%85%B3%E6%B3%A8%E5%BE%AE%E4%BF%A1%E5%85%AC%E4%BC%97%E5%8F%B7%5B%E6%99%B4%E5%9B%AD%5D=
登封综合,http://iptv.cdn.ha.chinamobile.com/PLTV/88888888/224/3221226661/index.m3u8
登封综合,http://tvpull.dxhmt.cn:9081/tv/10185-1.m3u8
禹州综合,http://tvpull.dxhmt.cn:9081/tv/11081-1.m3u8?%E5%85%B3%E6%B3%A8%E5%BE%AE%E4%BF%A1%E5%85%AC%E4%BC%97%E5%8F%B7%5B%E6%99%B4%E5%9B%AD%5D=
西华综合,http://tvpull.dxhmt.cn:9081/tv/11622-1.m3u8?%E5%85%B3%E6%B3%A8%E5%BE%AE%E4%BF%A1%E5%85%AC%E4%BC%97%E5%8F%B7%5B%E6%99%B4%E5%9B%AD%5D=
西华综合,http://tvpull.dxhmt.cn:9081/tv/11622-1.m3u8
西华综合,http://tvpull.dxhmt.cn:9081/tv/11622-1.m3u8?zhend=
郏县综合,http://tvpull.dxhmt.cn:9081/tv/10425-1.m3u8?%E5%85%B3%E6%B3%A8%E5%BE%AE%E4%BF%A1%E5%85%AC%E4%BC%97%E5%8F%B7%5B%E6%99%B4%E5%9B%AD%5D=
郏县综合,http://tvpull.dxhmt.cn:9081/tv/10425-1.m3u8?zhend=
郏县综合,http://tvpull.dxhmt.cn:9081/tv/10425-1.m3u8
郸城新闻综合,http://tvpull.dxhmt.cn:9081/tv/11625-1.m3u8?wsSecret=%2A%2A%2A&wsTime=1654956569
郸城新闻综合,https://stream1.freetv.fun/dan-cheng-xin-wen-zong-he-1.m3u8
郸城新闻综合,http://tvpull.dxhmt.cn:9081/tv/11625-1.m3u8
郸城新闻综合,https://stream1.freetv.fun/dan-cheng-xin-wen-zong-he-4.m3u8
郸城新闻综合,https://t.freetv.fun/live/dan-cheng-xin-wen-zong-he.m3u8
鄢陵综合,http://tvpull.dxhmt.cn:9081/tv/11024-1.m3u8?%E5%85%B3%E6%B3%A8%E5%BE%AE%E4%BF%A1%E5%85%AC%E4%BC%97%E5%8F%B7%5B%E6%99%B4%E5%9B%AD%5D=
鄢陵综合,http://tvpull.dxhmt.cn:9081/tv/11024-1.m3u8
项城新闻,http://tvpull.dxhmt.cn:9081/tv/11681-1.m3u8
项城新闻,http://tvpull.dxhmt.cn:9081/tv/11681-1.m3u8#@http://live.dxhmt.cn:9081/tv/11681-1.m3u8#@http://p2.weizan.cn/978354/131995006225520039/live.m3u8
鹤壁综合,http://iptv.cdn.ha.chinamobile.com/PLTV/88888888/224/3221226563/index.m3u8
邓州新闻,http://tvpull.dxhmt.cn:9081/tv/11381-1.m3u8?%E5%85%B3%E6%B3%A8%E5%BE%AE%E4%BF%A1%E5%85%AC%E4%BC%97%E5%8F%B7%5B%E6%99%B4%E5%9B%AD%5D=
许昌公共,http://iptv.cdn.ha.chinamobile.com/PLTV/88888888/224/3221226695/index.m3u8
荥阳综合,http://tvpull.dxhmt.cn:9081/tv/10182-1.m3u8
荥阳综合,http://tvpull.dxhmt.cn:9081/tv/10182-1.m3u8?wsSecret=%2A%2A%2A&wsTime=1654956569
荥阳综合,http://tvpull.dxhmt.cn:9081/tv/10182-1.m3u8?zhend=
焦作教育,http://iptv.cdn.ha.chinamobile.com/PLTV/88888888/224/3221226648/index.m3u8
焦作公共,http://iptv.cdn.ha.chinamobile.com/PLTV/88888888/224/3221226616/index.m3u8
灵宝新闻综合,http://tvpull.dxhmt.cn:9081/tv/11282-1.m3u8?zhend=
濮阳公共,http://iptv.cdn.ha.chinamobile.com/PLTV/88888888/224/3221226664/index.m3u8
滑县新闻,http://tvpull.dxhmt.cn:9081/tv/10526-1.m3u8?%E5%85%B3%E6%B3%A8%E5%BE%AE%E4%BF%A1%E5%85%AC%E4%BC%97%E5%8F%B7%5B%E6%99%B4%E5%9B%AD%5D=
济源电视一套,http://tvpull.dxhmt.cn:9081/tv/19001-1.m3u8
济源电视一套,http://tvpull.dxhmt.cn:9081/tv/19001-1.m3u8?zhend=
洛阳综合,https://wshlslive.migucloud.com/live/6AL7GTQX_C0/playlist.m3u8
洛阳综合,http://iptv.cdn.ha.chinamobile.com/PLTV/88888888/224/3221226542/index.m3u8
洛阳科教,https://wshlslive.migucloud.com/live/RJ0EYBCZ_C0/playlist.m3u8
洛阳科教,http://iptv.cdn.ha.chinamobile.com/PLTV/88888888/224/3221226554/index.m3u8
洛阳科教,http://devlivepull.migucloud.com/live/A2HVH5BQ_C0.flv
洛阳文旅,https://wshlslive.migucloud.com/live/CVN934JS_C0/playlist.m3u8
洛阳文旅,http://devlivepull.migucloud.com/live/Q081CD54_C0.flv
河南都市,http://1.94.31.214/php/hntv.php?id=hnds
河南民生,https://migu.188766.xyz/?migutoken=%2A%2A%2A&id=%E6%B0%91%E7%94%9F%E9%A2%91%E9%81%93&type=yy
河南民生,https://migu.188766.xyz/?migutoken=%2A%2A%2A&id=%E6%B0%91%E7%94%9F%E9%A2%91%E9%81%93&type=yy
河南民生,https://migu.188766.xyz/?migutoken=%2A%2A%2A&id=%E6%B0%91%E7%94%9F%E9%A2%91%E9%81%93&type=yy
河南民生,https://migu.188766.xyz/?migutoken=%2A%2A%2A&id=%E6%B0%91%E7%94%9F%E9%A2%91%E9%81%93&type=yy
河南民生,https://migu.188766.xyz/?migutoken=%2A%2A%2A&id=%E6%B0%91%E7%94%9F%E9%A2%91%E9%81%93&type=yy
沁阳新闻综合,https://stream1.freetv.fun/qin-yang-xin-wen-zong-he-1.m3u8
沁阳新闻综合,http://tvpull.dxhmt.cn:9081/tv/10882-1.m3u8
永城综合,http://tvpull.dxhmt.cn:9081/tv/11481-1.m3u8
方城一套,http://tvpull.dxhmt.cn:9081/tv/11322-1.m3u8
方城一套,http://tvpull.dxhmt.cn:9081/tv/11322-1.m3u8?zhend=
新野综合,http://tvpull.dxhmt.cn:9081/tv/11329-1.m3u8?zhend=
新野综合,http://tvpull.dxhmt.cn:9081/tv/11329-1.m3u8?zhend%3F=
新野综合,http://tvpull.dxhmt.cn:9081/tv/11329-1.m3u8
新安新闻综合,http://tvpull.dxhmt.cn:9081/tv/10323-1.m3u8
新安新闻综合,http://tvpull.dxhmt.cn:9081/tv/10323-1.m3u8?%E5%85%B3%E6%B3%A8%E5%BE%AE%E4%BF%A1%E5%85%AC%E4%BC%97%E5%8F%B7%5B%E6%99%B4%E5%9B%AD%5D=
新安新闻综合,http://tvpull.dxhmt.cn:9081/tv/10323-1.m3u8?zhend=
开封新闻综合,https://stream1.freetv.fun/kai-feng-xin-wen-zong-he-2.m3u8
开封新闻综合,http://tvpull.dxhmt.cn:9081/tv/10200-2.m3u8?zhend=
开封文化旅游,http://tvpull.dxhmt.cn:9081/tv/10200-3.m3u8?zhend=
开封文化旅游,http://tvpull.dxhmt.cn:9081/tv/10200-3.m3u8
开封文化旅游,http://tvpull.dxhmt.cn:9081/tv/10200-3.m3u8?zhend%2C=
嵩县综合新闻,http://tvpull.dxhmt.cn:9081/tv/10325-1.m3u8?zhendhttp%3A%2F%2Fwshls.live.migucloud.com%2Flive%2FMZCYG799_C0%2Fplaylist.m3u8%3Fzhend=
宜阳综合,http://tvpull.dxhmt.cn:9081/tv/10327-1.m3u8?wsSecret=%2A%2A%2A&wsTime=1654956569
宜阳综合,http://tvpull.dxhmt.cn:9081/tv/10327-1.m3u8
宜阳综合,http://iptv.cdn.ha.chinamobile.com/PLTV/88888888/224/3221227059/index.m3u8
宜阳综合,http://tvpull.dxhmt.cn:9081/tv/10327-1.m3u8?zhend=
周口新闻综合,https://stream1.freetv.fun/zhou-kou-xin-wen-zong-he-1.m3u8
周口新闻综合,https://stream1.freetv.fun/zhou-kou-xin-wen-zong-he-2.m3u8
内黄综合,http://tvpull.dxhmt.cn:9081/tv/10527-1.m3u8?wsSecret=%2A%2A%2A&wsTime=1654956569
内黄综合,http://tvpull.dxhmt.cn:9081/tv/10527-1.m3u8?zhend=
内黄综合,http://tvpull.dxhmt.cn:9081/tv/10527-1.m3u8
内乡综合,http://tvpull.dxhmt.cn:9081/tv/11325-1.m3u8?%E5%85%B3%E6%B3%A8%E5%BE%AE%E4%BF%A1%E5%85%AC%E4%BC%97%E5%8F%B7%5B%E6%99%B4%E5%9B%AD%5D=
偃师新闻,http://tvpull.dxhmt.cn:9081/tv/10381-1.m3u8?wsSecret=%2A%2A%2A&wsTime=1654956569
偃师新闻,http://tvpull.dxhmt.cn:9081/tv/10381-1.m3u8
鹿泉一套,https://jwcdnqx.hebyun.com.cn/live/luquanyi/1500k/tzwj_video.m3u8
邯郸科技教育,https://jwcdnqx.hebyun.com.cn/live/hdkj/1500k/tzwj_video.m3u8
邯郸公共,https://jwcdnqx.hebyun.com.cn/live/hdgg/1500k/tzwj_video.m3u8
邯郸公共,https://jwliveqxzb.hebyun.com.cn/hdgg/hdgg.m3u8
邯郸新闻,https://jwcdnqx.hebyun.com.cn/live/hdxwzh/1500k/tzwj_video.m3u8
邯郸新闻,https://jwliveqxzb.hebyun.com.cn/hdxwzh/hdxwzh.m3u8
邯郸科教,https://jwcdnqx.hebyun.com.cn/live/hdkj/1500k/tzwj_video.m3u8
邯郸科教,https://jwliveqxzb.hebyun.com.cn/hdkj/hdkj.m3u8
邢台综合,http://jwplay.hebyun.com.cn/live/xtsrmtzs/1500k/tzwj_video.m3u8
邢台综合,https://jwplay.hebyun.com.cn/live/xttv/1500k/tzwj_video.m3u8
邢台综合,https://jwplay.hebyun.com.cn/live/xttv/1500k/tzwj_video.m3u8?zhebd=
邢台综合,https://jwplay.hebyun.com.cn:443/live/xtsrmtzs/1500k/tzwj_video.m3u8
邢台综合,https://stream1.freetv.fun/xing-tai-zong-he-2.m3u8
衡水公共,http://ls.qingting.fm/live/2810.m3u8
石家庄都市,https://stream1.freetv.fun/shi-jia-zhuang-du-shi-5.ctv
石家庄都市,https://stream1.freetv.fun/shi-jia-zhuang-du-shi-4.ctv
石家庄都市,https://stream1.freetv.fun/shi-jia-zhuang-du-shi-6.ctv
石家庄都市,https://stream1.freetv.fun/shi-jia-zhuang-du-shi-1.ctv
石家庄生活,https://stream1.freetv.fun/shi-jia-zhuang-sheng-huo-2.ctv
石家庄生活,https://stream1.freetv.fun/shi-jia-zhuang-sheng-huo-5.ctv
石家庄生活,https://stream1.freetv.fun/shi-jia-zhuang-sheng-huo-7.ctv
石家庄生活,https://stream1.freetv.fun/shi-jia-zhuang-sheng-huo-1.ctv
石家庄新闻综合,https://stream1.freetv.fun/shi-jia-zhuang-xin-wen-zong-he-5.ctv
石家庄新闻综合,https://stream1.freetv.fun/shi-jia-zhuang-xin-wen-zong-he-6.ctv
石家庄新闻综合,https://stream1.freetv.fun/shi-jia-zhuang-xin-wen-zong-he-7.ctv
石家庄新闻综合,https://stream1.freetv.fun/shi-jia-zhuang-xin-wen-zong-he-8.ctv
石家庄新闻综合,https://stream1.freetv.fun/shi-jia-zhuang-xin-wen-zong-he-2.ctv
石家庄娱乐,https://stream1.freetv.fun/shi-jia-zhuang-yu-le-7.ctv
石家庄娱乐,https://stream1.freetv.fun/shi-jia-zhuang-yu-le-9.ctv
石家庄娱乐,https://stream1.freetv.fun/shi-jia-zhuang-yu-le-6.ctv
石家庄娱乐,https://stream1.freetv.fun/shi-jia-zhuang-yu-le-4.ctv
石家庄娱乐,https://stream1.freetv.fun/shi-jia-zhuang-yu-le-1.ctv
滦平新闻,http://jwplay.hebyun.com.cn/live/LPTV001/1500k/tzwj_video.m3u8
河北都市,https://stream1.freetv.fun/he-bei-du-shi-13.ctv
河北农民,https://ls.qingting.fm/live/1650/64k.m3u8
河北农民,http://ls.qingting.fm/live/1650.m3u8
河北农民,https://jwcdnqx.hebyun.com.cn/live/clzhpd/1500k/tzwj_video.m3u8?zhebd=
河北农民,https://t.freetv.fun/live/he-bei-nong-min-1.m3u8
河北农民,https://t.freetv.fun/live/he-bei-nong-min.m3u8
昌黎综合,https://jwcdnqx.hebyun.com.cn/live/clzhpd/1500k/tzwj_video.m3u8
昌黎综合,https://jwcdnqx.hebyun.com.cn/zb/clzhpd/1500k/tzwj_video.m3u8
任丘文娱,https://jwcdnqx.hebyun.com.cn/live/rqtv2/1500k/tzwj_video.m3u8
任丘文娱,https://jwcdnqx.hebyun.com.cn/zb/rqtv2/1500k/tzwj_video.m3u8
任丘综合,https://jwcdnqx.hebyun.com.cn/live/rqtv1/1500k/tzwj_video.m3u8
任丘综合,https://jwcdnqx.hebyun.com.cn/zb/rqtv1/1500k/tzwj_video.m3u8
兴隆综合,https://jwcdnqx.hebyun.com.cn/live/xlzh/1500k/tzwj_video.m3u8
兴隆综合,https://jwcdnqx.hebyun.com.cn/zb/xlzh/1500k/tzwj_video.m3u8
平泉影视,https://jwcdnqx.hebyun.com.cn/zb/pqys/1500k/tzwj_video.m3u8
平泉综合,https://jwcdnqx.hebyun.com.cn/live/pqzh/1500k/tzwj_video.m3u8
清河新闻综合,https://jwcdnqx.hebyun.com.cn/live/qinghe/1500k/tzwj_video.m3u8
清河新闻综合,https://jwcdnqx.hebyun.com.cn/zb/qinghe/1500k/tzwj_video.m3u8
清河经济综艺,https://jwcdnqx.hebyun.com.cn/live/qinghe1/1500k/tzwj_video.m3u8
清河经济综艺,https://jwcdnqx.hebyun.com.cn/zb/qinghe1/1500k/tzwj_video.m3u8
安顺新闻,https://hplayer1.juyun.tv/camera/154379194.m3u8
甘肃经济,https://satellitepull.cnr.cn/live/wxgshhzs/playlist.m3u8
甘肃公共,https://hls.gstv.com.cn/49048r/3t5xyc.m3u8
甘肃都市,https://satellitepull.cnr.cn/live/wxgsdstb/playlist.m3u8
甘肃都市,https://hls.gstv.com.cn/49048r/l54391.m3u8
嘉峪关综合,http://play.kankanlive.com/live/1720583434627241.m3u8
天祝综合,https://play.kankanlive.com/live/1656487214793905.m3u8
张掖新闻综合,https://play.kankanlive.com/live/1720583434627241.m3u8
永昌综合,https://play.kankanlive.com/live/1652755738635915.m3u8
渭源新闻,http://play.kankanlive.com/live/1720408280309109.m3u8
甘肃少儿,https://hls.gstv.com.cn/49048r/922k96.m3u8
白银综合,http://play.kankanlive.com/live/1720408089419110.m3u8
秦安综合,https://play.kankanlive.com/live/1659926941626981.m3u8
西峰综合,https://play.kankanlive.com/live/1683944827526991.m3u8
酒泉综合,https://3ee63cd9178a070a2db29f77915c49d4.livehwc3.cn/play.kankanlive.com/live/1702033926169975.m3u8
哈密二套,https://tvpull.hmgbtv.com/hmtv/channel108259412c6a6711/playlist.m3u8
哈密三套,https://tvpull.hmgbtv.com/hmtv/channelfb0e5c505477aa44/playlist.m3u8
伊犁维吾尔,http://110.153.180.106:55555/out_2/index.m3u8
伊犁哈萨克,http://110.153.180.106:55555/out_3/index.m3u8?zxinjd=
伊犁经济法制,http://110.153.180.106:55555/out_4/index.m3u8
山东少儿,http://livealone302.iqilu.com/iqilu/sepd.m3u8
山东新闻,http://livealone302.iqilu.com/iqilu/ggpd.m3u8
山东教育,https://test1.live.sdetv.com.cn/live/dianshizhibo/playlist.m3u8
山东教育,http://iptv.huuc.edu.cn/hls/sdetv.m3u8
山东农科,http://livealone302.iqilu.com/iqilu/nkpd.m3u8
山东齐鲁,http://livealone302.iqilu.com/iqilu/qlpd.m3u8
山东生活,http://livealone302.iqilu.com/iqilu/shpd.m3u8
山东体育,https://stream1.freetv.fun/shan-dong-ti-yu-8.m3u8
山东体育,https://stream1.freetv.fun/shan-dong-ti-yu-19.m3u8
山东体育,https://stream1.freetv.fun/shan-dong-ti-yu-4.m3u8
山东体育,http://livealone302.iqilu.com/iqilu/typd.m3u8
山东体育,https://stream1.freetv.fun/shan-dong-ti-yu-7.m3u8
山东综艺,http://livealone302.iqilu.com/iqilu/zypd.m3u8
济南综合,https://stream1.freetv.fun/ji-nan-zong-he-1.m3u8
济南综合,https://stream1.freetv.fun/ji-nan-zong-he-2.m3u8
济南新闻综合,https://stream1.freetv.fun/ji-nan-zong-he-2.m3u8
济南新闻综合,https://stream1.freetv.fun/ji-nan-xin-wen-zong-he-7.m3u8
济南教育,https://stream1.freetv.fun/ji-nan-jiao-yu-1.m3u8
潍坊新闻综合,https://stream1.freetv.fun/ipv6-wei-fang-xin-wen-zong-he-2.m3u8
潍坊新闻综合,https://stream1.freetv.fun/ipv6-wei-fang-xin-wen-zong-he-1.m3u8
太谷新闻综合,https://p2.vzan.com/slowlive/596867413819827251/live.m3u8?zbid=1725814272&tpid=1516989100&type=0
定襄综合,http://lbyzztfe.live.sxmty.com/live/hls/645ff4c60e0a49f0a203abbd73dd8be9/0720e665f10f48e98c9639f4f492fb4a-1.m3u8?zshanxd=
武乡新闻综合,http://uzoiczhh.live.sxmty.com/live/hls/0d41f1480c4042d49927858f01fde707/53130407737b417b9a6259b57246bae3.m3u8?zshanxd=
汾西综合,https://qmmqvzoz.live.sxmty.com/live/hls/f24f8a390c084386a564074c9260100c/be3fdf07606145739ab2c4b80fe0136a.m3u8?zshanxd=
运城科技教育,https://stream1.freetv.fun/yun-cheng-ke-ji-jiao-yu-2.m3u8
运城科技教育,https://stream1.freetv.fun/yun-cheng-ke-ji-jiao-yu-1.m3u8
黎城综合,http://111.53.96.67:8081/live/1/index.m3u8?%E5%85%B3%E6%B3%A8%E5%BE%AE%E4%BF%A1%E5%85%AC%E4%BC%97%E5%8F%B7%5B%E6%99%B4%E5%9B%AD%5D=
安徽国际,https://m.italkbbtv.com/live/6a3a3784260d0d240f66a62c
安徽影视,https://stream1.freetv.fun/an-hui-ying-shi-14.m3u8
安徽影视,https://stream1.freetv.fun/an-hui-ying-shi-15.m3u8
安徽影视,https://www.ahtv.cn/folder9000/folder20193?channelIndex=3
安徽影视,https://t.freetv.fun/live/an-hui-ying-shi.m3u8
安徽影视,https://t.freetv.fun/live/an-hui-ying-shi-2.m3u8
安徽经济生活,https://stream1.freetv.fun/an-hui-jing-ji-sheng-huo-4.ctv
安徽综艺体育,https://live.lalifeier.eu.org/ahtv/ahzyty.m3u8?t=1745774515&key=%2A%2A%2A
安徽综艺体育,https://live.lalifeier.eu.org/ahtv/ahzyty.m3u8?t=1746292937&key=%2A%2A%2A
安徽综艺体育,https://live.lalifeier.eu.org/ahtv/ahzyty.m3u8?t=1746307365&key=%2A%2A%2A
安徽综艺体育,https://stream1.freetv.fun/an-hui-zong-yi-ti-yu-4.ctv
安徽综艺体育,https://stream1.freetv.fun/an-hui-zong-yi-ti-yu-8.m3u8
安徽导视,https://livehls1.appcoo.com/liveshopping/949E0A98C9D0C311/6D925141BC1F8C28/index.m3u8
固镇新闻,http://www.guzhenm.com:7001/hls/hd-live.m3u8?%E5%85%B3%E6%B3%A8%E5%BE%AE%E4%BF%A1%E5%85%AC%E4%BC%97%E5%8F%B7%5B%E6%99%B4%E5%9B%AD%5D=
固镇新闻,http://www.guzhenm.com:7001/hls/hd-live.m3u8
黄山新闻综合,http://hslive.hsnewsnet.com/lsdream/hve9Wjs/1000/live.m3u8
黄山新闻综合,http://hslive.hsnewsnet.com/lsdream/hve9Wjs/1000/live.m3u8?zanhd=
黄山公共生活,http://hslive.hsnewsnet.com/lsdream/iY92ady/1000/live.m3u8?zanhd=
铜陵新闻综合,https://ls.qingting.fm/live/21303/64k.m3u8
祁门综合,http://zbbf2.ahbztv.com/live/416.m3u8?zanhd=
滁州科教,http://live.cztv.cc:85/live/sjpd.m3u8
滁州科教,http://live.cztv.cc:85/live/sjpd.m3u8?zanhd=
滁州科教,http://live.cztv.cc:85/live/sjpd.m3u8?%E5%85%B3%E6%B3%A8%E5%BE%AE%E4%BF%A1%E5%85%AC%E4%BC%97%E5%8F%B7%5B%E6%99%B4%E5%9B%AD%5D=
滁州新闻综合,http://live.cztv.cc:85/live/xwpd.m3u8?zanhd=
滁州市广播电视台 新闻综合,http://live.cztv.cc:85/live/xwpd.m3u8
滁州市广播电视台 公共,http://live.cztv.cc:85/live/ggpd.m3u8
滁州公共,http://live.cztv.cc:85/live/ggpd.m3u8?zanhd=
广德生活,https://live.gdtv.ah.cn/live/newsTV.m3u8
宿州科教,http://live.ahsz.tv/video/s10001-kxjy/index.m3u8
宿州新闻综合,http://live.ahsz.tv/video/s10001-szzh/index.m3u8
宿州新闻综合,https://stream1.freetv.fun/su-zhou-xin-wen-zong-he-1.m3u8
宿州新闻综合,https://stream1.freetv.fun/su-zhou-xin-wen-zong-he-2.m3u8
宿州新闻综合,https://stream1.freetv.fun/su-zhou-xin-wen-zong-he-3.m3u8
宿州公共,http://live.ahsz.tv/video/s10001-ggpd/index.m3u8
六安新闻综合,http://ls.qingting.fm/live/267.m3u8
六安公共,http://ls.qingting.fm/live/1794199.m3u8
亳州新闻,http://zbbf2.ahbztv.com/live/416.m3u8?zanhd=
亳州农村,http://zbbf2.ahbztv.com/live/418.m3u8
亳州农村,http://zbbf2.ahbztv.com/live/418.m3u8?zanhd=
宁夏经济,https://ls.qingting.fm/live/1841/64k.m3u8
延边卫视,https://srs.iyb983.cn/video/CYS/index.m3u8
延边卫视,https://srs.iyb983.cn:443/video/CYS/index.m3u8
吉林乡村,https://satellitepull.cnr.cn/live/wxjlxcgb/playlist.m3u8
长白朝语,http://hplayer1.juyun.tv:80/camera/11344136.m3u8
珲春新闻综合,https://stream1.freetv.fun/hun-chun-xin-wen-zong-he-3.m3u8
内蒙经济,https://ls.qingting.fm/live/1885/64k.m3u8
内蒙农牧,http://play1-qk.nmtv.cn:80/live/1686561299036179.m3u8
内蒙古经济生活,https://ls.qingting.fm/live/1885/64k.m3u8
内蒙古少儿,http://play1-qk.nmtv.cn/live/1686560464515368.m3u8
内蒙古文体娱乐,http://play1-qk.nmtv.cn/live/1686561195713372.m3u8
内蒙古蒙语文化,http://play1-qk.nmtv.cn/live/1686561065304370.m3u8
文山州公共,http://m3u8.channel.wsrtv.com.cn/cms/videos/nmip-media/channellive/channel8/playlist.m3u8
文山州公共,http://m3u8.channel.wsrtv.com.cn/cms/videos/nmip-media/channellive/channel8/playlist.m3u8?zyund=
文山州新闻综合,http://m3u8.channel.wsrtv.com.cn/cms/videos/nmip-media/channellive/channel7/playlist.m3u8?zyund=
易门综合,https://zb-live.ynurl.com/yimen/3b75a2f9-7941-46b7-992d-a9796fbca5fe.m3u8
通海电视台,https://zb-live.ynurl.com/tonghai/3bfe3a9e-48e6-4c1e-8770-1df66447cc6c.m3u8
陇川综合,https://zb-live.ynurl.com/longchuan/58f88df3-605e-4c57-865c-8e8f85241ca1.m3u8
云南都市,https://hwapi.yntv.net/62hdvf/rjwt14.m3u8
云南娱乐,https://hwapi.yntv.net/62hdvf/q9vs1b.m3u8
安多卫视,https://liveout.xntv.tv/a65jur/90p2i1.m3u8?zqing=
安多卫视,https://stream1.freetv.fun/52d0df257c5c3cec42f2ae19268dbbc261256ff391b27bd83553bea941d0c186.m3u8
安多卫视,https://liveout.xntv.tv/a65jur/96iln2.m3u8
安多卫视,https://liveout.xntv.tv/a65jur/90p2i1.m3u8?zqinghd=
西宁新闻综合,https://liveout.xntv.tv/a65jur/96iln2.m3u8
西宁新闻综合,rtmp://liveout.xntv.tv/a65jur/96iln2
西宁新闻综合,https://liveout.xntv.tv/a65jur/90p2i1.m3u8?zqinghd=
西宁新闻综合,https://liveout.xntv.tv/a65jur/90p2i1.m3u8
西宁新闻综合,https://liveout.xntv.tv/a65jur/96iln2.m3u8?zqinghd=
西宁生活服务,https://stream1.freetv.fun/xi-zhu-sheng-huo-fu-wu-1.m3u8
西宁生活服务,https://stream1.freetv.fun/xi-zhu-sheng-huo-fu-wu-2.m3u8
西宁生活服务,https://stream1.freetv.fun/xi-zhu-sheng-huo-fu-wu-3.m3u8
西宁生活服务,https://liveout.xntv.tv/a65jur/90p2i1.m3u8?zqinghd=
西宁生活服务,https://t.freetv.fun/live/xi-zhu-sheng-huo-fu-wu-1.flv
青海都市,http://[2409:8087:1e01:20::3]/PLTV/11/224/3221225749/index.m3u8
青海都市,http://[2409:8087:1e01:20::3]:80/PLTV/11/224/3221225749/index.m3u8
黑龙江文体,http://[2409:8087:1a01:df::7005]/ottrrs.hl.chinamobile.com/PLTV/88888888/224/3221226239/index.m3u8
黑龙江文体,http://[2409:8087:1a01:df::4025]:80/TVOD/88888888/224/3221225965/main.m3u8
黑龙江文体,https://stream1.freetv.fun/hei-long-jiang-wen-ti-7.m3u8
黑龙江文体,https://stream1.freetv.fun/hei-long-jiang-wen-ti-1.m3u8
黑龙江文体,https://stream1.freetv.fun/hei-long-jiang-wen-ti-9.m3u8
黑龙江新闻法治,http://[2409:8087:1a01:df::7005]/ottrrs.hl.chinamobile.com/PLTV/88888888/224/3221226330/index.m3u8
黑龙江新闻法治,https://stream1.freetv.fun/hei-long-jiang-xin-wen-fa-zhi-6.m3u8
黑龙江新闻法治,https://stream1.freetv.fun/hei-long-jiang-xin-wen-fa-zhi-4.m3u8
黑龙江新闻法治,https://stream1.freetv.fun/hei-long-jiang-xin-wen-fa-zhi-7.m3u8
黑龙江新闻法治,https://stream1.freetv.fun/hei-long-jiang-xin-wen-fa-zhi-5.m3u8
黑龙江影视,http://[2409:8087:1a01:df::7005]/ottrrs.hl.chinamobile.com/PLTV/88888888/224/3221226298/index.m3u8
黑龙江影视,https://stream1.freetv.fun/hei-long-jiang-ying-shi-1.m3u8
黑龙江影视,https://stream1.freetv.fun/hei-long-jiang-ying-shi-7.m3u8
黑龙江影视,https://stream1.freetv.fun/hei-long-jiang-ying-shi-8.m3u8
黑龙江都市,http://[2409:8087:1a01:df::7005]/ottrrs.hl.chinamobile.com/PLTV/88888888/224/3221226301/index.m3u8
黑龙江都市,http://[2409:8087:1a01:df::4025]:80/ottrrs.hl.chinamobile.com/PLTV/88888888/224/3221226301/1.m3u8
黑龙江都市,http://[2409:8087:1a01:df::4055]:80/TVOD/88888888/224/3221225969/main.m3u8
黑龙江都市,http://[2409:8087:1a01:df::4077]:80/ottrrs.hl.chinamobile.com/PLTV/88888888/224/3221226301/1.m3u8
黑龙江都市,https://stream1.freetv.fun/hei-long-jiang-du-shi-7.m3u8
黑龙江少儿,http://[2409:8087:1a01:df::7005]/ottrrs.hl.chinamobile.com/PLTV/88888888/224/3221226304/index.m3u8
黑龙江少儿,https://ls.qingting.fm/live/4972/64k.m3u8
黑龙江少儿,https://stream1.freetv.fun/hei-long-jiang-shao-er-8.m3u8
黑龙江少儿,https://stream1.freetv.fun/hei-long-jiang-shao-er-2.m3u8
黑龙江新闻,https://ls.qingting.fm/live/4974/64k.m3u8
黑龙江新闻,https://fenghuang.tv12.xyz/66.m3u8
黑龙江新闻,https://stream1.freetv.fun/hei-long-jiang-xin-wen-9.m3u8
哈尔滨新闻综合,https://stream1.freetv.fun/ha-er-bin-xin-wen-zong-he-4.m3u8
大庆新闻综合,https://stream1.freetv.fun/da-qing-xin-wen-zong-he-1.m3u8
鹤岗新闻综合,http://[2409:8087:1a01:df::4059]:80/TVOD/88888888/224/3221226073/main.m3u8
鹤岗新闻综合,http://[2409:8087:1a01:df::4060]:80/ottrrs.hl.chinamobile.com/PLTV/88888888/224/3221226534/index.m3u8
鹤岗新闻综合,http://[2409:8087:1a01:df::4060]/ottrrs.hl.chinamobile.com/PLTV/88888888/224/3221226534/index.m3u8
七台河新闻综合,http://live.qthnews.org.cn:1935/live/live1/800k/tzwj_video.m3u8
齐齐哈尔新闻综合,http://php.jdshipin.com/TVOD/hljyd.php?id=3221226437
齐齐哈尔新闻综合,http://[2409:8087:1a15:10d1::31]/ottrrs.hl.chinamobile.com/PLTV/88888888/224/3221226437/index.m3u8
齐齐哈尔新闻综合,https://stream1.freetv.fun/ipv6-qi-qi-ha-er-xin-wen-zong-he-3.m3u8
双鸭山综合,http://live.qthnews.org.cn:1935/live/live2/800k/tzwj_video.m3u8
七台河民生社教,http://yp.qqqtv.top/1/api.php?id=%E4%B8%83%E5%8F%B0%E6%B2%B3%E6%B0%91%E7%94%9F%E7%A4%BE%E6%95%99&auth=%2A%2A%2A
TVBS亚洲,http://38.64.72.148:80/hls/modn/list/4005/playlist.m3u8
TVBS亚洲,http://38.64.72.148/hls/modn/list/4005/chunklist0.m3u8
香港卫视,http://cctvtxyh5c.liveplay.myqcloud.com/cstv/xianggangweishi_2/index.m3u8
香港卫视,https://stream1.freetv.fun/5335c88a9a7d8b74173b491f480d4f94e8d3bd596af54478106aa2399e6c7917.ctv
香港卫视,https://stream1.freetv.fun/c751876ae5ceaa0d82b5cf2badc152342aa92a4b45bf504d12ee45966b2fc644.ctv
香港卫视,https://stream1.freetv.fun/5335c88a9a7d8b74173b491f480d4f94e8d3bd596af54478106aa2399e6c7917.m3u8
香港卫视,https://stream1.freetv.fun/ae7eaf28d8610cdc1651ef6a1f7dbb24b49c5a87627d0d881330afaea37a1616.m3u8
纬来体育,https://smart.pendy.dpdns.org/Smart.php?id=videolandsport
纬来体育,https://epg.pw/stream/8855a9936e37e608a0ec8a014cce1673dee9c5d68d560da376cc92e5edef2b25.m3u8
纬来体育,https://epg.pw/stream/ab6df63b64d0cc44a1f4f029ed847a26fa54a7aebd455578fb05a63f02c22f4b.m3u8
纬来体育,https://epg.pw/stream/4f18dfe0593db5c686eb64ae8edaf2a9202d4d46bdc9bbde2cee27708e12ea01.m3u8
纬来体育,https://hls-gateway.vpstv.net/streams/477026.m3u8
纬来育乐,https://hls-gateway.vpstv.net/streams/477081.m3u8
J2,https://hls-gateway.vpstv.net/streams/476932.m3u8
Viutv,http://r.jdshipin.com/vSJvl
Viutv,http://r.jdshipin.com/TcKr2
Viutv,http://php.jdshipin.com/TVOD/iptv.php?id=viutv
Viutv,http://php.jdshipin.com/TVOD/iptv.php?id=viutv2
Viutv,http://smt.1678520.xyz/smt3.2.3.php?id=viu1_twn
三立台湾,https://hls-gateway.vpstv.net/streams/477050.m3u8
三立新闻,https://stream1.freetv.fun/san-li-xin-wen-4.m3u8
三立新闻,https://hls-gateway.vpstv.net/streams/492922.m3u8
三立新闻,https://stream1.freetv.fun/san-li-xin-wen-3.m3u8
三立新闻,https://stream1.freetv.fun/san-li-xin-wen-5.ctv
三立新闻,https://raw.githubusercontent.com/ChiSheng9/iptv/master/TV32.m3u8
东森综合,https://hls-gateway.vpstv.net/streams/476987.m3u8
东森超视,http://38.64.72.148:80/hls/modn/list/2013/chunklist1.m3u8
东森电影,https://hls-gateway.vpstv.net/streams/476995.m3u8
东森电影,https://stream1.freetv.fun/dong-sen-dian-ying-8.ctv
靖天资讯,https://litv.tzh911.qzz.io/litv.php?id=4gtv-4gtv065&token=%2A%2A%2A
靖天资讯,https://hls-gateway.vpstv.net/streams/476258.m3u8
淘剧场,http://[2409:8087:1:20:20::26]/otttv.bj.chinamobile.com/PLTV/88888888/224/3221226553/1.m3u8?GuardEncType=2&accountinfo=~~V2.0~QaJ92NID2SpQlY6_VJVogg~_eNUbgU9sJGUcVVduOMKhafLvQUgE_zlz_7pvDimJNOuQYJeiYEeFWTkFfE86Vq-%2CEND
淘剧场,http://zjzcf.synology.me:35455/bptv/10000100000000050000000003887497.m3u8
淘剧场,http://iptv.666230.xyz/iptv/bjyd.php/6553
淘娱乐,http://[2409:8087:1:20:20::2c]/otttv.bj.chinamobile.com/PLTV/88888888/224/3221226551/1.m3u8?GuardEncType=2&accountinfo=~~V2.0~x0efg9fpenP8E8lWJUb5Lg~_eNUbgU9sJGUcVVduOMKhafLvQUgE_zlz_7pvDimJNNg3bzRax0E9tLmO9xgXVx8%2CEND
淘娱乐,http://zjzcf.synology.me:35455/bptv/10000100000000050000000003887499.m3u8
淘娱乐,http://iptv.666230.xyz/iptv/bjyd.php/6551
淘电影,http://[2409:8087:1:20:20::26]/otttv.bj.chinamobile.com/PLTV/88888888/224/3221226552/1.m3u8?GuardEncType=2&accountinfo=~~V2.0~XOsrWMA-UCdUl1hQSR9EKw~_eNUbgU9sJGUcVVduOMKhafLvQUgE_zlz_7pvDimJNNg3bzRax0E9tLmO9xgXVx8%2CEND
淘电影,https://stream1.freetv.fun/tao-dian-ying-8.ctv
淘电影,https://stream1.freetv.fun/tao-dian-ying-7.ctv
淘电影,https://stream1.freetv.fun/tao-dian-ying-3.ctv
淘电影,https://stream1.freetv.fun/tao-dian-ying-6.ctv
NewTV惊悚悬疑,http://[2409:8087:5e00:24::2d]:6610/000000001000/1/1000000004000024282/index.m3u8?channel-id=ystenlive&Contentid=1000000004000024282&livemode=1&stbId=YanG-1989
NewTV惊悚悬疑,http://php.jdshipin.com/TVOD/hnyd.php?id=200000001898%2F460000089800010077
NewTV惊悚悬疑,http://[2409:8087:1a0b:df::4002]:80/ottrrs.hl.chinamobile.com/TVOD/88888888/224/3221225665/index.m3u8
NewTV惊悚悬疑,http://ottrrs.hl.chinamobile.com/PLTV/88888888/224/3221225665/index.m3u8
NewTV惊悚悬疑,http://[2409:8087:2001:20:2800:0:df6e:eb18]/wh7f454c46tw2482771376_951312812/ott.mobaibox.com/PLTV/3/224/3221227536/index.m3u8
NewTV动作电影,http://php.jdshipin.com/TVOD/hnyd.php?id=200000001898%2F460000089800010003
NewTV动作电影,http://ott.mobaibox.com/PLTV/3/224/3221227606/index.m3u8
NewTV动作电影,https://iptv.catvod.com/live.php?id=NewTV%E5%8A%A8%E4%BD%9C%E7%94%B5%E5%BD%B1
纬来电影,https://hls-gateway.vpstv.net/streams/477063.m3u8
靖天映画,http://31.43.191.125:8080/vip6821768502490/6c17bae55394/34838
靖天映画,https://cdn12.178.indevs.in/163189/bd4752bd7828b2bf
靖天映画,https://litv.tzh911.qzz.io/litv.php?id=4gtv-4gtv055&token=%2A%2A%2A
靖天映画,https://hls-gateway.vpstv.net/streams/476302.m3u8
靖天戏剧,https://cdn12.178.indevs.in/163189/177d541552f78003
靖天戏剧,https://litv.tzh911.qzz.io/litv.php?id=4gtv-4gtv058&token=%2A%2A%2A
经典电影,https://txmov2.a.kwimgs.com/bs3/video-hls/5211790793651941963_hlsb.m3u8
经典电影,https://goodiptv.club/douyu/6091425
IPTV经典电影,http://43.138.0.72:35455/yy/1382754187
天映经典,http://mag.trexlive.me:80/play/live.php?extension=ts&mac=00%3A1A%3A79%3A7E%3A2F%3AED&stream=1919463
天映经典,http://php.jdshipin.com:8880/smt.php?id=Celestial2
天映经典,http://o11.163189.xyz/stream/live/ccm/
天映经典,https://php.jdshipin.com:2096/smt.php?id=Celestial2
天映经典,http://smt.1678520.xyz/smt3.2.3.php?id=Celestial2
无线星河,http://r.jdshipin.com/sXuuD
无线星河,http://r.jdshipin.com/Voac4
无线星河,http://php.jdshipin.com:8880/smt.php?id=Xinhe
无线星河,http://php.jdshipin.com/TVOD/iptv.php?id=xinghe
无线星河,https://iptv.707626.xyz/ch/35a8b1635c056f83fcb56fe163a0b487/master.m3u8
东森电影,https://hls-gateway.vpstv.net/streams/476995.m3u8
东森电影,https://stream1.freetv.fun/dong-sen-dian-ying-8.ctv
龙祥电影,http://31.43.191.125:8080/vip6821768502490/6c17bae55394/34825
东森洋片,http://31.43.191.125:8080/vip6821768502490/6c17bae55394/34904
东森洋片,https://hls-gateway.vpstv.net/streams/476997.m3u8
东森超视,https://stream1.freetv.fun/dong-sen-chao-shi-4.m3u8
东森超视,https://smart.pendy.dpdns.org/Smart.php?id=ettvsuper
东森超视,https://stream1.freetv.fun/dong-sen-chao-shi-2.m3u8
东森超视,https://stream1.freetv.fun/dong-sen-chao-shi-7.ctv
东森超视,https://stream1.freetv.fun/dong-sen-chao-shi-8.m3u8
纬来体育,https://smart.pendy.dpdns.org/Smart.php?id=videolandsport
纬来体育,https://epg.pw/stream/8855a9936e37e608a0ec8a014cce1673dee9c5d68d560da376cc92e5edef2b25.m3u8
纬来体育,https://epg.pw/stream/ab6df63b64d0cc44a1f4f029ed847a26fa54a7aebd455578fb05a63f02c22f4b.m3u8
纬来体育,https://epg.pw/stream/4f18dfe0593db5c686eb64ae8edaf2a9202d4d46bdc9bbde2cee27708e12ea01.m3u8
纬来体育,https://hls-gateway.vpstv.net/streams/477026.m3u8
爱体育,http://php.jdshipin.com:8880/itv6s.php?cid=wasusyt&id=6000000006000290630
爱体育,http://[2409:8087:5e08:24::11]:6610/000000001000/2000000004000000060/index.m3u8
爱体育,http://[2409:8087:5e08:24::17]:6610/000000001000/2000000004000000060/index.m3u8
爱体育,http://[2409:8087:5e08:24::12]:6610/000000001000/2000000004000000000/index.m3u8
爱体育,http://hwltc.tv.cdn.zj.chinamobile.com/PLTV/88888888/224/3221230103/index.m3u8
超级体育,http://[2409:8087:1a01:df::7005]:80/ottrrs.hl.chinamobile.com/TVOD/88888888/224/3221225715/index.m3u8
精品体育,https://epg.pw/stream/866a097a0907c9832440f8df38272dd555abf05200dfbafcc137e214c9b30ca7.m3u8
精品体育,https://epg.pw/stream/f7556eccd4ae06b0c2991fdc7a4f8388496559f728cc82459a8e50346040e226.m3u8
精品体育,https://epg.pw/stream/94ed0232b61ce8d89883160a4cdfbfc8f3225cae70ef8e17d93eec249a3c8ad6.m3u8
山东体育,https://stream1.freetv.fun/shan-dong-ti-yu-8.m3u8
山东体育,https://stream1.freetv.fun/shan-dong-ti-yu-19.m3u8
山东体育,https://stream1.freetv.fun/shan-dong-ti-yu-4.m3u8
山东体育,http://livealone302.iqilu.com/iqilu/typd.m3u8
山东体育,https://stream1.freetv.fun/shan-dong-ti-yu-7.m3u8
天津体育,http://63.141.230.178:82/gslb/zbdq5.m3u8?id=tjtv5
天津体育,http://38.75.136.137:98/gslb/dsdqpub/tjtv5.m3u8?auth=%2A%2A%2A
江苏体育,https://stream1.freetv.fun/af1087a1c24fff7af556ac8e6c5c623303d52966f67a998cefb52c17811b09a2.ctv
江苏体育,https://live.chinacert.cftest5.cn/cnmg/live/626064707
安徽综艺体育,https://live.lalifeier.eu.org/ahtv/ahzyty.m3u8?t=1745774515&key=%2A%2A%2A
安徽综艺体育,https://live.lalifeier.eu.org/ahtv/ahzyty.m3u8?t=1746292937&key=%2A%2A%2A
安徽综艺体育,https://live.lalifeier.eu.org/ahtv/ahzyty.m3u8?t=1746307365&key=%2A%2A%2A
安徽综艺体育,https://stream1.freetv.fun/an-hui-zong-yi-ti-yu-4.ctv
安徽综艺体育,https://stream1.freetv.fun/an-hui-zong-yi-ti-yu-8.m3u8
睛彩篮球,https://zby.130519.xyz/PLTV/11/224/3221226118/index.m3u8
睛彩篮球,http://[2409:8087:1a01:df::4055]:80/TVOD/88888888/224/3221225901/main.m3u8
睛彩广场舞,http://13937899.xyz:35455/itv/3000000020000011523.m3u8?cdn=FifastbLive
睛彩广场舞,http://zjzcf.synology.me:35455/itv/3000000020000011523.m3u8?cdn=FifastbLive
睛彩广场舞,http://[2409:8087:1a01:df::7005]:80/ottrrs.hl.chinamobile.com/TVOD/88888888/224/3221226472/index.m3u8
睛彩广场舞,http://[2409:8087:1a15:10d1::37]/ottrrs.hl.chinamobile.com/PLTV/88888888/224/3221226472/index.m3u8
睛彩广场舞,http://[2409:8087:1e01:20::3]/PLTV/11/224/3221226139/index.m3u8
足球频道,https://epg.pw/stream/c7df950876e6a1ceb8be74ee86f9f702cebbbae29f1d15124ef8f86fd43161cf.m3u8
足球频道,http://live-cmvideo.cmread.com:80/migu/lunbo/eufootball/57/20230310/01.m3u8?msisdn=&mtv_session=&HlsSubType=1&HlsProfileId=1&nphaid=0&encrypt=da834f97e3c8832f6fd8f2be9ba16464
魅力足球,https://hls-gateway.vpstv.net/streams/708839.m3u8
魅力足球,https://stream1.freetv.fun/mei-li-zu-qiu-1.m3u8
天元围棋,http://204.12.221.218:8181/3m1080p/gztywq.m3u8
快乐垂钓,https://migu.188766.xyz/?migutoken=%2A%2A%2A&id=%E5%BF%AB%E4%B9%90%E5%9E%82%E9%92%93&type=yy
快乐垂钓,https://hls-gateway.vpstv.net/streams/708835.m3u8
快乐垂钓,https://migu.188766.xyz/?migutoken=%2A%2A%2A&id=%E5%BF%AB%E4%B9%90%E5%9E%82%E9%92%93&type=yy
快乐垂钓,https://migu.188766.xyz/?migutoken=%2A%2A%2A&id=%E5%BF%AB%E4%B9%90%E5%9E%82%E9%92%93&type=yy
快乐垂钓,https://migu.188766.xyz/?migutoken=%2A%2A%2A&id=%E5%BF%AB%E4%B9%90%E5%9E%82%E9%92%93&type=yy
JJ斗地主,https://live.iill.top/douyin/685317364746
卡酷动画,https://zby.130519.xyz/PLTV/11/224/3221226019/index.m3u8
卡酷动画,http://[2409:8087:1a15:10d1::33]/ottrrs.hl.chinamobile.com/PLTV/88888888/224/3221225654/index.m3u8
卡酷动画,http://[2409:8087:5e08:25::16]:6610/200000001898/460000089800010081/1.m3u8
卡酷动画,https://migu.188766.xyz/?migutoken=%2A%2A%2A&id=%E5%8C%97%E4%BA%AC%E5%8D%A1%E9%85%B7%E5%B0%91%E5%84%BF&type=yy
卡酷动画,https://migu.188766.xyz/?migutoken=%2A%2A%2A&id=%E5%8C%97%E4%BA%AC%E5%8D%A1%E9%85%B7%E5%B0%91%E5%84%BF&type=yy
新动漫,https://migu.188766.xyz/?migutoken=%2A%2A%2A&id=%E6%96%B0%E5%8A%A8%E6%BC%AB&type=yy
新动漫,https://tv.iill.top/migu/xdm&token=2276b9830bd9e6d7f4858f72fe6095ad7d4eeb9d25164399bb076f31d3ce364b
新动漫,https://migu.188766.xyz/?migutoken=%2A%2A%2A&id=%E6%96%B0%E5%8A%A8%E6%BC%AB&type=yy
新动漫,https://migu.188766.xyz/?migutoken=%2A%2A%2A&id=%E6%96%B0%E5%8A%A8%E6%BC%AB&type=yy
新动漫,https://tv.iill.top/migu/xdm&token=886bce813f2cd4e37742d034db073fb39288ecfa7b0e43b20307dd9a2b2d0bdc
爱动漫,http://php.jdshipin.com:8880/itv6s.php?cid=wasusyt&id=6000000006000280630
爱动漫,http://[2409:8087:5e08:24::17]:6610/000000001000/2000000004000000059/index.m3u8
爱动漫,http://[2409:8087:5e08:24::11]:6610/000000001000/2000000004000000059/index.m3u8
爱动漫,http://hwltc.tv.cdn.zj.chinamobile.com/PLTV/88888888/224/3221235628/1/index.m3u8?fmt=ts2hls
CN卡通,https://hls-gateway.vpstv.net/streams/476247.m3u8
CN卡通,https://stream1.freetv.fun/cnqia-tong-3.ctv
浙江少儿,https://stream1.freetv.fun/zhe-jiang-shao-er-4.m3u8
浙江少儿,https://stream1.freetv.fun/zhe-jiang-shao-er-4.ctv
浙江少儿,https://stream1.freetv.fun/zhe-jiang-shao-er-6.ctv
浙江少儿,https://stream1.freetv.fun/zhe-jiang-shao-er-9.ctv
河北少儿科教,http://tv.pull.hebtv.com/jishi/shaoerkejiao.m3u8?t=2510710360&k=4ff4446adf3cce3de40dd013255b38b2
七龙珠,https://live.ottiptv.cc/huya/11601966
七龙珠,https://live.metshop.top/huya/11601966
七龙珠,http://cdn.jdshipin.com:8880/huya.php?id=11601966
火影忍者,http://cdn.jdshipin.com:8880/huya.php?id=29465866
海绵宝宝,https://live.metshop.top/douyu/3949681
中华小当家,https://live.metshop.top/huya/11342413
中华小当家,https://live.iill.top/huya/11342413
中华小当家,http://cdn.jdshipin.com:8880/huya.php?id=11342413
中华小当家,https://live.ottiptv.cc/huya/11342413
猫和老鼠,https://live.iill.top/huya/11352879
猫和老鼠,http://live.iill.top/huya.php?id=11352879
猫和老鼠,https://live.metshop.top/huya/11352879
猫和老鼠,http://cdn.jdshipin.com:8880/huya.php?id=11352879
猫和老鼠,https://live.ottiptv.cc/huya/11352879
蜡笔小新,https://live.ottiptv.cc/bilibili/30837590
漫画解说,https://www.goodiptv.club/douyu/5907076
漫画解说,https://yylunbo.ottiptv.cc/yy/1382735568
音乐现场,https://satellitepull.cnr.cn/live/wx32nmgyygb/playlist.m3u8
音乐广播,https://tv.iill.top/fm/552&token=7c908a370d95d78e90a9d2ba4007e5185038b0ceac7435ba90e72c77cc035ff6
音乐广播,https://tv.iill.top/fm/552&token=074c3dfc2f95090e006ab15f0d86b1aaef70b389a934b096ad5e6674b5724d0d
音乐广播,https://tv.iill.top/fm/552&token=9214268143febfaf9cbc3e9b7f092a03c3274273c99133a780217564b2ab7896
音乐广播,https://tv.iill.top/fm/552&token=0ba82b0a75c65ff5f1a8198b9de48d0532f0cf804be54dac2eacd7d0dbd56b0a
音乐广播,https://tv.iill.top/fm/552&token=bde1753ec6759720c20ecedff6ec428eed4e2dd71d1433181fa7f50b8724a5bf
笑傲江湖,https://live.iill.top/huya/23865142
笑傲江湖,https://live.metshop.top/huya/26355790
笑傲江湖,https://live.metshop.top/huya/23865142
笑傲江湖,http://cdn.jdshipin.com:8880/huya.php?id=26355790
笑傲江湖,http://cdn.jdshipin.com:8880/huya.php?id=23865142
天龙八部,http://jiaojirentv.top/2020/yy.php?id=1382881708
天龙八部,https://live.metshop.top/huya/20985816
天龙八部,http://cdn.jdshipin.com:8880/huya.php?id=20985816
天龙八部,https://live.ottiptv.cc/huya/20985816
天龙八部,https://live.ottiptv.cc/yy/1351814644
鹿鼎记,https://live.ottiptv.cc/yy/28265277
仙剑奇侠传,https://live.ottiptv.cc/yy/1382749903
西游记,http://173.208.234.146/live/vlxyj.m3u8
西游记,https://live.ottiptv.cc/huya/26355861
西游记,http://live.ottiptv.cc/huya/20985836
三国演义,https://live.iill.top/huya/11602081
三国演义,https://live.metshop.top/huya/11602081
三国演义,http://cdn.jdshipin.com:8880/huya.php?id=11602081
三国演义,https://live.ottiptv.cc/huya/11602081
水浒传,http://173.208.234.146/live/vlshz.m3u8
水浒传,http://live.ottiptv.cc/huya/26355860
水浒传,https://live.ottiptv.cc/yy/1353873252
新白娘子传奇,https://live.ottiptv.cc/yy/1354490667
封神榜,https://live.metshop.top/huya/29465849
封神榜,http://cdn.jdshipin.com:8880/huya.php?id=29465849
封神榜,https://live.ottiptv.cc/huya/29465849
闯关东,http://173.208.234.146/live/lbchuangguandong.m3u8
射雕英雄传,https://live.metshop.top/huya/23824164
射雕英雄传,http://cdn.jdshipin.com:8880/huya.php?id=23824164
射雕英雄传,https://live.ottiptv.cc/huya/23824164
延边卫视,http://[2409:8087:8:21::18]:6610/otttv.bj.chinamobile.com/PLTV/88888888/224/3221227045/1.m3u8?GuardEncType=2&accountinfo=~~V2.0~q0D3NdTUN7FuRzr8eJsbQA~tP4-l0lmSfjwLWEfK_el1vH_mv-s1zo4AQJwdedaVwG9xkuFTDg8J26cwOrNJzn20BErrHdLhuZ9EzLUCD3PMW-OMx4MGteHV2vLeW6BqoY%2CEND
康巴卫视,http://[2409:8087:8:21::18]:6610/otttv.bj.chinamobile.com/PLTV/88888888/224/3221227027/1.m3u8?GuardEncType=2&accountinfo=~~V2.0~kHMvBpWz4rccMxNvSRekpQ~tP4-l0lmSfjwLWEfK_el1vH_mv-s1zo4AQJwdedaVwG9xkuFTDg8J26cwOrNJzn20BErrHdLhuZ9EzLUCD3PMW-OMx4MGteHV2vLeW6BqoY%2CEND
浙江新闻,https://ali-m-l.cztv.com/channels/lantian/channel007/1080p.m3u8
浙江国际,https://ali-m-l.cztv.com/channels/lantian/channel010/1080p.m3u8
浙江少儿,https://ali-m-l.cztv.com/channels/lantian/channel008/1080p.m3u8
浙江教科,https://ali-m-l.cztv.com/channels/lantian/channel004/1080p.m3u8
之江纪录,https://ali-m-l.cztv.com/channels/lantian/channel012/1080p.m3u8
浙江民生,https://ali-m-l.cztv.com/channels/lantian/channel006/1080p.m3u8
浙江经济,https://ali-m-l.cztv.com/channels/lantian/channel003/1080p.m3u8
浙江钱江,https://ali-m-l.cztv.com/channels/lantian/channel002/1080p.m3u8
内蒙新闻,https://livestream-bt.nmtv.cn/nmtv/2316general.m3u8?txSecret=%2A%2A%2A&txTime=771E8800
内蒙经济,https://livestream-bt.nmtv.cn/nmtv/2317general.m3u8?txSecret=%2A%2A%2A&txTime=771E8800
内蒙少儿,https://livestream-bt.nmtv.cn/nmtv/2318general.m3u8?txSecret=%2A%2A%2A&txTime=771E8800
内蒙文体,https://livestream-bt.nmtv.cn/nmtv/2319general.m3u8?txSecret=%2A%2A%2A&txTime=771E8800
内蒙农牧,https://livestream-bt.nmtv.cn/nmtv/2320general.m3u8?txSecret=%2A%2A%2A&txTime=771E8800
蒙语卫视,https://livestream-bt.nmtv.cn/nmtv/2315general.m3u8?txSecret=%2A%2A%2A&txTime=771EF880
蒙语文化,https://livestream-bt.nmtv.cn/nmtv/2321general.m3u8?txSecret=%2A%2A%2A&txTime=771E8800
呼市新闻综合,https://livestream-bt.nmtv.cn/nmtv/2331general.m3u8?txSecret=%2A%2A%2A&txTime=771E8800
包头新闻综合,https://livestream-bt.nmtv.cn/nmtv/2358general.m3u8?txSecret=%2A%2A%2A&txTime=771E8800
鄂尔多斯新闻,https://livestream-bt.nmtv.cn/nmtv/2349general.m3u8?txSecret=%2A%2A%2A&txTime=771E8800
巴彦淖尔新闻,https://livestream-bt.nmtv.cn/nmtv/2348general.m3u8?txSecret=%2A%2A%2A&txTime=771E8800
赤峰新闻综合,https://livestream-bt.nmtv.cn/nmtv/2351general.m3u8?txSecret=%2A%2A%2A&txTime=771E8800
乌兰察布新闻,https://livestream-bt.nmtv.cn/nmtv/2354general.m3u8?txSecret=%2A%2A%2A&txTime=771E8800
CGTN记录,https://0472.org/hls/cgtnd.m3u8
CCTV-女性时尚,http://dassby.qqff.top:99/live/女性时尚/index.m3u8
CCTV-电视指南,http://dassby.qqff.top:99/live/电视指南/index.m3u8
直播中国,https://gcalic.v.myalicdn.com/gc/wgw05_1/index.m3u8?contentid=2820180516001
CGTN记录,https://0472.org/hls/cgtnd.m3u8
上海卫视,http://39.135.135.28/ottrrs.hl.chinamobile.com/PLTV/88888888/224/3221225735/index.m3u8
延边卫视,http://39.135.133.159/ottrrs.hl.chinamobile.com/PLTV/88888888/224/3221226516/index.m3u8
山东教育卫视,http://39.134.65.79/ottrrs.hl.chinamobile.com/PLTV/88888888/224/3221225655/index.m3u8
康巴卫视,http://39.134.65.65/ottrrs.hl.chinamobile.com/PLTV/88888888/224/3221225660/index.m3u8
安多卫视,http://39.134.65.78/ottrrs.hl.chinamobile.com/PLTV/88888888/224/3221225659/index.m3u8
动作电影,http://39.135.133.167/ottrrs.hl.chinamobile.com/PLTV/88888888/224/3221225661/index.m3u8
家庭剧场,http://39.134.65.3/ottrrs.hl.chinamobile.com/PLTV/88888888/224/3221225677/index.m3u8
军旅剧场,http://39.134.65.76/ottrrs.hl.chinamobile.com/PLTV/88888888/224/3221225676/index.m3u8
超级电视剧,http://39.135.133.156/ottrrs.hl.chinamobile.com/PLTV/88888888/224/3221225716/index.m3u8
超级体育,http://39.134.65.66/ottrrs.hl.chinamobile.com/PLTV/88888888/224/3221225715/index.m3u8
爱情喜剧,http://39.134.65.82/ottrrs.hl.chinamobile.com/PLTV/88888888/224/3221225669/index.m3u8
惊悚悬疑,http://39.134.65.89/ottrrs.hl.chinamobile.com/PLTV/88888888/224/3221225665/index.m3u8
东北热剧,http://39.134.65.74/ottrrs.hl.chinamobile.com/PLTV/88888888/224/3221225741/index.m3u8
欢乐剧场,http://39.135.135.28/ottrrs.hl.chinamobile.com/PLTV/88888888/224/3221225742/index.m3u8
潮妈辣妹,http://39.134.65.70/ottrrs.hl.chinamobile.com/PLTV/88888888/224/3221225685/index.m3u8
武博世界,http://39.134.65.64/ottrrs.hl.chinamobile.com/PLTV/88888888/224/3221225680/index.m3u8
中国功夫,http://39.134.65.62/ottrrs.hl.chinamobile.com/PLTV/88888888/224/3221225681/index.m3u8
农林卫视,http://home.wwang.pw:35455/itv/1000000005000266003.m3u8?cdn=ystenlive
延边卫视,http://home.wwang.pw:35455/itv/1000000005000266008.m3u8?cdn=ystenlive
安多卫视,http://home.wwang.pw:35455/itv/1000000005000266001.m3u8?cdn=ystenlive
厦门卫视,http://home.wwang.pw:35455/itv/1000000005000266006.m3u8?cdn=ystenlive
康巴卫视,http://home.wwang.pw:35455/itv/1000000005000266002.m3u8?cdn=ystenlive
香港卫视,http://zhibo.hkstv.tv/livestream/mutfysrq/playlist.m3u8
山东教育,http://home.wwang.pw:35455/itv/1000000002000004097.m3u8?cdn=ystenlive
延边卫视,https://live.ybtvyun.com/video/s10006-2f92b9e0b123/index.m3u8
安多卫视,http://stream.qhbtv.com/adws/playlist.m3u8?_upt=d60823ce1718441050
求索科学,http://home.wwang.pw:35455/itv/2000000004000000011.m3u8?cdn=hnbblive
求索生活,http://home.wwang.pw:35455/itv/2000000004000000008.m3u8?cdn=hnbblive
求索动物,http://home.wwang.pw:35455/itv/2000000004000000009.m3u8?cdn=hnbblive
爱上4K,http://wouu.net:9977/udp/239.93.0.97:5140
华数4K,http://home.wwang.pw:35455/itv/2000000004000000014.m3u8?cdn=hnbblive
纯享4K,http://home.wwang.pw:35455/itv/1000000004000011651.m3u8?cdn=ystenlive
纪实科教8K,http://111.31.106.140/downflv.brtvcloud.com/8klive/8kliveok.m3u8
中国天气,http://home.wwang.pw:35455/itv/5000000005000031974.m3u8?cdn=bestzb
1905电影网,http://php.jdshipin.com:8880/1905.php?id=1905dy
漫威电影,http://zzy789.xyz/douyu1.php?id=6140589
豆瓣电影,http://zzy789.xyz/douyu1.php?id=8770422
淘电影,http://[2409:8087:1:20:20::26]/otttv.bj.chinamobile.com/PLTV/88888888/224/3221226552/1.m3u8?GuardEncType=2&accountinfo=~~V2.0~XOsrWMA-UCdUl1hQSR9EKw~_eNUbgU9sJGUcVVduOMKhafLvQUgE_zlz_7pvDimJNNg3bzRax0E9tLmO9xgXVx8%2CEND
淘剧场,http://[2409:8087:1:20:20::26]/otttv.bj.chinamobile.com/PLTV/88888888/224/3221226553/1.m3u8?GuardEncType=2&accountinfo=~~V2.0~QaJ92NID2SpQlY6_VJVogg~_eNUbgU9sJGUcVVduOMKhafLvQUgE_zlz_7pvDimJNOuQYJeiYEeFWTkFfE86Vq-%2CEND
精彩影视,http://home.wwang.pw:35455/itv/6000000006000320630.m3u8?cdn=wasusyt
新视觉HD,http://120.76.248.139/live/bfgd/4200000249.m3u8
纪实科教,http://home.wwang.pw:35455/itv/1000000001000001910.m3u8?cdn=ystenlive
茶友频道,http://home.wwang.pw:35455/itv/5000000011000031209.m3u8?cdn=bestzb
快乐垂钓,http://home.wwang.pw:35455/itv/5000000011000031206.m3u8?cdn=bestzb
魅力足球,http://home.wwang.pw:35455/itv/5000000011000031207.m3u8?cdn=bestzb
纪实人文,http://home.wwang.pw:35455/itv/5000000004000010282.m3u8?cdn=bestzb
哒啵赛事,http://home.wwang.pw:35455/itv/1000000001000003775.m3u8?cdn=ystenlive
黑莓动画,http://home.wwang.pw:35455/itv/1000000004000021734.m3u8?cdn=ystenlive
乐游频道,http://home.wwang.pw:35455/itv/5000000011000031112.m3u8?cdn=bestzb
法治天地,http://home.wwang.pw:35455/itv/2000000002000000014.m3u8?cdn=hnbblive
七彩戏剧,http://home.wwang.pw:35455/itv/5000000011000031116.m3u8?cdn=bestzb
生活时尚,http://home.wwang.pw:35455/itv/5000000002000019634.m3u8?cdn=bestzb
都市剧场,http://home.wwang.pw:35455/itv/5000000011000031111.m3u8?cdn=bestzb
金色学堂,http://home.wwang.pw:35455/itv/5000000010000026105.m3u8?cdn=bestzb
南国都市,https://tencentplay.gztv.com/live/nanguodushi.m3u8?txSecret=%2A%2A%2A&txTime=1903e7b17de
足球频道,http://nmglive.imfc.cn/5n1r1c/182396.m3u8
天元围棋,http://wouu.net:9977/udp/239.93.42.55:5140
睛彩篮球,http://home.wwang.pw:35455/itv/2000000003000000061.m3u8?cdn=hnbblive
睛彩竞技,http://home.wwang.pw:35455/itv/2000000003000000060.m3u8?cdn=hnbblive
睛彩青少,http://home.wwang.pw:35455/itv/1000000006000270007.m3u8?cdn=ystenlive
睛彩广场舞,http://home.wwang.pw:35455/itv/2000000003000000062.m3u8?cdn=hnbblive
凤凰电影,http://home.js001.com:7777/stream/channelid/884059847?profile=pass
香港卫视,http://zhibo.hkstv.tv/livestream/mutfysrq/playlist.m3u8
澳视澳门,https://stream1.freetv.fun/ao-shi-ao-men-4.m3u8
澳亚卫视,https://stream1.freetv.fun/ao-ya-wei-shi-1.ctv
莲花卫视,http://php.jdshipin.com:8880/amlh.php
TVB无线星河,http://php.jdshipin.com:8880/smt.php?id=Xinhe
TVB娱乐新闻,http://ali.hlspull.yximgs.com/live/6425965d63a08c85ca806bfcc8c75cf4.flv
TVB J1,https://stream1.freetv.fun/fei-cui-tai-bei-mei-ban-1.ctv
TVB Plus,https://stream1.freetv.fun/tvb-j2-2.ctv
星光影视,http://ali.hlspull.yximgs.com/live/zxcvbnm9852.flv
环球电视,http://zb.xzxwhcb.com:9999/hls/world.m3u8
耀才财经,http://202.69.67.66:443/webcast/bshdlive-pc/playlist.m3u8
台视新闻,http://222.128.55.152:9080/live/ts.m3u8
华视新闻,http://222.128.55.152:9080/live/hs.m3u8
中视新闻,http://litv.zapi.us.kg/?id=4gtv-4gtv074
三立新闻,https://stream1.freetv.fun/san-li-xin-wen-3.m3u8
寰宇新闻,http://222.128.55.152:9080/live/hy.m3u8
东森超视,rtmp://f13h.mine.nu/sat/tv331
东森财经,http://litv.zapi.us.kg/?id=4gtv-4gtv153
民视新闻台,http://38.64.72.148:80/hls/modn/list/4012/chunklist1.m3u8
民视台湾台,http://litv.zapi.us.kg/?id=4gtv-4gtv001
民视第一台,http://litv.zapi.us.kg/?id=4gtv-4gtv003
民视综艺台,http://litv.zapi.us.kg/?id=4gtv-4gtv004
民视影剧台,http://litv.zapi.us.kg/?id=litv-ftv09
中天亚洲台,http://livetv.skycf.eu.org/live.m3u8?c=3
中视菁采,http://litv.zapi.us.kg/?id=4gtv-4gtv064
美亚C+,http://ottproxy2.ist.ooo/livehls/MOB-U1-NO/03.m3u8
MOMOTV,rtmp://f13h.mine.nu/sat/tv761
纬来日本,rtmp://f13h.mine.nu/sat/tv771
纬来电影,http://122.117.71.103:8554/http/61.222.53.250:8081/hls/69/811/ch35.m3u8
纬来体育,rtmp://f13h.mine.nu/sat/tv721
纬来育乐,rtmp://f13h.mine.nu/sat/tv701
纬来精采,http://61.221.215.25:8800/hls/48/index.m3u8
大爱1台,https://pulltv1.wanfudaluye.com/live/tv1.m3u8
大爱2台,https://pulltv2.wanfudaluye.com/live/tv2.m3u8
大立电视台,http://www.dalitv.com.tw:4568/live/dali/index.m3u8
TVBS新闻台,http://61.221.215.25:8800/hls/9/index.m3u8
TVBS欢乐台,http://litv.zapi.us.kg/?id=4gtv-4gtv068
番薯台,http://61.216.67.119:1935/TWHG/E1/chunklist_w705811302.m3u8
人间卫视,http://61.216.67.119:1935/bltvhd/bltv1/chunklist_w1266569526.m3u
八大戏剧台,http://61.221.215.25:8800/hls/39/index.m3u8
AMC电影台,http://61.221.215.25:8800/hls/43/index.m3u8
CAT电影,http://litv.zapi.us.kg/?id=4gtv-4gtv076
数位电影,http://litv.zapi.us.kg/?id=4gtv-4gtv011
龙华电影,http://37.27.111.214:8080/live/19/hls.m3u8
靖天电影,http://litv.zapi.us.kg/?id=4gtv-4gtv061
港台电视31,http://php.jdshipin.com:8880/TVOD/iptv.php?id=rthk31
港台电视32,http://php.jdshipin.com:8880/TVOD/iptv.php?id=rthk32
HOY TV,http://cdn.132.us.kg/live/hoy/stream.m3u8
28 AI 智慧賽馬,http://aktv-stream.m16tv.cfd/stream/aktv/28ai/AKTV.m3u8
Channel 5 HD,http://aktv-stream.m16tv.cfd/stream/aktv/channel5hd/AKTV.m3u8
Channel 8 HD,http://aktv-stream.m16tv.cfd/stream/aktv/channel8hd/AKTV.m3u8
Channel U HD,http://aktv-stream.m16tv.cfd/stream/aktv/channeluhd/AKTV.m3u8
myTV SUPER 18台,http://aktv-stream.m16tv.cfd/stream/aktv/mytvsuper18/AKTV.m3u8
PopC,http://aktv-stream.m16tv.cfd/stream/aktv/popc/AKTV.m3u8
ROCK Action,http://aktv-stream.m16tv.cfd/stream/aktv/rockaction/AKTV.m3u8
TVB Plus,http://aktv-stream.m16tv.cfd/stream/aktv/tvbplus/AKTV.m3u8
tvN,http://aktv-stream.m16tv.cfd/stream/aktv/tvn/AKTV.m3u8
千禧經典台(HK),http://aktv-stream.m16tv.cfd/stream/aktv/null-15/AKTV.m3u8
娛樂新聞台(HK),http://aktv-stream.m16tv.cfd/stream/aktv/hk/AKTV.m3u8
寰宇新聞台,http://aktv-stream.m16tv.cfd/stream/aktv/null-7/AKTV.m3u8
明珠剧集台(北美),http://aktv-stream.m16tv.cfd/stream/aktv/null-19/AKTV.m3u8
美亞電影台(HK),http://aktv-stream.m16tv.cfd/stream/aktv/hk-1/AKTV.m3u8
翡翠剧集台(北美),http://aktv-stream.m16tv.cfd/stream/aktv/null-18/AKTV.m3u8
翡翠台 4K,http://aktv-stream.m16tv.cfd/stream/aktv/4k/AKTV.m3u8
翡翠综合台(北美),http://aktv-stream.m16tv.cfd/stream/aktv/null-17/AKTV.m3u8
黃金翡翠台,http://aktv-stream.m16tv.cfd/stream/aktv/null-21/AKTV.m3u8
AXN,http://aktv-stream.m16tv.cfd/stream/aktv2/axn/AKTV.m3u8
Love Nature HD,http://aktv-stream.m16tv.cfd/stream/aktv2/lovenaturehd/AKTV.m3u8
National Geographic,http://aktv-stream.m16tv.cfd/stream/aktv2/nationalgeographic/AKTV.m3u8
Animax(HK),http://aktv-stream.m16tv.cfd/stream/aktv3/animaxhk/AKTV.m3u8
DW,http://aktv-stream.m16tv.cfd/stream/aktv3/dw/AKTV.m3u8
France 24,http://aktv-stream.m16tv.cfd/stream/aktv3/france24/AKTV.m3u8
KIX,http://aktv-stream.m16tv.cfd/stream/aktv3/kix/AKTV.m3u8
NHK World-Japan,http://aktv-stream.m16tv.cfd/stream/aktv3/nhkworldjapan/AKTV.m3u8
NHK東京総合,http://aktv-stream.m16tv.cfd/stream/aktv3/nhk/AKTV.m3u8
Nick Jr,http://aktv-stream.m16tv.cfd/stream/aktv3/nickjr/AKTV.m3u8
Nickelodeon,http://aktv-stream.m16tv.cfd/stream/aktv3/nickelodeon/AKTV.m3u8
Thrill,http://aktv-stream.m16tv.cfd/stream/aktv3/thrill/AKTV.m3u8
Xite Hits,http://aktv-stream.m16tv.cfd/stream/aktv3/xitehits/AKTV.m3u8
Xite Rock,http://aktv-stream.m16tv.cfd/stream/aktv3/xiterock/AKTV.m3u8
ZooMoo,http://aktv-stream.m16tv.cfd/stream/aktv3/zoomoo/AKTV.m3u8
亞洲新聞台,http://aktv-stream.m16tv.cfd/stream/aktv3/null-3/AKTV.m3u8
東方衛視國際頻道,http://aktv-stream.m16tv.cfd/stream/aktv3/null/AKTV.m3u8
無線衛星新聞台,http://aktv-stream.m16tv.cfd/stream/aktv3/null-2/AKTV.m3u8
Celestial Movies,http://aktv-stream.m16tv.cfd/stream/astro_a1/celestialmovies/AKTV.m3u8
CINEMAWORLD,http://aktv-stream.m16tv.cfd/stream/astro_a1/ch31/AKTV.m3u8
FIGHT SPORTS,http://aktv-stream.m16tv.cfd/stream/astro_a1/ch85/AKTV.m3u8
Mediacorp Entertainment Chinese,http://aktv-stream.m16tv.cfd/stream/astro_a1/mediacorpentertainmentchinese/AKTV.m3u8
NBA TV,http://aktv-stream.m16tv.cfd/stream/astro_a1/ch84/AKTV.m3u8
Sukan,http://aktv-stream.m16tv.cfd/stream/astro_a1/ch89/AKTV.m3u8
TV9,http://aktv-stream.m16tv.cfd/stream/astro_a1/ch18/AKTV.m3u8
TVB Xing He,http://aktv-stream.m16tv.cfd/stream/astro_a1/tvbxinghe/AKTV.m3u8
Unifi Sport,http://aktv-stream.m16tv.cfd/stream/astro_a1/ch88/AKTV.m3u8
曼聯電視頻道,http://aktv-stream.m16tv.cfd/stream/astro_a1/ch87/AKTV.m3u8
朝鮮恩情台,http://aktv-stream.m16tv.cfd/stream/nknews/null/AKTV.m3u8
ELTV生活英語台,http://aktv-stream.m16tv.cfd/stream/taiwan/eltv/AKTV.m3u8
三立新聞iNEWS,http://aktv-stream.m16tv.cfd/stream/taiwan/inews/AKTV.m3u8
中視新聞,http://aktv-stream.m16tv.cfd/stream/taiwan/null-13/AKTV.m3u8
倪珍英語新聞,http://aktv-stream.m16tv.cfd/stream/taiwan/null-1/AKTV.m3u8
台視新聞,http://aktv-stream.m16tv.cfd/stream/taiwan/null-15/AKTV.m3u8
龍華偶像台,http://aktv-stream.m16tv.cfd/stream/taiwan/null-9/AKTV.m3u8
龍華日韓台,http://aktv-stream.m16tv.cfd/stream/taiwan/null-7/AKTV.m3u8
龍華經典台,http://aktv-stream.m16tv.cfd/stream/taiwan/null/AKTV.m3u8
龍華電影台,http://aktv-stream.m16tv.cfd/stream/taiwan/null-8/AKTV.m3u8
Astro Football,http://aktv-stream.m16tv.cfd/stream/tuntun/astrofootball/AKTV.m3u8
Astro IQIYI,http://aktv-stream.m16tv.cfd/stream/tuntun/fashiontv4k/AKTV.m3u8
Astro QJ,http://aktv-stream.m16tv.cfd/stream/tuntun/astroqj/AKTV.m3u8
Astro 欢喜台,http://aktv-stream.m16tv.cfd/stream/tuntun/astro/AKTV.m3u8
NTV NEWS 24,http://aktv-stream.m16tv.cfd/stream/useradd1/ntvnews24/AKTV.m3u8
viuTV,http://aktv-stream.m16tv.cfd/stream/useradd1/viutv/AKTV.m3u8
朝鲜恩情台,http://aktv-stream.m16tv.cfd/stream/nknews/null/AKTV.m3u8
黑莓动画,http://home.wwang.pw:35455/itv/1000000004000021734.m3u8?cdn=ystenlive
新动漫,http://nas.hssvm.com:8888/udp/225.1.1.216:5002
tvg-id="爱动漫" tvg-name="iHOT爱动漫" tvg-logo="https://gitee.com/suxuang/epglogo/raw/master/IHOT/ihot11.png" group-title="动画频道",爱动漫,http://home.wwang.pw:35455/itv/2000000004000000059.m3u8?cdn=hnbblive
浙江少儿,https://ali-m-l.cztv.com/channels/lantian/channel008/1080p.m3u8
河北少儿,http://tv.pull.hebtv.com/jishi/shaoerkejiao.m3u8?t=2510710360&k=4ff4446adf3cce3de40dd013255b38b2
黑龙江少儿,http://39.134.182.166/hwltc.tv.cdn.zj.chinamobile.com/PLTV/88888888/224/3221226304/index.m3u8
海南少儿,http://[2409:8087:5e00:24::1e]:6060/000000001000/4600001000000000112/1.m3u8
甘肃少儿,https://hls.gstv.com.cn/49048r/922k96.m3u8
宁夏少儿,https://hls.ningxiahuangheyun.com/live/nxse1M.m3u8
内蒙古少儿,https://livestream-bt.nmtv.cn/nmtv/2318general.m3u8?txSecret=%2A%2A%2A&txTime=771E8800
七龙珠,http://182.40.120.195/test-txdwk.flv.huya.com/src/1524418081-1524418081-6547325803326078976-3048959618-10057-A-0-1.m3u8
灌篮高手,http://1.94.31.214:35455/yy/1382735626
哆啦A梦,http://1.94.31.214:35455/huya/11601963
猫和老鼠,http://182.40.120.180/test-txdwk.flv.huya.com/src/1423782038-1423782038-6115097289842229248-2847687532-10057-A-0-1.m3u8
蜡笔小新,http://182.40.120.230/test-txdwk.flv.huya.com/src/1423787878-1423787878-6115122372451237888-2847699212-10057-A-0-1.m3u8
喜羊羊与灰太狼,http://1.94.31.214:35455/huya/23865080
精灵宝可梦,http://1.94.31.214:35455/huya/23749096
航海王,http://1.94.31.214:35455/huya/16913382
名侦探柯南,http://1.94.31.214:35455/huya/30080236
中华小当家,http://1.94.31.214:35455/huya/11342413
iHOT 爱喜剧,http://39.134.182.166/hwltc.tv.cdn.zj.chinamobile.com/PLTV/88888888/224/3221230022/smil/index.m3u8?fmt=ts2hls
iHOT 爱科幻,http://39.134.182.166/hwltc.tv.cdn.zj.chinamobile.com/PLTV/88888888/224/3221230025/smil/index.m3u8?fmt=ts2hls
iHOT 爱院线,http://39.134.182.166/hwltc.tv.cdn.zj.chinamobile.com/PLTV/88888888/224/3221230019/smil/index.m3u8?fmt=ts2hls
iHOT 爱浪漫,http://39.134.182.166/hwltc.tv.cdn.zj.chinamobile.com/PLTV/88888888/224/3221230005/smil/index.m3u8?fmt=ts2hls
iHOT 爱悬疑,http://39.134.182.166/hwltc.tv.cdn.zj.chinamobile.com/PLTV/88888888/224/3221230098/index.m3u8
iHOT 爱谍战,http://39.134.182.166/hwltc.tv.cdn.zj.chinamobile.com/PLTV/88888888/224/3221230092/index.m3u8
iHOY 爱历史,http://39.134.182.166/hwltc.tv.cdn.zj.chinamobile.com/PLTV/88888888/224/3221230100/index.m3u8
iHOT 爱科学,http://39.134.182.166/hwltc.tv.cdn.zj.chinamobile.com/PLTV/88888888/224/3221235603/smil/index.m3u8?fmt=ts2hls
iHOT 爱幼教,http://39.134.182.166/hwltc.tv.cdn.zj.chinamobile.com/PLTV/88888888/224/3221235622/smil/index.m3u8?fmt=ts2hls
iHOT 爱玩具,http://39.134.182.166/hwltc.tv.cdn.zj.chinamobile.com/PLTV/88888888/224/3221235626/smil/index.m3u8?fmt=ts2hls
iHOT 爱赛车,http://39.134.182.166/hwltc.tv.cdn.zj.chinamobile.com/PLTV/88888888/224/3221230032/index.m3u8
iHOT 爱旅行,http://39.134.182.166/hwltc.tv.cdn.zj.chinamobile.com/PLTV/88888888/224/3221230052/index.m3u8
iHOT 爱奇谈,http://39.134.182.166/hwltc.tv.cdn.zj.chinamobile.com/PLTV/88888888/224/3221235605/smil/index.m3u8?fmt=ts2hls
iHOT 爱动漫,http://39.134.182.166/hwltc.tv.cdn.zj.chinamobile.com/PLTV/88888888/224/3221235628/smil/index.m3u8?fmt=ts2hls
iHOT 爱体育,http://39.134.182.166/hwltc.tv.cdn.zj.chinamobile.com/PLTV/88888888/224/3221230103/index.m3u8
NewTV 超级电影,http://home.wwang.pw:35455/itv/1000000003000012426.m3u8?cdn=ystenlive
NewTV 超级电视剧,http://home.wwang.pw:35455/itv/1000000004000024993.m3u8?cdn=ystenlive
NewTV 超级体育,http://home.wwang.pw:35455/itv/1000000001000009601.m3u8?cdn=ystenlive
NewTV 魅力潇湘,http://[2409:8087:5e00:24::2d]:6610/000000001000/1/1000000001000006197/index.m3u8?channel-id=ystenlive&Contentid=1000000001000006197&livemode=1&stbId=YanG-1989
NewTV 东北热剧,http://[2409:8087:5e00:24::2d]:6610/000000001000/1/1000000005000266013/index.m3u8?channel-id=ystenlive&Contentid=1000000005000266013&livemode=1&stbId=YanG-1989
NewTV 欢乐剧场,http://[2409:8087:5e00:24::2d]:6610/000000001000/1/1000000005000266012/index.m3u8?channel-id=ystenlive&Contentid=1000000005000266012&livemode=1&stbId=YanG-1989
NewTV 怡伴健康,http://[2409:8087:5e00:24::2d]:6610/000000001000/1/1000000005000266011/index.m3u8?channel-id=ystenlive&Contentid=1000000005000266011&livemode=1&stbId=YanG-1989
NewTV 潮妈辣婆,http://[2409:8087:5e00:24::2d]:6610/000000001000/1/2000000003000000018/index.m3u8?channel-id=hnbblive&Contentid=2000000003000000018&livemode=1&stbId=YanG-1989
NewTV 军旅剧场,http://[2409:8087:5e00:24::2d]:6610/000000001000/1/2000000003000000014/index.m3u8?channel-id=hnbblive&Contentid=2000000003000000014&livemode=1&stbId=YanG-1989
NewTV 军事评论,http://[2409:8087:5e00:24::2d]:6610/000000001000/1/2000000003000000022/index.m3u8?channel-id=hnbblive&Contentid=2000000003000000022&livemode=1&stbId=YanG-1989
NewTV 中国功夫,http://[2409:8087:5e00:24::2d]:6610/000000001000/1/2000000003000000009/index.m3u8?channel-id=hnbblive&Contentid=2000000003000000009&livemode=1&stbId=YanG-1989
NewTV 农业致富,http://[2409:8087:5e00:24::2d]:6610/000000001000/1/6193684637634073625/index.m3u8?channel-id=ystenlive&Contentid=6193684637634073625&livemode=1&stbId=YanG-1989
NewTV 动作电影,http://39.134.182.166/hwltc.tv.cdn.zj.chinamobile.com/PLTV/88888888/224/3221236183/index.m3u8
NewTV 家庭剧场,http://[2409:8087:5e00:24::2d]:6610/000000001000/1/1000000004000008284/index.m3u8?channel-id=ystenlive&Contentid=1000000004000008284&livemode=1&stbId=YanG-1989
NewTV 惊悚悬疑,http://[2409:8087:5e00:24::2d]:6610/000000001000/1/1000000004000024282/index.m3u8?channel-id=ystenlive&Contentid=1000000004000024282&livemode=1&stbId=YanG-1989
NewTV 炫舞未来,http://[2409:8087:5e00:24::2d]:6610/000000001000/1/1000000001000000515/index.m3u8?channel-id=ystenlive&Contentid=1000000001000000515&livemode=1&stbId=YanG-1989
NewTV 精品萌宠,http://[2409:8087:5e00:24::2d]:6610/000000001000/1/1000000006000032328/index.m3u8?channel-id=ystenlive&Contentid=1000000006000032328&livemode=1&stbId=YanG-1989
NewTV 精品体育,http://39.134.182.166/hwltc.tv.cdn.zj.chinamobile.com/PLTV/88888888/224/3221236300/index.m3u8
NewTV 精品记录,http://[2409:8087:5e00:24::2d]:6610/000000001000/1/1000000004000013730/index.m3u8?channel-id=ystenlive&Contentid=1000000004000013730&livemode=1&stbId=YanG-1989
NewTV 武搏世界,http://[2409:8087:5e00:24::2d]:6610/000000001000/1/2000000003000000007/index.m3u8?channel-id=hnbblive&Contentid=2000000003000000007&livemode=1&stbId=YanG-1989
NewTV 明星大片,http://[2409:8087:5e00:24::2d]:6610/000000001000/1/1000000004000019008/index.m3u8?channel-id=ystenlive&Contentid=1000000004000019008&livemode=1&stbId=YanG-1989
NewTV 爱情喜剧,http://home.wwang.pw:35455/itv/2000000003000000010.m3u8?cdn=hnbblive
星光影院,http://[2409:8087:5e00:24::2d]:6610/000000001000/1/5000000011000288013/index.m3u8?channel-id=bestzb&Contentid=5000000011000288013&livemode=1&stbId=YanG-1989
谍战剧场,http://[2409:8087:5e00:24::2d]:6610/000000001000/1/5000000011000288004/index.m3u8?channel-id=bestzb&Contentid=5000000011000288004&livemode=1&stbId=YanG-1989
华语影院,http://[2409:8087:5e00:24::2d]:6610/000000001000/1/5000000011000288005/index.m3u8?channel-id=bestzb&Contentid=5000000011000288005&livemode=1&stbId=YanG-1989
全球大片,http://[2409:8087:5e00:24::2d]:6610/000000001000/1/5000000011000288009/index.m3u8?channel-id=bestzb&Contentid=5000000011000288009&livemode=1&stbId=YanG-1989
热门剧场,http://[2409:8087:5e00:24::2d]:6610/000000001000/1/5000000011000288010/index.m3u8?channel-id=bestzb&Contentid=5000000011000288010&livemode=1&stbId=YanG-1989
宝宝动画,http://[2409:8087:5e00:24::2d]:6610/000000001000/1/5000000011000288002/index.m3u8?channel-id=bestzb&Contentid=5000000011000288002&livemode=1&stbId=YanG-1989
精品综合,http://[2409:8087:5e00:24::2d]:6610/000000001000/1/5595720619887440144/index.m3u8?channel-id=ystenlive&Contentid=5595720619887440144&livemode=1&stbId=YanG-1989
电竞天堂,http://[2409:8087:5e00:24::2d]:6610/000000001000/1/5000000011000288003/index.m3u8?channel-id=bestzb&Contentid=5000000011000288003&livemode=1&stbId=YanG-1989
热门综艺,http://[2409:8087:5e00:24::2d]:6610/000000001000/1/5000000011000288011/index.m3u8?channel-id=bestzb&Contentid=5000000011000288011&livemode=1&stbId=YanG-1989
戏曲精选,http://[2409:8087:5e00:24::2d]:6610/000000001000/1/5000000011000288012/index.m3u8?channel-id=bestzb&Contentid=5000000011000288012&livemode=1&stbId=YanG-1989
热播精选,http://[2409:8087:5e00:24::2d]:6610/000000001000/1/7681593242002292003/index.m3u8?channel-id=ystenlive&Contentid=7681593242002292003&livemode=1&stbId=YanG-1989
看天下精选,http://[2409:8087:5e00:24::2d]:6610/000000001000/1/5000000011000288007/index.m3u8?channel-id=bestzb&Contentid=5000000011000288007&livemode=1&stbId=YanG-1989
亚洲影院,http://[2409:8087:5e00:24::2d]:6610/000000001000/1/5841816227539527643/index.m3u8?channel-id=wasusyt&Contentid=5841816227539527643&livemode=1&stbId=YanG-1989
欧美影院,http://[2409:8087:5e00:24::2d]:6610/000000001000/1/7185203501769528108/index.m3u8?channel-id=wasusyt&Contentid=7185203501769528108&livemode=1&stbId=YanG-1989
探索纪录,http://[2409:8087:5e00:24::2d]:6610/000000001000/1/5359008697329269813/index.m3u8?channel-id=wasusyt&Contentid=5359008697329269813&livemode=1&stbId=YanG-1989
少儿动漫,http://[2409:8087:5e00:24::2d]:6610/000000001000/1/8145334647720731271/index.m3u8?channel-id=wasusyt&Contentid=8145334647720731271&livemode=1&stbId=YanG-1989
青春动漫,http://[2409:8087:5e00:24::2d]:6610/000000001000/1/5000000011000288008/index.m3u8?channel-id=bestzb&Contentid=5000000011000288008&livemode=1&stbId=YanG-1989
百变课堂,http://[2409:8087:5e00:24::2d]:6610/000000001000/1/5000000011000288001/index.m3u8?channel-id=bestzb&Contentid=5000000011000288001&livemode=1&stbId=YanG-1989
电子竞技,http://[2409:8087:5e00:24::2d]:6610/000000001000/1/6000000003000011654/index.m3u8?channel-id=wasusyt&Contentid=6000000003000011654&livemode=1&stbId=YanG-1989
风尚音乐,http://[2409:8087:5e00:24::2d]:6610/000000001000/1/5529729098703832176/index.m3u8?channel-id=wasusyt&Contentid=5529729098703832176&livemode=1&stbId=YanG-1989
高清娱乐,http://[2409:8087:5e00:24::2d]:6610/000000001000/1/6000000003000001569/index.m3u8?channel-id=wasusyt&Contentid=6000000003000001569&livemode=1&stbId=YanG-1989
漫游世界,http://[2409:8087:5e00:24::2d]:6610/000000001000/1/6000000003000028434/index.m3u8?channel-id=wasusyt&Contentid=6000000003000028434&livemode=1&stbId=YanG-1989
健康养生,http://home.wwang.pw:35455/itv/5000000011000288006.m3u8?cdn=bestzb
英雄联盟音乐节,http://[2409:8087:5e00:24::2d]:6610/000000001000/1/8978605063318475207/index.m3u8?channel-id=ystenlive&Contentid=8978605063318475207&livemode=1&stbId=YanG-1989
咪咕直播1,http://home.wwang.pw:35455/itv/1000000006000270004.m3u8?cdn=ystenlive
咪咕直播2,http://[2409:8087:5e00:24::2d]:6610/000000001000/1/3000000001000005969/index.m3u8?channel-id=FifastbLive&Contentid=3000000001000005969&livemode=1&stbId=YanG-1989
咪咕直播3,http://[2409:8087:5e00:24::2d]:6610/000000001000/1/3000000001000007218/index.m3u8?channel-id=FifastbLive&Contentid=3000000001000007218&livemode=1&stbId=YanG-1989
咪咕直播4,http://[2409:8087:5e00:24::2d]:6610/000000001000/1/3000000001000008001/index.m3u8?channel-id=FifastbLive&Contentid=3000000001000008001&livemode=1&stbId=YanG-1989
咪咕直播5,http://[2409:8087:5e00:24::2d]:6610/000000001000/1/3000000001000008176/index.m3u8?channel-id=FifastbLive&Contentid=3000000001000008176&livemode=1&stbId=YanG-1989
咪咕直播6,http://[2409:8087:5e00:24::2d]:6610/000000001000/1/3000000001000008379/index.m3u8?channel-id=FifastbLive&Contentid=3000000001000008379&livemode=1&stbId=YanG-1989
咪咕直播7,http://[2409:8087:5e00:24::2d]:6610/000000001000/1/3000000001000010129/index.m3u8?channel-id=FifastbLive&Contentid=3000000001000010129&livemode=1&stbId=YanG-1989
咪咕直播8,http://[2409:8087:5e00:24::2d]:6610/000000001000/1/3000000001000010948/index.m3u8?channel-id=FifastbLive&Contentid=3000000001000010948&livemode=1&stbId=YanG-1989
咪咕直播9,http://[2409:8087:5e00:24::2d]:6610/000000001000/1/3000000001000028638/index.m3u8?channel-id=FifastbLive&Contentid=3000000001000028638&livemode=1&stbId=YanG-1989
咪咕直播10,http://[2409:8087:5e00:24::2d]:6610/000000001000/1/3000000001000031494/index.m3u8?channel-id=FifastbLive&Contentid=3000000001000031494&livemode=1&stbId=YanG-1989
咪咕直播11,http://[2409:8087:5e00:24::2d]:6610/000000001000/1/3000000010000000097/index.m3u8?channel-id=FifastbLive&Contentid=3000000010000000097&livemode=1&stbId=YanG-1989
咪咕直播12,http://[2409:8087:5e00:24::2d]:6610/000000001000/1/3000000010000002019/index.m3u8?channel-id=FifastbLive&Contentid=3000000010000002019&livemode=1&stbId=YanG-1989
咪咕直播13,http://[2409:8087:5e00:24::2d]:6610/000000001000/1/3000000010000002809/index.m3u8?channel-id=FifastbLive&Contentid=3000000010000002809&livemode=1&stbId=YanG-1989
咪咕直播14,http://[2409:8087:5e00:24::2d]:6610/000000001000/1/3000000010000003915/index.m3u8?channel-id=FifastbLive&Contentid=3000000010000003915&livemode=1&stbId=YanG-1989
咪咕直播15,http://[2409:8087:5e00:24::2d]:6610/000000001000/1/3000000010000004193/index.m3u8?channel-id=FifastbLive&Contentid=3000000010000004193&livemode=1&stbId=YanG-1989
咪咕直播16,http://[2409:8087:5e00:24::2d]:6610/000000001000/1/3000000010000005837/index.m3u8?channel-id=FifastbLive&Contentid=3000000010000005837&livemode=1&stbId=YanG-1989
咪咕直播17,http://[2409:8087:5e00:24::2d]:6610/000000001000/1/3000000010000006077/index.m3u8?channel-id=FifastbLive&Contentid=3000000010000006077&livemode=1&stbId=YanG-1989
咪咕直播18,http://[2409:8087:5e00:24::2d]:6610/000000001000/1/3000000010000006658/index.m3u8?channel-id=FifastbLive&Contentid=3000000010000006658&livemode=1&stbId=YanG-1989
咪咕直播19,http://[2409:8087:5e00:24::2d]:6610/000000001000/1/3000000010000009788/index.m3u8?channel-id=FifastbLive&Contentid=3000000010000009788&livemode=1&stbId=YanG-1989
咪咕直播20,http://[2409:8087:5e00:24::2d]:6610/000000001000/1/3000000010000010833/index.m3u8?channel-id=FifastbLive&Contentid=3000000010000010833&livemode=1&stbId=YanG-1989
咪咕直播21,http://[2409:8087:5e00:24::2d]:6610/000000001000/1/3000000010000011297/index.m3u8?channel-id=FifastbLive&Contentid=3000000010000011297&livemode=1&stbId=YanG-1989
咪咕直播22,http://[2409:8087:5e00:24::2d]:6610/000000001000/1/3000000010000011518/index.m3u8?channel-id=FifastbLive&Contentid=3000000010000011518&livemode=1&stbId=YanG-1989
咪咕直播23,http://[2409:8087:5e00:24::2d]:6610/000000001000/1/3000000010000012558/index.m3u8?channel-id=FifastbLive&Contentid=3000000010000012558&livemode=1&stbId=YanG-1989
咪咕直播24,http://[2409:8087:5e00:24::2d]:6610/000000001000/1/3000000010000012616/index.m3u8?channel-id=FifastbLive&Contentid=3000000010000012616&livemode=1&stbId=YanG-1989
咪咕直播25,http://[2409:8087:5e00:24::2d]:6610/000000001000/1/3000000010000015470/index.m3u8?channel-id=FifastbLive&Contentid=3000000010000015470&livemode=1&stbId=YanG-1989
咪咕直播26,http://[2409:8087:5e00:24::2d]:6610/000000001000/1/3000000010000015560/index.m3u8?channel-id=FifastbLive&Contentid=3000000010000015560&livemode=1&stbId=YanG-1989
咪咕直播27,http://[2409:8087:5e00:24::2d]:6610/000000001000/1/3000000010000017678/index.m3u8?channel-id=FifastbLive&Contentid=3000000010000017678&livemode=1&stbId=YanG-1989
咪咕直播28,http://[2409:8087:5e00:24::2d]:6610/000000001000/1/3000000010000019839/index.m3u8?channel-id=FifastbLive&Contentid=3000000010000019839&livemode=1&stbId=YanG-1989
咪咕直播29,http://[2409:8087:5e00:24::2d]:6610/000000001000/1/3000000010000021904/index.m3u8?channel-id=FifastbLive&Contentid=3000000010000021904&livemode=1&stbId=YanG-1989
咪咕直播30,http://[2409:8087:5e00:24::2d]:6610/000000001000/1/3000000010000023434/index.m3u8?channel-id=FifastbLive&Contentid=3000000010000023434&livemode=1&stbId=YanG-1989
咪咕直播31,http://[2409:8087:5e00:24::2d]:6610/000000001000/1/3000000010000025380/index.m3u8?channel-id=FifastbLive&Contentid=3000000010000025380&livemode=1&stbId=YanG-1989
咪咕直播32,http://[2409:8087:5e00:24::2d]:6610/000000001000/1/3000000010000027691/index.m3u8?channel-id=FifastbLive&Contentid=3000000010000027691&livemode=1&stbId=YanG-1989
咪咕直播33,http://[2409:8087:5e00:24::2d]:6610/000000001000/1/3000000010000031669/index.m3u8?channel-id=FifastbLive&Contentid=3000000010000031669&livemode=1&stbId=YanG-1989
咪咕直播34,http://[2409:8087:5e00:24::2d]:6610/000000001000/1/3000000020000011518/index.m3u8?channel-id=FifastbLive&Contentid=3000000020000011518&livemode=1&stbId=YanG-1989
咪咕直播35,http://[2409:8087:5e00:24::2d]:6610/000000001000/1/3000000020000011519/index.m3u8?channel-id=FifastbLive&Contentid=3000000020000011519&livemode=1&stbId=YanG-1989
咪咕直播36,http://[2409:8087:5e00:24::2d]:6610/000000001000/1/3000000020000011520/index.m3u8?channel-id=FifastbLive&Contentid=3000000020000011520&livemode=1&stbId=YanG-1989
咪咕直播37,http://[2409:8087:5e00:24::2d]:6610/000000001000/1/3000000020000011521/index.m3u8?channel-id=FifastbLive&Contentid=3000000020000011521&livemode=1&stbId=YanG-1989
咪咕直播38,http://[2409:8087:5e00:24::2d]:6610/000000001000/1/3000000020000011522/index.m3u8?channel-id=FifastbLive&Contentid=3000000020000011522&livemode=1&stbId=YanG-1989
欧美大片,http://1.94.31.214:35455/douyu/2793084
漫威影院,http://1.94.31.214:35455/douyu/1713615
邵氏影院,http://1.94.31.214:35455/douyu/4246519
神乐欧美影院,http://tc-tct.douyucdn2.cn/dyliveflv1a/20415rnWbjg6Ex1K_2000.flv?wsAuth=%2A%2A%2A&token=%2A%2A%2A&logo=0&expire=%2A%2A%2A&did=d010b07dcb997ada9934081c873542f0&origin=tct&vhost=play2
神乐华语影院,http://tc-tct.douyucdn2.cn/dyliveflv1a/85894rmovieChow_4000.xs?wsAuth=%2A%2A%2A&token=%2A%2A%2A&logo=0&expire=%2A%2A%2A&did=d1bae13724faf6e93becdd6000021601&origin=hw
贝爷欧美影院,http://tc-tct.douyucdn2.cn/dyliveflv1a/252802r9ADrCZlEH_2000.xs?wsAuth=%2A%2A%2A&token=%2A%2A%2A&logo=0&expire=%2A%2A%2A&did=d1bae13724faf6e93becdd6000021601&origin=hw
贝爷科幻影厅,http://tc-tct.douyucdn2.cn/dyliveflv1a/36337rdhzupjKkHQ_2000.xs?wsAuth=%2A%2A%2A&token=%2A%2A%2A&logo=0&expire=%2A%2A%2A&did=d1bae13724faf6e93becdd6000021601&origin=hw
贝爷MAX影厅,http://tc-tct.douyucdn2.cn/dyliveflv1a/4332rHhZGIMT9vqg_2000.xs?wsAuth=%2A%2A%2A&token=%2A%2A%2A&logo=0&expire=%2A%2A%2A&did=d1bae13724faf6e93becdd6000021601&origin=hw
蓝翔华语影院,http://tc-tct.douyucdn2.cn/dyliveflv1a/276200rR0hxzxiSE_2000.xs?wsAuth=%2A%2A%2A&token=%2A%2A%2A&logo=0&expire=%2A%2A%2A&did=d1bae13724faf6e93becdd6000021601&origin=hw
小鬼华语影院,http://tc-tct.douyucdn2.cn/dyliveflv1a/3928r9p0BHMDG_2000.xs?wsAuth=%2A%2A%2A&token=%2A%2A%2A&logo=0&expire=%2A%2A%2A&did=24482b48b98804f2b0a5b17400041701
周星驰电影,http://182.40.120.195/test-txdwk.flv.huya.com/src/1394575534-1394575534-5989656310331736064-2789274524-10057-A-0-1.m3u8
林正英电影,http://182.40.120.195/test-txdwk.flv.huya.com/src/1394575543-1394575543-5989656348986441728-2789274542-10057-A-0-1.m3u8
刘德华电影,http://1.94.31.214:35455/huya/11342424
古天乐电影,http://1.94.31.214:35455/huya/29982675
成龙电影,http://zzy789.xyz/douyu1.php?id=3379942
李连杰电影,http://1.94.31.214:35455/huya/11342390
甄子丹电影,http://1.94.31.214:35455/huya/11352935
沈腾电影,http://1.94.31.214:35455/huya/11601968
黄渤电影,http://1.94.31.214:35455/huya/11352876
强森电影,http://1.94.31.214:35455/huya/21059581
王晶电影,http://1.94.31.214:35455/huya/11602058
金庸武侠,http://1.94.31.214:35455/huya/11342435
功夫电影,http://1.94.31.214:35455/huya/11352941
贺岁电影,http://1.94.31.214:35455/huya/11601986
狄仁杰电影,http://1.94.31.214:35455/huya/30080229
变形金刚合集,http://1.94.31.214:35455/yy/1382736803
末日电影合集,http://1.94.31.214:35455/yy/1354889019
延禧攻略,http://182.40.120.195/test-txdwk.flv.huya.com/src/1099531840940-1099531840940-86814878328684544-2199063805336-10057-A-0-1.m3u8
琅琊榜,http://zby.xjqxz.top/lyb/live.m3u8
新三国,http://182.40.120.195/test-txdwk.flv.huya.com/src/1423787831-1423787831-6115122170587774976-2847699118-10057-A-0-1.m3u8
新水浒传,http://182.40.120.195/test-txdwk.flv.huya.com/src/1394565188-1394565188-5989611874600091648-2789253832-10057-A-0-1.m3u8
少年包青天第一部,http://1.94.31.214:35455/yy/1356043677
少年包青天第三部,http://1.94.31.214:35455/yy/1382736814
神探狄仁杰第一部,http://182.40.120.195/test-txdwk.flv.huya.com/src/1423787855-1423787855-6115122273666990080-2847699166-10057-A-0-1.m3u8
神探狄仁杰第二部,http://1.94.31.214:35455/yy/1382851146
神探狄仁杰第三部,http://182.40.120.195/test-txdwk.flv.huya.com/src/1394575548-1394575548-5989656370461278208-2789274552-10057-A-0-1.m3u8
爱情公寓,http://182.40.120.195/test-txdwk.flv.huya.com/src/1388474069-1388474069-5963450717699047424-2777071594-10057-A-0-1.m3u8
欢乐颂,http://zzy789.xyz/douyu1.php?id=3756989
亮剑,http://182.40.120.191/test-txdwk.flv.huya.com/src/1239543153972-1239543153972-11135015062081634304-2479086431400-10057-A-0-1.m3u8
雪豹,http://1.94.31.214:35455/huya/29580970
特种兵之火凤凰,http://182.40.120.195/test-txdwk.flv.huya.com/src/1239543150714-1239543150714-11135001069078183936-2479086424884-10057-A-0-1.m3u8
士兵突击,http://1.94.31.214:35455/huya/11342430
笑傲江湖,http://1.94.31.214:35455/huya/26355790
神雕侠侣,http://1.94.31.214:35455/huya/11352964
天龙八部,http://182.40.120.195/test-txdwk.flv.huya.com/src/1099531752675-1099531752675-86435783040303104-2199063628806-10057-A-0-1.m3u8
倚天屠龙记,http://1.94.31.214:35455/huya/11342403
铁齿铜牙纪晓岚,http://1.94.31.214:35455/huya/11342396
康熙王朝,http://1.94.31.214:35455/huya/11352940
陈情令,http://182.40.120.195/test-txdwk.flv.huya.com/src/1239543150218-1239543150218-11134998938774405120-2479086423892-10057-A-0-1.m3u8
庆余年,http://1.94.31.214:35455/huya/11352960
鬼吹灯之精绝古城,http://1.94.31.214:35455/huya/11352871
鬼吹灯之怒晴湘西,http://1.94.31.214:35455/huya/11602075
鬼吹灯之龙岭迷窟,http://1.94.31.214:35455/huya/29465863
鬼吹灯之云南虫谷,http://1.94.31.214:35455/huya/11352898
伪装者,http://1.94.31.214:35455/yy/1354936244
西游记后传,http://1.94.31.214:35455/yy/1353392400
隋唐英雄传,http://1.94.31.214:35455/yy/1352475619
仙剑奇侠传,http://1.94.31.214:35455/yy/1382749903
西游记续集,http://zzy789.xyz/douyu1.php?id=3113309
我是特种兵之利刃出鞘,http://1.94.31.214:35455/yy/37999586
狂飙,http://1.94.31.214:35455/yy/1355142167
三国演义,http://1.94.31.214:35455/huya/11602081
西游记,http://1.94.31.214:35455/huya/26355861
新白娘子传奇,http://1.94.31.214:35455/yy/1354490667
乌龙闯情关,http://1.94.31.214:35455/huya/26355767
永夜星河,http://1.94.31.214:35455/huya/23734169
柳舟计,http://1.94.31.214:35455/huya/23860039
大秦赋,http://1.94.31.214:35455/huya/23903130
唐诡之西行,http://1.94.31.214:35455/huya/26355763
玫瑰的故事,http://1.94.31.214:35455/huya/23865142
梦中的那片海,http://1.94.31.214:35455/huya/26355765
楚汉骄雄,http://1.94.31.214:35455/huya/29465854
封神榜,http://1.94.31.214:35455/huya/29465849
西游记1,http://1.94.31.214:35455/huya/23728660
西游记2,http://1.94.31.214:35455/huya/29465859
天龙八部,http://1.94.31.214:35455/huya/23903123
鹿鼎记,http://1.94.31.214:35455/yy/28265277
寻秦记,http://1.94.31.214:35455/huya/29465848
大唐双龙传,http://1.94.31.214:35455/huya/23728674
神雕侠侣,http://1.94.31.214:35455/huya/23865171
射雕英雄传,http://1.94.31.214:35455/huya/23824164
倚天屠龙记,http://1.94.31.214:35455/huya/23734246
笑傲江湖,http://1.94.31.214:35455/huya/23865142
刑事侦缉档案,http://1.94.31.214:35455/huya/29465856
法政先锋,http://1.94.31.214:35455/huya/23863804
洗冤录,http://1.94.31.214:35455/huya/29465851
陀枪师姐,http://1.94.31.214:35455/huya/29465857
使徒行者,http://1.94.31.214:35455/huya/23734256
鉴证实录,http://1.94.31.214:35455/huya/23903183
金枝欲孽,http://1.94.31.214:35455/huya/23865036
扫黄先锋,http://1.94.31.214:35455/huya/29465855
创世纪,http://1.94.31.214:35455/huya/29465852
妙手仁心,http://1.94.31.214:35455/huya/29465853
大时代,http://1.94.31.214:35455/huya/23865161
野蛮亲家,http://1.94.31.214:35455/huya/23863796
笑看风云,http://1.94.31.214:35455/huya/29465858
倩女幽魂妖魔道,http://jsmov2.a.yximgs.com/bs3/video-hls/5232901391302199073_hlsb.m3u8
倩女幽魂人间道,http://jsmov2.a.yximgs.com/bs3/video-hls/5250634317044855747_hlsb.m3u8
倩女幽魂道道道,http://jsmov2.a.yximgs.com/bs3/video-hls/5216294367991385255_hlsb.m3u8
人在囧途,https://vip.ffzy-play.com/20221018/1953_2d6ba500/index.m3u8
人在囧途之泰囧,https://vip.ffzy-play.com/20221018/1951_47e1adc8/index.m3u8
人在囧途之港囧,https://vip.ffzy-play7.com/20230112/11082_fde1a94d/index.m3u8
拆弹专家1,https://vip.ffzy-online.com/20221015/719_80ff87c2/index.m3u8
拆弹专家2,https://vip.ffzy-online.com/20221015/722_e32c42bc/index.m3u8
寒战,https://vip.ffzy-play6.com/20221019/157_bf0740ee/index.m3u8
我不是药神,https://vip.ffzy-play1.com/20221018/478_c3afed66/index.m3u8
让子弹飞,https://vip.ffzy-play7.com/20230116/11563_b9f44814/index.m3u8
龙门飞甲,http://jsmov2.a.yximgs.com/bs3/video-hls/5203346449046555193_hlsb.m3u8
北京新闻,http://[2409:8087:1:20:20::2a]/otttv.bj.chinamobile.com/PLTV/88888888/224/3221226437/1.m3u8?GuardEncType=2&accountinfo=~~V2.0~ncK5uEAdYwWMsf8WJWI1mQ~_eNUbgU9sJGUcVVduOMKhafLvQUgE_zlz_7pvDimJNO_LSIQh_h2P54Cz-MqgJqC%2CEND
北京国际,http://[2409:8087:1:20:20::2a]/otttv.bj.chinamobile.com/PLTV/88888888/224/3221226510/1.m3u8?GuardEncType=2&accountinfo=~~V2.0~IfgL7tTUNqHAIdgvKuwj8A~_eNUbgU9sJGUcVVduOMKhafLvQUgE_zlz_7pvDimJNPr9j5nfyiWS_jEXD6m401A%2CEND
北京文艺,http://[2409:8087:1:20:20::29]/otttv.bj.chinamobile.com/PLTV/88888888/224/3221226440/1.m3u8?GuardEncType=2&accountinfo=~~V2.0~WrJcgMpdGPvZavpf4dmmrQ~_eNUbgU9sJGUcVVduOMKhafLvQUgE_zlz_7pvDimJNNhmwDsUZnvQgU5E5wiGA2g%2CEND
北京体育休闲,http://[2409:8087:1:20:20::29]/otttv.bj.chinamobile.com/PLTV/88888888/224/3221226438/1.m3u8?GuardEncType=2&accountinfo=~~V2.0~eVAybrHg955d_IRT9e_uHQ~_eNUbgU9sJGUcVVduOMKhafLvQUgE_zlz_7pvDimJNMLCKqkSfuGOusJwBMwlCbz%2CEND
北京影视,http://[2409:8087:1:20:20::2a]/otttv.bj.chinamobile.com/PLTV/88888888/224/3221226433/1.m3u8?GuardEncType=2&accountinfo=~~V2.0~ygquRbh9L0wUPRY53fsZWw~_eNUbgU9sJGUcVVduOMKhafLvQUgE_zlz_7pvDimJNO62IynDcU1yYDL1b4Xte8T%2CEND
北京生活,http://[2409:8087:1:20:20::2a]/otttv.bj.chinamobile.com/PLTV/88888888/224/3221226514/1.m3u8?GuardEncType=2&accountinfo=~~V2.0~s-PVNcPJsjr_oBdcXGT40g~_eNUbgU9sJGUcVVduOMKhafLvQUgE_zlz_7pvDimJNMWvZ0r6eMXcXJOGrCpJiq1%2CEND
北京财经,http://[2409:8087:1:20:20::2a]/otttv.bj.chinamobile.com/PLTV/88888888/224/3221226516/1.m3u8?GuardEncType=2&accountinfo=~~V2.0~h9_SEkmWeMdS1TMnIILZgg~_eNUbgU9sJGUcVVduOMKhafLvQUgE_zlz_7pvDimJNPIiicEW7OIvk1s-X-PXHqO%2CEND
北京纪实科教,http://[2409:8087:1:20:20::29]/otttv.bj.chinamobile.com/PLTV/88888888/224/3221226434/1.m3u8?GuardEncType=2&accountinfo=~~V2.0~jj3PtVjzl6ZzFdM-Vi1dmQ~_eNUbgU9sJGUcVVduOMKhafLvQUgE_zlz_7pvDimJNPJa61jREJv4ZfZigyrxX0U%2CEND
淘电影,http://[2409:8087:1:20:20::26]/otttv.bj.chinamobile.com/PLTV/88888888/224/3221226552/1.m3u8?GuardEncType=2&accountinfo=~~V2.0~XOsrWMA-UCdUl1hQSR9EKw~_eNUbgU9sJGUcVVduOMKhafLvQUgE_zlz_7pvDimJNNg3bzRax0E9tLmO9xgXVx8%2CEND
淘剧场,http://[2409:8087:1:20:20::26]/otttv.bj.chinamobile.com/PLTV/88888888/224/3221226553/1.m3u8?GuardEncType=2&accountinfo=~~V2.0~QaJ92NID2SpQlY6_VJVogg~_eNUbgU9sJGUcVVduOMKhafLvQUgE_zlz_7pvDimJNOuQYJeiYEeFWTkFfE86Vq-%2CEND
淘娱乐,http://[2409:8087:1:20:20::2c]/otttv.bj.chinamobile.com/PLTV/88888888/224/3221226551/1.m3u8?GuardEncType=2&accountinfo=~~V2.0~x0efg9fpenP8E8lWJUb5Lg~_eNUbgU9sJGUcVVduOMKhafLvQUgE_zlz_7pvDimJNNg3bzRax0E9tLmO9xgXVx8%2CEND
淘BABY,http://[2409:8087:1:20:20::2c]/otttv.bj.chinamobile.com/PLTV/88888888/224/3221226554/1.m3u8?GuardEncType=2&accountinfo=~~V2.0~N0sbBMpQv4sLsW5foy3YfA~_eNUbgU9sJGUcVVduOMKhafLvQUgE_zlz_7pvDimJNNg3bzRax0E9tLmO9xgXVx8%2CEND
萌宠TV,http://[2409:8087:1:20:20::26]/otttv.bj.chinamobile.com/PLTV/88888888/224/3221226555/1.m3u8?GuardEncType=2&accountinfo=~~V2.0~_PpxWPtvSZRFtu_Ged-vQ~_eNUbgU9sJGUcVVduOMKhafLvQUgE_zlz_7pvDimJNO0istnBuoA2R9ODSCqyIyS%2CEND
北京4K超清,http://[2409:8087:1:20:20::26]/otttv.bj.chinamobile.com/PLTV/88888888/224/3221226550/1.m3u8?GuardEncType=2&accountinfo=~~V2.0~e2qS8h6u-xp3gd50vNr1sw~_eNUbgU9sJGUcVVduOMKhafLvQUgE_zlz_7pvDimJNPPFD3HVWEytEVyliOxehfe%2CEND
东方影视,http://61.173.144.157:9901/tsfile/live/1013_1.m3u8?key=%2A%2A%2A&playlive=1&authid=%2A%2A%2A
上海都市,http://61.173.144.157:9901/tsfile/live/1001_1.m3u8?key=%2A%2A%2A&playlive=1&authid=%2A%2A%2A
上海新闻,http://61.173.144.157:9901/tsfile/live/1000_1.m3u8
上海外语,http://[2409:8087:5e00:24::029]:6610/000000001000/2000000002000000001/index.m3u8?stbId=3&livemode=1&HlsProfileId=&channel-id=hnbblive&Contentid=2000000002000000001&IASHttpSessionId=OTT19019320240419154124000281
上海教育,http://61.173.144.157:9901/tsfile/live/1007_1.m3u8
崇明电视台,https://pili-live-hls.wdit.com.cn/wditlive/c038f4fafbdf4f97ba74c74ad67259b931ee.m3u8
湖南爱晚,http://phonetx.qing.mgtv.com/nn_live/nn_x64/dWlwPTEwMy4zOS4yMjYuMTAwJnFpZD0mY2RuZXhfaWQ9dHhfcGhvbmVfbGl2ZSZzPWIxMzI3MzlmZDZiMDEwZWZkMTQxNzE4YzI2ZTg5MDNhJnVpZD0mdXVpZD1iYjYxODBhZDMwNDljOWRiZDk4N2U4NThkODNhZmQ1ZS02NzI3ZTI2NCZ2PTImYXM9MCZlcz0xNzQwNDA4OTMw/HNGGMPP360.m3u8
湖南视剧,http://phonehw.qing.mgtv.com/nn_live/nn_x64/dWlwPTEwMy4zOS4yMjYuMTAwJnFpZD0mY2RuZXhfaWQ9aHdfcGhvbmUmcz0yODUxNGViMDMzMTQxNjdjYTNiMzYxNjlmNTRmOGYzMSZ1aWQ9JnV1aWQ9ZTRkODgyNGE1YzQ4ZjVkOGQ4MjRmMWRjYzdlOGRlMWUtNjcyN2UyNjQmdj0yJmFzPTAmZXM9MTc0MDQwMTU5Nw,,/HNDSJMPP360.m3u8
湖南电影,http://222.241.154.37:9901/tsfile/live/23025_1.m3u8
湖南都市,http://222.241.154.37:9901/tsfile/live/23021_1.m3u8
湖南国际,http://phonehw.qing.mgtv.com/nn_live/nn_x64/dWlwPTEwMy4zOS4yMjYuMTAwJnFpZD0mY2RuZXhfaWQ9aHdfcGhvbmUmcz0zYTExOGIwNDMyM2Y3Y2EyYjAyZDFjOTE3Yjc4YmU1YSZ1aWQ9JnV1aWQ9OGE4MjU5MWIyOWJkZGMzYWJiNDIxMzFjMmRhNTlkYjMtNjcyN2UyNjQmdj0yJmFzPTAmZXM9MTc0MDQwODkzNA,,/HNGJMPP360.m3u8
湖南经视,http://phonetx.qing.mgtv.com/nn_live/nn_x64/dWlwPTEwMy4zOS4yMjYuMTAwJnFpZD0mY2RuZXhfaWQ9dHhfcGhvbmVfbGl2ZSZzPTU1MzNkMjAwYTMxMWE2ZjAwMmNmODk4M2FmNGZmZmU2JnVpZD0mdXVpZD03ZTA2NmFiZGRlMzc5ZTY5NTczNWIxMzY4YTU2NzQ3NS02NzI3ZTI2NCZ2PTImYXM9MCZlcz0xNzQwMzgzNzQw/HNJSMPP360.m3u8
湖南娱乐,http://phonetx.qing.mgtv.com/nn_live/nn_x64/dWlwPTEwMy4zOS4yMjYuMTAwJnFpZD0mY2RuZXhfaWQ9dHhfcGhvbmVfbGl2ZSZzPWFmOTYxMDcyYjExNmU3YzM1MTk5ZjNkOWE4ODRiOTdjJnVpZD0mdXVpZD0yODQzMTQ2MzE5ZDM0MGM3Mjg5MDE2ZjBmMTdlNmI4ZS02NzI3ZTI2NCZ2PTImYXM9MCZlcz0xNzQwMzk4MTgy/HNYLMPP360.m3u8
湖南教育,http://222.241.154.37:9901/tsfile/live/23027_1.m3u8
长沙新闻,http://phonetx.qing.mgtv.com/nn_live/nn_x64/dWlwPTEwMy4zOS4yMjYuMTAwJnFpZD0mY2RuZXhfaWQ9dHhfcGhvbmVfbGl2ZSZzPTNlZTkxOWJmZTQ3OWNiY2Q0ZmM5YzE2ZjU2NTY0MmE1JnVpZD0mdXVpZD0zNTUwZjZlZTU1ZTRkYTJhYjNiYzg0YzBlMDM4OWQxZC02NzI3ZTI2NCZ2PTImYXM9MCZlcz0xNzQwNDA1MzMw/CSXWMPP360.m3u8
四川新闻,http://wouu.net:9977/udp/239.93.0.47:5140
峨眉电影,http://wouu.net:9977/udp/239.93.1.54:5140
四川影视文艺,http://wouu.net:9977/udp/239.93.0.166:5140
四川经济,http://wouu.net:9977/udp/239.93.1.101:5140
四川文化旅游,http://wouu.net:9977/udp/239.93.1.102:5140
四川科教,http://wouu.net:9977/udp/239.93.42.44:5140
四川公共乡村,http://wouu.net:9977/udp/239.93.0.52:5140
四川妇女儿童,http://wouu.net:9977/udp/239.93.0.219:5140
乐山新闻综合,http://m3u8file.lstv.org.cn/nmip-media/channellive/channel1/playlist.m3u8
乐至综合,http://175.155.106.72:89/live1/live1.m3u8?zsicd=
利州综合,http://tvfile.lzgbdst.com/nmip-media/channellive/channel106876/playlist.m3u8?zsicd=
剑阁综合,https://m3u8.channel.dzsm.com/nmip-media/channellive/channel105549/playlist.m3u8
广州新闻,http://tencentplay.gztv.com/live/xinwen.m3u8?txSecret=%2A%2A%2A&txTime=18d57929bd3
广州法治,http://tencentplay.gztv.com/live/fazhi.m3u8?txSecret=%2A%2A%2A&txTime=18d578f4493
南国都市,http://tencentplay.gztv.com/live/nanguodushi.m3u8?txSecret=%2A%2A%2A&txTime=18d57929bd4
潮州综合,http://vod-zjst-time.sobeylive.com/czbtv2019/czzhpd.m3u8
潮州公共,http://vod-zjst-time.sobeylive.com/czbtv2019/czggpd.m3u8
安徽影视,http://112.30.194.221:20080/live/d18ff95cb1fb4bbcb56215e189fc12be/hls.m3u8
安徽经济生活,http://112.30.194.221:20080/live/eac499adad7b49ff9cfa79ba84693959/hls.m3u8
安徽综艺体育,http://112.30.194.221:20080/live/c41f112b83f644ddb082669501c8ecd3/hls.m3u8
黄河电视台,http://liveflash.sxrtv.com/live/huanghe.m3u8?sub_m3u8=true&edge_slice=true
山西经济与科技,http://liveflash.sxrtv.com/live/sxfinance.m3u8?sub_m3u8=true&edge_slice=true
山西影视,http://liveflash.sxrtv.com/live/sxfilm.m3u8?sub_m3u8=true&edge_slice=true
山西社会与法治,http://liveflash.sxrtv.com/live/sxedu.m3u8?sub_m3u8=true&edge_slice=true
山西文体生活,http://liveflash.sxrtv.com/live/sxpublic.m3u8?sub_m3u8=true&edge_slice=true
宁夏公共,https://hls.ningxiahuangheyun.com/live/nxgg1M.m3u8
宁夏经济,https://hls.ningxiahuangheyun.com/live/nxjj1M.m3u8
宁夏少儿,https://hls.ningxiahuangheyun.com/live/nxse1M.m3u8
宁夏文旅,https://hls.ningxiahuangheyun.com/live/nxwl1M.m3u8
甘肃经济,https://hls.gstv.com.cn/49048r/10iv1j.m3u8
甘肃公共应急,https://hls.gstv.com.cn/49048r/3t5xyc.m3u8
甘肃都市,https://hls.gstv.com.cn/49048r/l54391.m3u8
甘肃少儿,https://hls.gstv.com.cn/49048r/922k96.m3u8
甘肃文化影视,https://hls.gstv.com.cn/49048r/w1l6d5.m3u8
湖北综合,http://[2409:8087:4c0a:22:1::11]:6410/170000001115/UmaiCHAN638072216f7da/index.m3u8?AuthInfo=%2A%2A%2A
湖北影视,http://58.48.37.158:1111/tsfile/live/1000_1.m3u8?key=%2A%2A%2A&playlive=1&authid=%2A%2A%2A
湖北教育,http://[2409:8087:4c0a:22:1::11]:6410/170000001115/UmaiCHAN638072a6cbbf6/index.m3u8?AuthInfo=%2A%2A%2A
湖北生活,http://[2409:8087:4c0a:22:1::11]:6410/170000001115/UmaiCHAN638072c62e405/index.m3u8?AuthInfo=%2A%2A%2A
湖北公共新闻,http://58.48.37.158:1111/tsfile/live/1001_1.m3u8?key=%2A%2A%2A&playlive=1&authid=%2A%2A%2A
湖北经视,http://58.48.37.158:1111/tsfile/live/0019_1.m3u8?key=%2A%2A%2A&playlive=1&authid=%2A%2A%2A
湖北垄上,http://[2409:8087:4c0a:22:1::11]:6410/170000001115/UmaiCHAN638072463c333/index.m3u8?AuthInfo=%2A%2A%2A
浙江新闻,https://ali-m-l.cztv.com/channels/lantian/channel007/1080p.m3u8
浙江国际,https://ali-m-l.cztv.com/channels/lantian/channel010/1080p.m3u8
浙江教科,https://ali-m-l.cztv.com/channels/lantian/channel004/1080p.m3u8
浙江少儿,https://ali-m-l.cztv.com/channels/lantian/channel008/1080p.m3u8
浙江民生,https://ali-m-l.cztv.com/channels/lantian/channel006/1080p.m3u8
浙江经济,https://ali-m-l.cztv.com/channels/lantian/channel003/1080p.m3u8
浙江钱江,https://ali-m-l.cztv.com/channels/lantian/channel002/1080p.m3u8
之江纪录,https://ali-m-l.cztv.com/channels/lantian/channel012/1080p.m3u8
江苏新闻,http://20240504.shunyue1809.com:6321/udp/239.49.8.120:8000
江苏城市,https://stream1.freetv.fun/675206b8446ce719bfb293b5a5296db3aa26521c9810de7c996838247cc56964.ctv
江苏综艺,https://stream1.freetv.fun/f8ef469943662bed2abc6609d9ef1720b9e93a8a0bd6f5789133461e36763f37.m3u8
江苏影视,https://stream1.freetv.fun/a89dd489fa013bc4f36bcc4afe388f1783e2251c276e2566a9359d68a61c6d91.ctv
江苏教育,https://stream1.freetv.fun/7174b4fd66ddb2a7456b7040105dc27a1e57c166593870bb773cb5f6b4546c54.ctv
江苏体育休闲,https://stream1.freetv.fun/af1087a1c24fff7af556ac8e6c5c623303d52966f67a998cefb52c17811b09a2.ctv
苏州新闻综合,https://live-auth.51kandianshi.com/szgd/csztv1.m3u8
苏州社会经济,https://live-auth.51kandianshi.com/szgd/csztv2.m3u8
苏州文化生活,https://live-auth.51kandianshi.com/szgd/csztv3.m3u8
苏州生活资讯,https://live-auth.51kandianshi.com/szgd/csztv5.m3u8
黑龙江新闻法治,http://[2409:8087:1a01:df::7005]/ottrrs.hl.chinamobile.com/PLTV/88888888/224/3221226330/index.m3u8
黑龙江公共农村,http://ottrrs.hl.chinamobile.com/PLTV/88888888/224/3221225994/index.m3u8
黑龙江文体,http://[2409:8087:1a01:df::7005]/ottrrs.hl.chinamobile.com/PLTV/88888888/224/3221226239/index.m3u8
黑龙江都市,http://[2409:8087:1a01:df::7005]/ottrrs.hl.chinamobile.com/PLTV/88888888/224/3221226301/index.m3u8
黑龙江少儿,http://[2409:8087:1a01:df::7005]/ottrrs.hl.chinamobile.com/PLTV/88888888/224/3221226304/index.m3u8
黑龙江影视,http://[2409:8087:1a01:df::7005]/ottrrs.hl.chinamobile.com/PLTV/88888888/224/3221226298/index.m3u8
海南新闻,http://[2409:8087:5e00:24::1e]:6060/000000001000/4600001000000000111/1.m3u8
海南文旅,http://[2409:8087:5e00:24::1e]:6060/000000001000/4600001000000000113/1.m3u8
海南少儿,http://[2409:8087:5e00:24::1e]:6060/000000001000/4600001000000000112/1.m3u8
海南公共,http://[2409:8087:5e00:24::1e]:6060/000000001000/460000100000000057/1.m3u8
海南自贸,http://[2409:8087:5e00:24::1e]:6060/000000001000/4600001000000000116/1.m3u8
内蒙新闻,https://livestream-bt.nmtv.cn/nmtv/2316general.m3u8?txSecret=%2A%2A%2A&txTime=771E8800
内蒙经济,https://livestream-bt.nmtv.cn/nmtv/2317general.m3u8?txSecret=%2A%2A%2A&txTime=771E8800
内蒙少儿,https://livestream-bt.nmtv.cn/nmtv/2318general.m3u8?txSecret=%2A%2A%2A&txTime=771E8800
内蒙文体,https://livestream-bt.nmtv.cn/nmtv/2319general.m3u8?txSecret=%2A%2A%2A&txTime=771E8800
内蒙农牧,https://livestream-bt.nmtv.cn/nmtv/2320general.m3u8?txSecret=%2A%2A%2A&txTime=771E8800
蒙语卫视,https://livestream-bt.nmtv.cn/nmtv/2315general.m3u8?txSecret=%2A%2A%2A&txTime=771EF880
蒙语文化,https://livestream-bt.nmtv.cn/nmtv/2321general.m3u8?txSecret=%2A%2A%2A&txTime=771E8800
呼市新闻综合,https://livestream-bt.nmtv.cn/nmtv/2331general.m3u8?txSecret=%2A%2A%2A&txTime=771E8800
包头新闻综合,https://livestream-bt.nmtv.cn/nmtv/2358general.m3u8?txSecret=%2A%2A%2A&txTime=771E8800
鄂尔多斯新闻,https://livestream-bt.nmtv.cn/nmtv/2349general.m3u8?txSecret=%2A%2A%2A&txTime=771E8800
巴彦淖尔新闻,https://livestream-bt.nmtv.cn/nmtv/2348general.m3u8?txSecret=%2A%2A%2A&txTime=771E8800
赤峰新闻综合,https://livestream-bt.nmtv.cn/nmtv/2351general.m3u8?txSecret=%2A%2A%2A&txTime=771E8800
乌兰察布新闻,https://livestream-bt.nmtv.cn/nmtv/2354general.m3u8?txSecret=%2A%2A%2A&txTime=771E8800
1983年春晚,http://txmov2.a.kwimgs.com/bs3/video-hls/5207287136834522947_hlshd15.m3u8
1984年春晚,https://txmov2.a.kwimgs.com/bs3/video-hls/5229242184269609742_hlshd15.m3u8
1985年春晚,http://txmov2.a.kwimgs.com/bs3/video-hls/5227271857652377954_hlshd15.m3u8
1986年春晚,https://txmov2.a.kwimgs.com/bs3/video-hls/5231493982164619599_hlshd15.m3u8
1987年春晚,https://txmov2.a.kwimgs.com/bs3/video-hls/5195746663405928031_hlsb.m3u8
1988年春晚,https://txmov2.a.kwimgs.com/bs3/video-hls/5216575810935394655_hlsb.m3u8
1989年春晚,https://txmov2.a.kwimgs.com/bs3/video-hls/5194620763762726260_hlsb.m3u8
1992年春晚,https://txmov2.a.kwimgs.com/bs3/video-hls/5256826755663896297_hlshd15.m3u8
1993年春晚,https://txmov2.a.kwimgs.com/bs3/video-hls/5217420261875933947_hlshd15.m3u8
1994年春晚,https://txmov2.a.kwimgs.com/bs3/video-hls/5197154061406974711_hlshd15.m3u8
1995年春晚,https://txmov2.a.kwimgs.com/bs3/video-hls/5255137907893179578_hlshd15.m3u8
1996年春晚,https://txmov2.a.kwimgs.com/bs3/video-hls/5202783562064785590_hlshd15.m3u8
1997年春晚,https://txmov2.a.kwimgs.com/bs3/video-hls/5230649583590411879_hlshd15.m3u8
1998年春晚,https://txmov2.a.kwimgs.com/bs3/video-hls/5225864507896315430_hlshd15.m3u8
1999年春晚,https://txmov2.a.kwimgs.com/bs3/video-hls/5258234133675308186_hlshd15.m3u8
2000年春晚,https://txmov2.a.kwimgs.com/bs3/video-hls/5216294359327079321_hlshd15.m3u8
2001年春晚,https://txmov2.a.kwimgs.com/bs3/video-hls/5228960735897942616_hlshd15.m3u8
2002年春晚,https://txmov2.a.kwimgs.com/bs3/video-hls/5255700858599864364_hlshd15.m3u8
2003年春晚,https://txmov2.a.kwimgs.com/bs3/video-hls/5232338436280256836_hlshd15.m3u8
2004年春晚,https://txmov2.a.kwimgs.com/bs3/video-hls/5223894184413450769_hlshd15.m3u8
2005年春晚,https://txmov2.a.kwimgs.com/bs3/video-hls/5254012008863954469_hlshd15.m3u8
2006年春晚,https://txmov2.a.kwimgs.com/bs3/video-hls/5194339310474320155_hlshd15.m3u8
2007年春晚,https://txmov2.a.kwimgs.com/bs3/video-hls/5194902262344826321_hlshd15.m3u8
2008年春晚,https://txmov2.a.kwimgs.com/bs3/video-hls/5210946337266019890_hlshd15.m3u8
2009年春晚,https://txmov2.a.kwimgs.com/bs3/video-hls/5214042558858339330_hlshd15.m3u8
2010年春晚,https://txmov2.a.kwimgs.com/bs3/video-hls/5210664862006975841_hlshd15.m3u8
2011年春晚,https://txmov2.a.kwimgs.com/bs3/video-hls/5243597434070590481_hlshd15.m3u8
2012年春晚,https://txmov2.a.kwimgs.com/bs3/video-hls/5219953534755647343_hlshd15.m3u8
2013年春晚,https://txmov2.a.kwimgs.com/bs3/video-hls/5241627109089548390_hlshd15.m3u8
2014年春晚,https://txmov2.a.kwimgs.com/bs3/video-hls/5245286283437869627_hlshd15.m3u8
2015年春晚,https://txmov2.a.kwimgs.com/bs3/video-hls/5248101009010430183_hlshd15.m3u8
2016年春晚,https://txmov2.a.kwimgs.com/bs3/video-hls/5238530884094441260_hlshd15.m3u8
2017年春晚,https://txmov2.a.kwimgs.com/bs3/video-hls/5191524564569524830_hlshd15.m3u8
2018年春晚,https://txmov2.a.kwimgs.com/bs3/video-hls/5212635188105848764_hlshd15.m3u8
2019年春晚,https://txmov2.a.kwimgs.com/bs3/video-hls/5239093835831655107_hlshd15.m3u8
2020年春晚,https://txmov2.a.kwimgs.com/bs3/video-hls/5222205336887088723_hlshd15.m3u8
2021年春晚,https://txmov2.a.kwimgs.com/bs3/video-hls/5255700831151909807_hlshd15.m3u8
2022年春晚,https://txmov2.a.kwimgs.com/bs3/video-hls/5224457109297710655_hlshd15.m3u8
2023年春晚,https://txmov2.a.kwimgs.com/bs3/video-hls/5251197255879398624_hlshd15.m3u8
2024年春晚,https://p2.bdstatic.com/rtmp.liveshow.lss-user.baidubce.com/live/stream_bduid_6488563992_8982723413/merged_1707497046297_88536_25144_41936.m3u8
2025年春晚 4K,https://svip.high24-playback.com/20250129/17159_7bca93c4/2000k/hls/mixed.m3u8
BBC,https://stream1.freetv.fun/bbc-news-5.m3u8
CNA,https://d2e1asnsl7br7b.cloudfront.net/7782e205e72f43aeb4a48ec97f66ebbe/index_5.m3u8
CNN,https://jmp2.uk/sam-GBBD8000016N.m3u8
Fox LiveNow,https://jmp2.uk/sam-USBA300024TN.m3u8
CBC News,https://dbrb49pjoymg4.cloudfront.net/v1/master/3fec3e5cac39a52b2132f9c66c83dae043dc17d4/prod_default_xumo-ams-aws/master.m3u8?ads.xumo_channelId=99991276
ABC News Live,https://d4ybyqrhce41r.cloudfront.net/v1/master/3fec3e5cac39a52b2132f9c66c83dae043dc17d4/prod-xumo-linear-nbcu-hlsv3/master.m3u8?ads.channelId=99991626
WionNews,https://d7x8z4yuq42qn.cloudfront.net/index_7.m3u8
NHK World,https://nhkwlive-ojp.akamaized.net/hls/live/2003459/nhkwlive-ojp-en/index.m3u8
NBC News Now,https://jmp2.uk/sam-GBBB1500004LG.m3u8
Sky News,https://i.mjh.nz/SamsungTVPlus/USBB52000022Q.m3u8
Al Jazeera,http://live-hls-web-aje.getaj.net/AJE/01.m3u8
Arirang,https://amdlive-ch01-ctnd-com.akamaized.net/arirang_1ch/smil:arirang_1ch.smil/chunklist_b3256000_sleng.m3u8
日本全天新闻,https://n24-cdn-live.ntv.co.jp/ch01/index_high.m3u8
TRT World,https://tv-trtworld.live.trt.com.tr/master_1080.m3u8
AXS TV Now,https://dikcfc9915kp8.cloudfront.net/hls/1080p/playlist.m3u8
Bloomberg Asia,https://epg.pw/stream/d2edf469b9079064a283f4b0811cbf6f2597ebbb3d08dcf77036a4b5a791b7cf.m3u8
Bloomberg Originals,https://i.mjh.nz/SamsungTVPlus/GBBC900012J9.m3u8
Fashion TV,http://91.247.68.229:8000/play/Fashion/index.m3u8
Trace Sports,https://lightning-tracesport-samsungau.amagi.tv/playlist1080p.m3u8
RT News（英语国际）,https://rt-glb.rttv.com/dvr/rtnews/playlist_4500Kb.m3u8
RT Español（西语）,https://rt-esp.rttv.com/dvr/rtesp/playlist_4500Kb.m3u8
RT Français（法语）,https://rt-fra.rttv.com/dvr/rtfrance/playlist_4500Kb.m3u8
RT Arabic（阿语）,https://rt-arb.rttv.com/dvr/rtarab/playlist_4500Kb.m3u8
RT DE（德语）,https://rt-ger.rttv.com/dvr/rtdeutsch/playlist_4500Kb.m3u8
RT Balkan （塞尔维亚语）,https://rt-srb.rttv.com/dvr/rtbalkan/playlist_4500Kb.m3u8
RT Documentary（英语纪录）,https://rt-rtd.rttv.com/dvr/rtdoc/playlist_4500Kb.m3u8
RT Doc-Русский（俄语纪录）,https://rt-doc.rttv.com/dvr/rtdru/rtdru1080.m3u8
SKY,http://streamsy.online:2999/coachj88/N93DPKS9pJ/330
KBS world,https://kbsworld-ott.akamaized.net/hls/live/2002341/kbsworld/master.m3u8
FIFA+,https://i.mjh.nz/SamsungTVPlus/USBD12000255B.m3u8
Newsmax,http://nmxlive.akamaized.net/hls/live/529965/Live_1/index.m3u8
Dubai One,http://dminnvll.cdn.mangomolo.com/dubaione/smil:dubaione.stream.smil/chunklist_b1800000.m3u8
CBN News,https://bcovlive-a.akamaihd.net/re8d9f611ee4a490a9bb59e52db91414d/us-east-1/734546207001/playlist.m3u8
GB News,https://i.mjh.nz/SamsungTVPlus/GBBB1600008R3.m3u8
TBS,http://143.244.60.30/TBS/index.m3u8
Taiwan Plus,https://bcovlive-a.akamaihd.net/rce33d845cb9e42dfa302c7ac345f7858/ap-northeast-1/6282251407001/playlist.m3u8
ION Plus,https://i.mjh.nz/SamsungTVPlus/USBD300003LK.m3u8
ION,https://i.mjh.nz/SamsungTVPlus/USBD300002TU.m3u8
Love Nature,https://d18dyiwu97wm6q.cloudfront.net/playlist2160p.m3u8
Disney International,http://sansat.net:88/HhPRf2nAlsVeRU9/AnzgPldGC8OHsyY/96284
Fight Network,https://d12a2vxqkkh1bo.cloudfront.net/hls/1080p/playlist.m3u8
&Flix HD,http://89.187.177.137:8081/&FLIX/index.m3u8
Wild Earth,https://wildearth-plex.amagi.tv/masterR1080p.m3u8
Wild Planet,https://i.mjh.nz/SamsungTVPlus/GBBB5000002PL.m3u8
Clarity 4K,https://i.mjh.nz/SamsungTVPlus/USBA3800005NI.m3u8
Stadium,https://i.mjh.nz/SamsungTVPlus/USAJ3504705A.m3u8
Pop,http://streamsy.online:2999/coachj88/N93DPKS9pJ/226
Tastemade,https://i.mjh.nz/SamsungTVPlus/CABD1200002T9.m3u8
MovieSphere,https://i.mjh.nz/SamsungTVPlus/USBD17000117B.m3u8
The Lego Channel,https://i.mjh.nz/SamsungTVPlus/GBBC4300005AL.m3u8
NextUp Live Comedy,https://i.mjh.nz/SamsungTVPlus/GBBD1100012JB.m3u8
☁️官网地址jsnzkpg.com,https://tymov2.a.kwimgs.com/upic/2026/08/15/09/BMjAyNjA4MTUwOTE2MzRfNDI0MDI5NTBfMjA1NjA5Mjg4OTg3XzFfMw==_b_B664d90218f70be73e07dd3cf02d473f1.mp4
金铲铲之战 - 2026《金铲铲之战》公开赛秋季赛精英巡回赛第二赛段Day1,http://pull-hls-f13.douyinliving.com/fantasy/stream-408294435306079063_gameuhd5.m3u8?expire=%2A%2A%2A&sign=fe9c485450b9de790690873f05aff37b&major_anchor_level=common&t_id=037-20260911161557230AD3D22ED2E9209430-VQmkhV
阿娜牛牛(日常生活) - 阿娜牛牛(日常生活)正在直播,http://pull-hls-t26.douyincdn.com/stage/stream-120065040835412791.m3u8?expire=%2A%2A%2A&sign=17dd8e7d46b54228168f57e414f3e8b6&major_anchor_level=common&arch_hrchy=h1&exp_hrchy=h1&t_id=037-20260911161557230AD3D22ED2E9209430-RpbLb6
战神皓（三角洲行动） - 关注抢码上号/百场KD10顶级欧美龙/10分钟不清图直接喷,http://pull-q5.douyincdn.com/thirdgame/stream-408295274442130238_hiquhd5/index.m3u8?expire=%2A%2A%2A&sign=9a0c369c2ef1577e6938515503345a33&volcSecret=%2A%2A%2A&volcTime=1789719358&arch_hrchy=h1&exp_hrchy=h1&major_anchor_level=common&t_id=037-20260911161557230AD3D22ED2E9209430-C1ilcy
姜酱～ - 在门口看生三个儿子,http://pull-hls-l13.douyincdn.com/stage/stream-696525811981222328.m3u8?expire=%2A%2A%2A&sign=ff2a620a44f625514a62ae1823871608&arch_hrchy=c1&exp_hrchy=c1&major_anchor_level=common&t_id=037-20260911161557230AD3D22ED2E9209430-XDwj4D
煎饼狗子 - 千场礼温在线练抓蛋,http://pull-hs-f5.flive.douyincdn.com/vrthird2d/stream-120063383902618356_uhd5/index.m3u8?expire=%2A%2A%2A&sign=f35caed0a69a835b109a9de0c8b65d14&volcSecret=%2A%2A%2A&volcTime=1789719358&major_anchor_level=common&t_id=037-20260911161557230AD3D22ED2E9209430-8KZBma
三酒（法刺国一婉儿） - 三指国服婉儿火舞的华尔兹,http://pull-hls-t13.douyincdn.com/thirdgame/stream-408295318666085179_hiquhd5.m3u8?expire=%2A%2A%2A&sign=bbdcbaa02dad573881e1d7e4e281a06d&major_anchor_level=common&exp_hrchy=h2&arch_hrchy=h1&t_id=037-20260911161557230AD3D22ED2E9209430-Rzt3Sn
小可爱（三角洲测评） - 三角洲俱乐部真实测评/直播间福袋不停/刀皮/体验/皮肤,http://pull-q5.douyincdn.com/thirdgame/stream-408295057743151934_hiquhd5/index.m3u8?expire=%2A%2A%2A&sign=0a71377747ccabd4f044638819dc4b28&volcSecret=%2A%2A%2A&volcTime=1789719358&major_anchor_level=common&exp_hrchy=h1&arch_hrchy=h1&t_id=037-20260911161557230AD3D22ED2E9209430-tP2LG2
SYG电子竞技俱乐部 - SYG三角洲烽火职业联赛季后赛车轮赛第一层！,http://pull-hls-t26.douyincdn.com/thirdgame/stream-120064805001495355_hiquhd5.m3u8?expire=%2A%2A%2A&sign=264f82aa0bd139cd283ae6810b26bb7c&major_anchor_level=common&arch_hrchy=h1&exp_hrchy=h2&t_id=037-20260911161557230AD3D22ED2E9209430-P5dH5A
LM-姐姐来喽 - 上小时最佳人气团,http://pull-hls-t1.douyincdn.com/third/stream-408294080435979066_uhd5/playlist.m3u8?keeptime=00093a80&wsSecret=%2A%2A%2A&wsTime=6aa3b8be&exp_hrchy=h1&major_anchor_level=common&arch_hrchy=h1&t_id=037-20260911161557230AD3D22ED2E9209430-MiC2q9
七夜（国一守约） - 安q国一守约 狙神弹无虚发,http://pull-hls-l11.douyincdn.com/thirdgame/stream-120065031030178636.m3u8?expire=%2A%2A%2A&sign=bcb6a89e24f7a1abaa6af164b59281c3&exp_hrchy=w1&arch_hrchy=w1&major_anchor_level=common&t_id=037-20260911161557230AD3D22ED2E9209430-5q2JhS
冻腰（三角洲行动） - 龙王殿集合！！！,http://pull-hls-t11.douyincdn.com/thirdgame/stream-120065132624610107_hiquhd5.m3u8?expire=%2A%2A%2A&sign=26fb998e4356d246b90f8f2a9d7d5158&exp_hrchy=h2&major_anchor_level=common&arch_hrchy=h1&t_id=037-20260911161557230AD3D22ED2E9209430-14aN1z
云顶豪哥 - 挑战10峡谷7级全员三星！,http://pull-hls-l26.douyincdn.com/third/stream-696526123438440934.m3u8?expire=%2A%2A%2A&sign=628dee2aab15feafe43f9c442b17b77d&arch_hrchy=w1&exp_hrchy=w1&major_anchor_level=common&t_id=037-20260911161557230AD3D22ED2E9209430-WSyxn9
三斤.（9237） - 三斤.（9237）正在直播,http://pull-hls-f26.douyinliving.com/stage/stream-408295064451941170.m3u8?expire=%2A%2A%2A&sign=acdb0a899166757d3cef386fb7b2f440&exp_hrchy=s1&s_anchor=1&arch_hrchy=s2&major_anchor_level=vip&t_id=037-20260911161557230AD3D22ED2E9209430-oFEtGf
H7.72🐰⁷²² - 可爱捏,http://pull-hls-q95.douyincdn.com/thirdgame/stream-120065118604624702.m3u8?expire=%2A%2A%2A&sign=3cbb30f69795bf7c77166a9374252e43&exp_hrchy=h1&arch_hrchy=h1&major_anchor_level=common&t_id=037-20260911161557230AD3D22ED2E9209430-JXVU8e
凤九（国一阿古朵） - 凤九（国一阿古朵）正在直播,http://pull-hls-l11.douyincdn.com/third/stream-120065370326565340_uhd5.m3u8?expire=%2A%2A%2A&sign=9d87775a033a77d5ff43e23b13384242&arch_hrchy=c1&exp_hrchy=c1&major_anchor_level=common&t_id=037-20260911161557230AD3D22ED2E9209430-TBnK6I
年年（三角洲行动） - 大坝速撤，1小时500w，一天5000w,http://pull-hls-q13.douyincdn.com/thirdgame/stream-408295657494283070_hiquhd5.m3u8?expire=%2A%2A%2A&sign=29ddbf4e94b8adc204299efb55f244d8&arch_hrchy=h1&exp_hrchy=h1&major_anchor_level=common&t_id=037-20260911161557230AD3D22ED2E9209430-9GKu9p
永乐大帝参见 - 永乐大帝参见正在直播,http://pull-hls-l11.douyincdn.com/game/stream-408295616290226975.m3u8?expire=%2A%2A%2A&sign=263f071405e6309bdc96694d1f0cc7f1&arch_hrchy=w1&exp_hrchy=w1&major_anchor_level=common&t_id=037-20260911161557230AD3D22ED2E9209430-4SCCMl
𝑇.子牙🍭占卜师（邀管理组） - 公屏吃瓜中。。,http://pull-hls-l11.douyincdn.com/third/stream-696525899231658460_uhd5.m3u8?expire=%2A%2A%2A&sign=6f86107a05ee3dcf10357e7da58e8dbc&arch_hrchy=w1&exp_hrchy=w1&major_anchor_level=common&t_id=037-20260911161557230AD3D22ED2E9209430-HKkMvl
神 - 神不写标题,http://pull-hls-t1.douyincdn.com/thirdgame/stream-120064995926213435_hiquhd5/playlist.m3u8?keeptime=00093a80&wsSecret=%2A%2A%2A&wsTime=6aa3b8be&exp_hrchy=h2&arch_hrchy=h1&major_anchor_level=common&t_id=037-20260911161557230AD3D22ED2E9209430-WmLDCz
安澜（背锅大王） - 安澜（背锅大王）正在直播,http://pull-hls-t11.douyincdn.com/thirdgame/stream-696525894266127163_hiquhd5.m3u8?expire=%2A%2A%2A&sign=4b2a1a538d49e2ecc5e23169fc9b085d&major_anchor_level=common&exp_hrchy=h1&arch_hrchy=h1&t_id=037-20260911161557230AD3D22ED2E9209430-jAJSjI
CF失心酷 - 冲一下巅峰赛前百,http://pull-hls-l11.douyincdn.com/thirdgame/stream-408295242360947532_uiquhd5.m3u8?expire=%2A%2A%2A&sign=7574eab87d02c8367dd86255f19e61be&arch_hrchy=w1&exp_hrchy=w1&major_anchor_level=common&t_id=037-20260911161559A7251917D2C92E21E756-HkSiFm
66Gn - 三角洲烽火职业联赛夏季赛-季后赛-车轮战-纯净流,http://pull-hls-t26.douyincdn.com/thirdgame/stream-120064865198408507_hiquhd5.m3u8?expire=%2A%2A%2A&sign=da87984f63381406cfc603d5ad651dd8&major_anchor_level=common&exp_hrchy=h2&arch_hrchy=h1&t_id=037-20260911161559A7251917D2C92E21E756-uTW1Zq
Kk（北柯跑红） - 三角洲行动我吃吃吃,http://pull-hls-l11.douyincdn.com/thirdgame/stream-696524469740241740_hiquhd5.m3u8?expire=%2A%2A%2A&sign=32cb78471169c59f4aa81258a289e464&exp_hrchy=c1&arch_hrchy=c1&major_anchor_level=common&t_id=037-20260911161559A7251917D2C92E21E756-wU6IIl
七夜（国一小乔） - 国一小乔妲己把把mvp，开心的同时学到国服思路,http://pull-q5.douyincdn.com/thirdgame/stream-408295380268614462_hiquhd5/index.m3u8?expire=%2A%2A%2A&sign=ca942dca79e1fb10e82e7d2e90cc4ec8&volcSecret=%2A%2A%2A&volcTime=1789719359&exp_hrchy=h2&major_anchor_level=common&arch_hrchy=h1&t_id=037-20260911161559A7251917D2C92E21E756-R2N3Ct
PeRo雨末（三角洲行动） - 单三露娜进来学思路道具拆分/关注圆梦天才少年,http://pull-hls-t26.douyincdn.com/thirdgame/stream-696525892598104891_hiquhd5.m3u8?expire=%2A%2A%2A&sign=8f4dc9e191e9e19d9e3ff40c6183496b&arch_hrchy=h1&exp_hrchy=h1&major_anchor_level=common&t_id=037-20260911161559A7251917D2C92E21E756-VUnejd
冰皇小飞DD（峡谷韩服双千分王者） - 韩服闭关修炼冲1500！峡谷第三赛段已千分1189,http://pull-hls-l11.douyincdn.com/thirdgame/stream-408295740370584396_hiquhd5.m3u8?expire=%2A%2A%2A&sign=5dedbd174b856cf4e1716882a1c824be&arch_hrchy=w1&major_anchor_level=common&exp_hrchy=w1&t_id=037-20260911161559A7251917D2C92E21E756-iFGxgw
暗川（市一澜） - 勿忘初心，找回24年自己的第208day。,http://pull-t3.douyincdn.com/thirdgame/stream-408295527774159675_hiquhd5.m3u8?auth_key=%2A%2A%2A&arch_hrchy=h1&exp_hrchy=h2&major_anchor_level=common&t_id=037-20260911161559A7251917D2C92E21E756-8DBYEq
佛叔永劫无间 - 2w6大佛9.14抓进来看看吧2w7紫萍胡桃包2w,http://pull-hls-l11.douyincdn.com/thirdgame/stream-408295521800946508.m3u8?expire=%2A%2A%2A&sign=4fd25975c8198c128b0e42786d6b9ed5&exp_hrchy=c1&arch_hrchy=c1&major_anchor_level=common&t_id=037-20260911161559A7251917D2C92E21E756-P7xFFM
伊翔弹幕游戏 - 小游戏工作室，进来聊聊,http://pull-hls-l11.douyincdn.com/stage/stream-120065322750836881.m3u8?expire=%2A%2A%2A&sign=168cbe0db1fa14389180ba5b9b985f1d&exp_hrchy=w1&arch_hrchy=w1&major_anchor_level=common&t_id=037-20260911161559A7251917D2C92E21E756-ZEkAFe
JLV驴家大院 - 快手直播,https://hw-origin.pull.yximgs.com/gifshow/6BJhsGkx8ek_ShowAvcHdL0.flv?hwTime=6aa50a41&hwSecret=%2A%2A%2A&tsc=origin&highTraffic=2&oidc=watchmen&sidc=2756&no_script=1&ss=s23&tfc_buyer=1
豪情 刚子 - 快手直播,https://hw-origin.pull.yximgs.com/gifshow/Hct6ZJeDycc_ma1500-AuditAvcOriginL3.flv?hwTime=6aa50a41&hwSecret=%2A%2A%2A&tsc=origin&highTraffic=1&oidc=watchmen&sidc=2756&no_script=1&srcStrm=Hct6ZJeDycc&ss=s23&tfc_buyer=1
云飞（永不服输） - 快手直播,https://hw-origin.pull.yximgs.com/gifshow/PECfuZ72el0_ma1500.flv?hwTime=6aa50a41&hwSecret=%2A%2A%2A&tsc=origin&highTraffic=1&oidc=watchmen&sidc=2756&no_script=1&ss=s23&tfc_buyer=1
浪子吴迪 - 快手直播,https://hw-origin.pull.yximgs.com/gifshow/lFaByxQ3Tic_ShowAvcHdL0-AuditAvcOriginL3.flv?hwTime=6aa50a41&hwSecret=%2A%2A%2A&tsc=origin&highTraffic=2&oidc=watchmen&sidc=2756&no_script=1&srcStrm=lFaByxQ3Tic&ss=s23&tfc_buyer=1
白露 - 快手直播,https://hw-origin.pull.yximgs.com/gifshow/CWV8hbVc0PU_ma1500-AuditAvcOriginL3.flv?hwTime=6aa50a41&hwSecret=%2A%2A%2A&tsc=origin&highTraffic=1&oidc=watchmen&sidc=2062&no_script=1&srcStrm=CWV8hbVc0PU&ss=s23&tfc_buyer=1
村里人 - 快手直播,https://hw-origin.pull.yximgs.com/gifshow/UMW3vj1si4A_ma1500-AuditAvcOriginL3.flv?hwTime=6aa50a41&hwSecret=%2A%2A%2A&tsc=origin&highTraffic=1&oidc=watchmen&sidc=2756&no_script=1&srcStrm=UMW3vj1si4A&ss=s23&tfc_buyer=1
王岩下午3点 - 快手直播,https://hw-origin.pull.yximgs.com/gifshow/mngZWsgQydU_ShowAvcHdL0-AuditAvcOriginL3.flv?hwTime=6aa50a41&hwSecret=%2A%2A%2A&tsc=origin&highTraffic=1&oidc=watchmen&sidc=2062&no_script=1&srcStrm=mngZWsgQydU&ss=s23&tfc_buyer=1
王大大 - 快手直播,https://hw-origin.pull.yximgs.com/gifshow/0A1X-ekieHk_ShowAvcHdL0-AuditAvcOriginL3.flv?hwTime=6aa50a41&hwSecret=%2A%2A%2A&tsc=origin&highTraffic=1&oidc=watchmen&sidc=203562&no_script=1&srcStrm=0A1X-ekieHk&ss=s23&tfc_buyer=0
泰安 - 快手直播,https://hw-origin.pull.yximgs.com/gifshow/l1Qx2ouDNL8_ShowAvcHdL0.flv?hwTime=6aa50a41&hwSecret=%2A%2A%2A&tsc=origin&highTraffic=1&oidc=watchmen&sidc=2062&no_script=1&ss=s23&tfc_buyer=1
小慧·桐.🐑 - 快手直播,https://hw-origin.pull.yximgs.com/gifshow/mMNNkJN-1z0_ShowAvcHdL0-AuditAvcOriginL3.flv?hwTime=6aa50a41&hwSecret=%2A%2A%2A&tsc=origin&oidc=watchmen&sidc=204180&no_script=1&srcStrm=mMNNkJN-1z0&ss=s23&tfc_buyer=0
扬帆_ - 快手直播,https://hw-origin.pull.yximgs.com/gifshow/aiLikASEn_s_ShowAvcHdL0-AuditAvcOriginL3.flv?hwTime=6aa50a41&hwSecret=%2A%2A%2A&tsc=origin&oidc=edgeWm&sidc=2527&no_script=1&srcStrm=aiLikASEn_s&ss=s23&tfc_buyer=1
妙千亿 - 快手直播,https://hw-origin.pull.yximgs.com/gifshow/osyXVsgN--4_ma1500-AuditAvcOriginL3.flv?hwTime=6aa50a41&hwSecret=%2A%2A%2A&tsc=origin&highTraffic=1&oidc=watchmen&sidc=201165&no_script=1&srcStrm=osyXVsgN--4&ss=s23&tfc_buyer=1
诺诺小公主🦁 - 快手直播,https://hw-origin.pull.yximgs.com/gifshow/n62dXIjUdS8_ma1500-AuditAvcOriginL3.flv?hwTime=6aa50a41&hwSecret=%2A%2A%2A&tsc=origin&oidc=watchmen&sidc=204180&no_script=1&srcStrm=n62dXIjUdS8&ss=s23&tfc_buyer=1
大明子（才艺户外） - 快手直播,https://hw-origin.pull.yximgs.com/gifshow/QEagT15t8mM_ma1500.flv?hwTime=6aa50a41&hwSecret=%2A%2A%2A&tsc=origin&highTraffic=1&oidc=watchmen&sidc=2012&no_script=1&ss=s23&tfc_buyer=1
阿东大舞台 - 快手直播,https://hw-origin.pull.yximgs.com/gifshow/63poTm11mXM_ma1500-AuditAvcOriginL3.flv?hwTime=6aa50a41&hwSecret=%2A%2A%2A&tsc=origin&highTraffic=1&oidc=watchmen&sidc=2959&no_script=1&srcStrm=63poTm11mXM&ss=s23&tfc_buyer=1
申子辰【辰悠传媒】 - 快手直播,https://hw-origin.pull.yximgs.com/gifshow/aPdc6ifCqWU_ma1500.flv?hwTime=6aa50a41&hwSecret=%2A%2A%2A&tsc=origin&highTraffic=1&oidc=watchmen&sidc=203562&no_script=1&ss=s23&tfc_buyer=1
阿豪-下午四点直播 - 快手直播,https://hw-origin.pull.yximgs.com/gifshow/izfterIcT08_ma1500.flv?hwTime=6aa50a41&hwSecret=%2A%2A%2A&tsc=origin&oidc=watchmen&sidc=2527&no_script=1&ss=s23&tfc_buyer=1
郑义-永不缺席 - 快手直播,https://hw-origin.pull.yximgs.com/gifshow/piX_Ib1FIyk_ShowAvcHdL0.flv?hwTime=6aa50a41&hwSecret=%2A%2A%2A&tsc=origin&highTraffic=1&oidc=watchmen&sidc=201165&no_script=1&ss=s23&tfc_buyer=1
沈小健 - 快手直播,https://hw-origin.pull.yximgs.com/gifshow/YSWfNz0g9p0_ShowAvcHdL0-AuditAvcOriginL3.flv?hwTime=6aa50a41&hwSecret=%2A%2A%2A&tsc=origin&oidc=watchmen&sidc=205251&no_script=1&srcStrm=YSWfNz0g9p0&ss=s23&tfc_buyer=0
吴法🤜（硬汉） - 快手直播,https://hw-origin.pull.yximgs.com/gifshow/EaTiFHZ3jDc_ShowAvcHdL0.flv?hwTime=6aa50a41&hwSecret=%2A%2A%2A&tsc=origin&oidc=watchmen&sidc=201165&no_script=1&ss=s23&tfc_buyer=0
老利（利民集团）4 - 快手直播,https://hw-origin.pull.yximgs.com/gifshow/-ztami8J2lg_ma1500.flv?hwTime=6aa50a41&hwSecret=%2A%2A%2A&tsc=origin&highTraffic=1&oidc=watchmen&sidc=205251&no_script=1&ss=s23&tfc_buyer=1
菲婷（一心向善） - 快手直播,https://hw-origin.pull.yximgs.com/gifshow/40QvUAYSLts_ma1500.flv?hwTime=6aa50a41&hwSecret=%2A%2A%2A&tsc=origin&highTraffic=1&oidc=watchmen&sidc=201230&no_script=1&ss=s23&tfc_buyer=1
豆包/《师傅德惠他宝哥》 - 快手直播,https://hw-origin.pull.yximgs.com/gifshow/kFALLDY33kY_ShowAvcHdL0-AuditAvcOriginL3.flv?hwTime=6aa50a41&hwSecret=%2A%2A%2A&tsc=origin&oidc=watchmen&sidc=201165&no_script=1&srcStrm=kFALLDY33kY&ss=s23&tfc_buyer=0
杨大眼（在农村） - 快手直播,https://hw-origin.pull.yximgs.com/gifshow/EO-rgBICltY_ma1500-AuditAvcOriginL3.flv?hwTime=6aa50a41&hwSecret=%2A%2A%2A&tsc=origin&oidc=watchmen&sidc=201165&no_script=1&srcStrm=EO-rgBICltY&ss=s23&tfc_buyer=1
是欣欣呀 - 快手直播,https://hw-origin.pull.yximgs.com/gifshow/EIBdfkJhPKY_GameAvcFhdL3.flv?hwTime=6aa50a41&hwSecret=%2A%2A%2A&tsc=origin&highTraffic=1&oidc=watchmen&sidc=205492&no_script=1&ss=s23&tfc_buyer=0
东方〖情与法在线〗 - 快手直播,https://hw-origin.pull.yximgs.com/gifshow/PdiWr2BCL5c_ma1500-AuditAvcOriginL3.flv?hwTime=6aa50a41&hwSecret=%2A%2A%2A&tsc=origin&oidc=watchmen&sidc=201230&no_script=1&srcStrm=PdiWr2BCL5c&ss=s23&tfc_buyer=1
B哥（车水马龙） - 快手直播,https://hw-origin.pull.yximgs.com/gifshow/rjohRHGNsWE_ma1500-AuditAvcOriginL3.flv?hwTime=6aa50a41&hwSecret=%2A%2A%2A&tsc=origin&highTraffic=1&oidc=watchmen&sidc=2959&no_script=1&srcStrm=rjohRHGNsWE&ss=s23&tfc_buyer=1
仙小九·3484 - 快手直播,https://hw-origin.pull.yximgs.com/gifshow/x6MfFT0maSk_ShowAvcHdL0-AuditAvcOriginL3.flv?hwTime=6aa50a41&hwSecret=%2A%2A%2A&tsc=origin&oidc=watchmen&sidc=201230&no_script=1&srcStrm=x6MfFT0maSk&ss=s23&tfc_buyer=0
刘三妮（加油） - 快手直播,https://hw-origin.pull.yximgs.com/gifshow/0SawRHMLSDI_ShowAvcHdL0-AuditAvcOriginL3.flv?hwTime=6aa50a41&hwSecret=%2A%2A%2A&tsc=origin&oidc=watchmen&sidc=2527&no_script=1&srcStrm=0SawRHMLSDI&ss=s23&tfc_buyer=0
哈日呼 - 快手直播,https://hw-origin.pull.yximgs.com/gifshow/LbAC_p7oOpM_ShowAvcHdL0.flv?hwTime=6aa50a41&hwSecret=%2A%2A%2A&tsc=origin&oidc=watchmen&sidc=207211&no_script=1&ss=s23&tfc_buyer=0
二力小号 - 快手直播,https://hw-origin.pull.yximgs.com/gifshow/fUJvkWYddTQ_ShowAvcHdL0.flv?hwTime=6aa50a41&hwSecret=%2A%2A%2A&tsc=origin&highTraffic=1&oidc=watchmen&sidc=205492&no_script=1&ss=s23&tfc_buyer=0
FZ钢蛋嗨翻天 - 快手直播,https://hw-origin.pull.yximgs.com/gifshow/sqfhlx35U8c_ShowAvcHdL0-AuditAvcOriginL3.flv?hwTime=6aa50a41&hwSecret=%2A%2A%2A&tsc=origin&oidc=watchmen&sidc=201165&no_script=1&srcStrm=sqfhlx35U8c&ss=s23&tfc_buyer=0
毛眼🎤《农村娃》 - 快手直播,https://hw-origin.pull.yximgs.com/gifshow/m7GPyhmb9qY_ma1500-AuditAvcOriginL3.flv?hwTime=6aa50a41&hwSecret=%2A%2A%2A&tsc=origin&oidc=watchmen&sidc=2012&no_script=1&srcStrm=m7GPyhmb9qY&ss=s23&tfc_buyer=1
婷宝💦招队员💦 - 快手直播,https://hw-origin.pull.yximgs.com/gifshow/j20c5XZDy5U_ShowAvcHdL0-AuditAvcOriginL3.flv?hwTime=6aa50a41&hwSecret=%2A%2A%2A&tsc=origin&oidc=watchmen&sidc=205251&no_script=1&srcStrm=j20c5XZDy5U&ss=s23&tfc_buyer=0
书鸣雅瑞 - 快手直播,https://hw-origin.pull.yximgs.com/gifshow/dzNLiWyMfFQ_ma1500-AuditAvcOriginL3.flv?hwTime=6aa50a41&hwSecret=%2A%2A%2A&tsc=origin&oidc=watchmen&sidc=203562&no_script=1&srcStrm=dzNLiWyMfFQ&ss=s23&tfc_buyer=1
小林脱口秀「浪3」 - 快手直播,https://hw-origin.pull.yximgs.com/gifshow/fxMWuRmm_EI_ShowAvcHdL0-AuditAvcOriginL3.flv?hwTime=6aa50a41&hwSecret=%2A%2A%2A&tsc=origin&oidc=watchmen&sidc=201165&no_script=1&srcStrm=fxMWuRmm_EI&ss=s23&tfc_buyer=0
白总正能量666 - 快手直播,https://hw-origin.pull.yximgs.com/gifshow/xPYMURWu6O0_ShowAvcHdL0-AuditAvcOriginL3.flv?hwTime=6aa50a41&hwSecret=%2A%2A%2A&tsc=origin&oidc=watchmen&sidc=206077&no_script=1&srcStrm=xPYMURWu6O0&ss=s23&tfc_buyer=0
红娘七七 - 快手直播,https://hw-origin.pull.yximgs.com/gifshow/hOtbLvLdjDk_ShowAvcHdL0.flv?hwTime=6aa50a41&hwSecret=%2A%2A%2A&tsc=origin&oidc=watchmen&sidc=205492&no_script=1&ss=s23&tfc_buyer=0
倩倩逗你笑 - 快手直播,https://hw-origin.pull.yximgs.com/gifshow/oAvyu4RJ-8k_ShowAvcHdL0-AuditAvcOriginL3.flv?hwTime=6aa50a41&hwSecret=%2A%2A%2A&tsc=origin&oidc=watchmen&sidc=2527&no_script=1&srcStrm=oAvyu4RJ-8k&ss=s23&tfc_buyer=0
霸道欣 - 快手直播,https://hw-origin.pull.yximgs.com/gifshow/3b6eSb5Zlms_ShowAvcHdL0.flv?hwTime=6aa50a41&hwSecret=%2A%2A%2A&tsc=origin&oidc=watchmen&sidc=201165&no_script=1&ss=s23&tfc_buyer=0
丽娜 - 快手直播,https://hw-origin.pull.yximgs.com/gifshow/6UlDL2mq9YE_ShowAvcHdL0.flv?hwTime=6aa50a41&hwSecret=%2A%2A%2A&tsc=origin&oidc=watchmen&sidc=201230&no_script=1&ss=s23&tfc_buyer=0
🔥小丹丹🔥小号 - 快手直播,https://hw-origin.pull.yximgs.com/gifshow/WBMRnxwGidA_ShowAvcHdL0.flv?hwTime=6aa50a41&hwSecret=%2A%2A%2A&tsc=origin&highTraffic=1&oidc=watchmen&sidc=201230&no_script=1&ss=s23&tfc_buyer=0
小彬❤️（师父魏三） - 快手直播,https://hw-origin.pull.yximgs.com/gifshow/Xo1GHra0ysk_ShowAvcHdL0.flv?hwTime=6aa50a41&hwSecret=%2A%2A%2A&tsc=origin&highTraffic=1&oidc=watchmen&sidc=201165&no_script=1&ss=s23&tfc_buyer=0
柱子贤话（家人号） - 快手直播,https://hw-origin.pull.yximgs.com/gifshow/1pvFyMobKOI_ShowAvcHdL0.flv?hwTime=6aa50a41&hwSecret=%2A%2A%2A&tsc=origin&oidc=watchmen&sidc=201165&no_script=1&ss=s23&tfc_buyer=0
二美🌈户外助农 - 快手直播,https://hw-origin.pull.yximgs.com/gifshow/WZHnWpMtsaA_ShowAvcHdL0-AuditAvcOriginL3.flv?hwTime=6aa50a41&hwSecret=%2A%2A%2A&tsc=origin&highTraffic=1&oidc=watchmen&sidc=201230&no_script=1&srcStrm=WZHnWpMtsaA&ss=s23&tfc_buyer=0
钱亮-下午2点开播 - 快手直播,https://hw-origin.pull.yximgs.com/gifshow/7np6aWnOc80_ShowAvcHdL0-AuditAvcOriginL3.flv?hwTime=6aa50a41&hwSecret=%2A%2A%2A&tsc=origin&oidc=watchmen&sidc=2012&no_script=1&srcStrm=7np6aWnOc80&ss=s23&tfc_buyer=1
万里（重新做人） - 快手直播,https://hw-origin.pull.yximgs.com/gifshow/2Fxtri3D_tw_ma1500.flv?hwTime=6aa50a41&hwSecret=%2A%2A%2A&tsc=origin&oidc=watchmen&sidc=203562&no_script=1&ss=s23&tfc_buyer=1
龙一✨ 【629】 - 快手直播,https://hw-origin.pull.yximgs.com/gifshow/wXe56dDBkSw_ShowAvcHdL0-AuditAvcOriginL3.flv?hwTime=6aa50a41&hwSecret=%2A%2A%2A&tsc=origin&oidc=watchmen&sidc=207615&no_script=1&srcStrm=wXe56dDBkSw&ss=s23&tfc_buyer=0
猪头妹下午两点开播 - 快手直播,https://hw-origin.pull.yximgs.com/gifshow/kBWUy6WzoC0_ma1500-AuditAvcOriginL3.flv?hwTime=6aa50a41&hwSecret=%2A%2A%2A&tsc=origin&oidc=watchmen&sidc=205492&no_script=1&srcStrm=kBWUy6WzoC0&ss=s23&tfc_buyer=1
林汐《砥砺前行》 - 快手直播,https://hw-origin.pull.yximgs.com/gifshow/2sGRSvkq1AM_ma1500.flv?hwTime=6aa50a41&hwSecret=%2A%2A%2A&tsc=origin&highTraffic=1&oidc=watchmen&sidc=2012&no_script=1&ss=s23&tfc_buyer=1
webp" group-title="虎牙" tvg-id="huya:10188", DANK1NG - 虎牙直播,https://qiheyi.pages.dev/huya/10188
童锦程【798】 - 虎牙直播,https://qiheyi.pages.dev/huya/527988
webp" group-title="虎牙" tvg-id="huya:60066", 杨齐家丶 - 虎牙直播,https://qiheyi.pages.dev/huya/60066
webp" group-title="虎牙" tvg-id="huya:229085", 红莲8888 - 虎牙直播,https://qiheyi.pages.dev/huya/229085
webp" group-title="虎牙" tvg-id="huya:31337732", QY-许妍妍 - 虎牙直播,https://qiheyi.pages.dev/huya/31337732
webp" group-title="虎牙" tvg-id="huya:168212", 星晴-全是美女 - 虎牙直播,https://qiheyi.pages.dev/huya/168212
集梦张开朗【233】 - 虎牙直播,https://qiheyi.pages.dev/huya/233
解说元宝  - 虎牙直播,https://qiheyi.pages.dev/huya/138297
webp" group-title="虎牙" tvg-id="huya:825290", 弃徒x - 虎牙直播,https://qiheyi.pages.dev/huya/825290
webp" group-title="虎牙" tvg-id="huya:123321", CSBOY - 虎牙直播,https://qiheyi.pages.dev/huya/123321
webp" group-title="虎牙" tvg-id="huya:6952", 盛世-仙女湖 - 虎牙直播,https://qiheyi.pages.dev/huya/6952
webp" group-title="虎牙" tvg-id="huya:16188", 阳宝宝、 - 虎牙直播,https://qiheyi.pages.dev/huya/16188
4AM官方账号 - 虎牙直播,https://qiheyi.pages.dev/huya/29808168
沈不凡【1995】 - 虎牙直播,https://qiheyi.pages.dev/huya/199589
WE957 - 虎牙直播,https://qiheyi.pages.dev/huya/890001
狂鸟丶楚河-90327 - 虎牙直播,https://qiheyi.pages.dev/huya/998
webp" group-title="虎牙" tvg-id="huya:157143", QY-大奶盖盖【323】 - 虎牙直播,https://qiheyi.pages.dev/huya/157143
webp" group-title="虎牙" tvg-id="huya:52647", Dae-感觉至上 - 虎牙直播,https://qiheyi.pages.dev/huya/52647
解说硕硕 - 虎牙直播,https://qiheyi.pages.dev/huya/323444
webp" group-title="虎牙" tvg-id="huya:152792", 三角洲行动赛事官方 - 【重播】DFPL夏季赛第五周-eStar周冠,https://qiheyi.pages.dev/huya/152792
北笙 - 虎牙直播,https://qiheyi.pages.dev/huya/940107
十一【AJ】【518】 - 虎牙直播,https://qiheyi.pages.dev/huya/99101
webp" group-title="虎牙" tvg-id="huya:154723", 书香、丫丫 - 虎牙直播,https://qiheyi.pages.dev/huya/154723
webp" group-title="虎牙" tvg-id="huya:880214", 虎牙斯诺克 - 庞俊旭 VS 墨菲  2026斯诺克英格兰公开赛,https://qiheyi.pages.dev/huya/880214
baicaiovo - 虎牙直播,https://qiheyi.pages.dev/huya/691406
webp" group-title="虎牙" tvg-id="huya:30670202", FISSURE赛事 - FISSURE裂变天地S3苏州主舞台,https://qiheyi.pages.dev/huya/30670202
webp" group-title="虎牙" tvg-id="huya:29701600", 虎牙彩虹六号赛事 - 《彩虹六号：攻势》CNL2026第二赛段,https://qiheyi.pages.dev/huya/29701600
佳怡1995 - 虎牙直播,https://qiheyi.pages.dev/huya/19952
webp" group-title="虎牙" tvg-id="huya:341336", 吧啦【1212】 - 虎牙直播,https://qiheyi.pages.dev/huya/341336
云端体育 - 虎牙直播,https://qiheyi.pages.dev/huya/31189969
Letme严君泽 - 虎牙直播,https://qiheyi.pages.dev/huya/518518
webp" group-title="虎牙" tvg-id="huya:31347772", 清岩-雨落 - 虎牙直播,https://qiheyi.pages.dev/huya/31347772
webp" group-title="虎牙" tvg-id="huya:660133", 云顶之弈赛事 - 【Day2A组】迅哥申请换组，莲讯正面对局！,https://qiheyi.pages.dev/huya/660133
QQ宝贝【1995】 - 虎牙直播,https://qiheyi.pages.dev/huya/19958
webp" group-title="虎牙" tvg-id="huya:327891", 知恩-小牛蛙 - 虎牙直播,https://qiheyi.pages.dev/huya/327891
老唐-斯诺克 - 虎牙直播,https://qiheyi.pages.dev/huya/27599671
webp" group-title="虎牙" tvg-id="huya:102411", 神超 - 虎牙直播,https://qiheyi.pages.dev/huya/102411
webp" group-title="虎牙" tvg-id="huya:31361249", 故氏【国1公孙离-】 - 虎牙直播,https://qiheyi.pages.dev/huya/31361249
webp" group-title="虎牙" tvg-id="huya:703000", 幻灭 - 虎牙直播,https://qiheyi.pages.dev/huya/703000
小v【1995】 - 虎牙直播,https://qiheyi.pages.dev/huya/31358548
webp" group-title="虎牙" tvg-id="huya:153184", 书香、李李 - 虎牙直播,https://qiheyi.pages.dev/huya/153184
水叔羽球 - 虎牙直播,https://qiheyi.pages.dev/huya/30862527
Mint万坤 - 虎牙直播,https://qiheyi.pages.dev/huya/775178
梦境-kitty - 虎牙直播,https://qiheyi.pages.dev/huya/31317778
webp" group-title="虎牙" tvg-id="huya:881344", MAX-老街 - 虎牙直播,https://qiheyi.pages.dev/huya/881344
集梦苏苏【18】 - 虎牙直播,https://qiheyi.pages.dev/huya/158461
webp" group-title="虎牙" tvg-id="huya:360141", 云峥-林可可可以 - 虎牙直播,https://qiheyi.pages.dev/huya/360141
six球杆六哥 - 虎牙直播,https://qiheyi.pages.dev/huya/28321405
WY-空空西超白爆爆爆 - 虎牙直播,https://qiheyi.pages.dev/huya/347459
webp" group-title="虎牙" tvg-id="huya:651353", 华创-猪猪小悠 - 虎牙直播,https://qiheyi.pages.dev/huya/651353
憨憨是只猫呢 - 虎牙直播,https://qiheyi.pages.dev/huya/31291680
小金【1995】 - 虎牙直播,https://qiheyi.pages.dev/huya/158396
webp" group-title="虎牙" tvg-id="huya:31344093", QY-江黎 - 虎牙直播,https://qiheyi.pages.dev/huya/31344093
多哥聊台球 - 虎牙直播,https://qiheyi.pages.dev/huya/30875270
QG-玥昭昭 - 虎牙直播,https://qiheyi.pages.dev/huya/139642
webp" group-title="虎牙" tvg-id="huya:158375", 爱笑的丫头【你别过来】 - 虎牙直播,https://qiheyi.pages.dev/huya/158375
TXG-熊堡堡 - 虎牙直播,https://qiheyi.pages.dev/huya/157237
小唐【1995】 - 虎牙直播,https://qiheyi.pages.dev/huya/19950
webp" group-title="虎牙" tvg-id="huya:31340003", HY-悠悠 - 虎牙直播,https://qiheyi.pages.dev/huya/31340003
红魔鲁小胖 - 虎牙直播,https://qiheyi.pages.dev/huya/24302120
小小哈吉米 - 虎牙直播,https://qiheyi.pages.dev/huya/158741
webp" group-title="虎牙" tvg-id="huya:31299149", 北慕【135段打野】 - 虎牙直播,https://qiheyi.pages.dev/huya/31299149
webp" group-title="虎牙" tvg-id="huya:528300", 安德罗妮丶 - 虎牙直播,https://qiheyi.pages.dev/huya/528300
王子彦798 - 虎牙直播,https://qiheyi.pages.dev/huya/158362
webp" group-title="虎牙" tvg-id="huya:31332365", 正恒YJ-小U哈 - 虎牙直播,https://qiheyi.pages.dev/huya/31332365
琳琳体育 - 虎牙直播,https://qiheyi.pages.dev/huya/30942606
webp" group-title="虎牙" tvg-id="huya:660000", 虎牙英雄联盟赛事 - 【预告】1日17点iG vs LNG 德杯半决赛,https://qiheyi.pages.dev/huya/660000
webp" group-title="虎牙" tvg-id="huya:31329969", 婉婉【顶尖女野射】 - 虎牙直播,https://qiheyi.pages.dev/huya/31329969
webp" group-title="虎牙" tvg-id="huya:172386", 元气小柠檬 - 虎牙直播,https://qiheyi.pages.dev/huya/172386
集梦华子【116】 - 虎牙直播,https://qiheyi.pages.dev/huya/279116
webp" group-title="虎牙" tvg-id="huya:239116", 语澄一 - 虎牙直播,https://qiheyi.pages.dev/huya/239116
小虎牙体育 - 虎牙直播,https://qiheyi.pages.dev/huya/29812501
微竞-古手羽 - 虎牙直播,https://qiheyi.pages.dev/huya/941103
k - 虎牙直播,https://qiheyi.pages.dev/huya/31285628
webp" group-title="虎牙" tvg-id="huya:152694", 杨齐家丶随便掏 - 虎牙直播,https://qiheyi.pages.dev/huya/152694
小龙女【1995】 - 虎牙直播,https://qiheyi.pages.dev/huya/95920
webp" group-title="虎牙" tvg-id="huya:372582", 小羊炖土豆杨了个杨夢 - 虎牙直播,https://qiheyi.pages.dev/huya/372582
龙宝羽毛球 - 虎牙直播,https://qiheyi.pages.dev/huya/30857517
王者故氏-全国一射手 - 虎牙直播,https://qiheyi.pages.dev/huya/31368994
老实人sask - 虎牙直播,https://qiheyi.pages.dev/huya/579236
webp" group-title="虎牙" tvg-id="huya:136258", 初晴【晴投意合】 - 虎牙直播,https://qiheyi.pages.dev/huya/136258
番茄【AJ】西红市首富版 - 虎牙直播,https://qiheyi.pages.dev/huya/157851
webp" group-title="虎牙" tvg-id="huya:265130", ZKL-洋三刀【蓝莓】 - 虎牙直播,https://qiheyi.pages.dev/huya/265130
webp" group-title="虎牙" tvg-id="huya:880625", 虎牙斯诺克副舞台 - 希尔VS琼斯 2026斯诺克英国公开赛,https://qiheyi.pages.dev/huya/880625
玖笙-北辰 - 虎牙直播,https://qiheyi.pages.dev/huya/31366850
QG-宝拉 - 虎牙直播,https://qiheyi.pages.dev/huya/142741
糖兔Two - 虎牙直播,https://qiheyi.pages.dev/huya/146879
九九【1995】 - 虎牙直播,https://qiheyi.pages.dev/huya/95999
webp" group-title="虎牙" tvg-id="huya:31369703", JS-小暖 - 虎牙直播,https://qiheyi.pages.dev/huya/31369703
陪看斯洛克小昊 - 虎牙直播,https://qiheyi.pages.dev/huya/30832492
金豆-小m - 虎牙直播,https://qiheyi.pages.dev/huya/31313746
老实人sakw - 早安芙蓉的直播间,https://qiheyi.pages.dev/huya/31373898
webp" group-title="虎牙" tvg-id="huya:172392", huya丶寒星 - 虎牙直播,https://qiheyi.pages.dev/huya/172392
牛牛-798 - 虎牙直播,https://qiheyi.pages.dev/huya/158365
webp" group-title="虎牙" tvg-id="huya:347294", 万象-周圈圈 - 虎牙直播,https://qiheyi.pages.dev/huya/347294
小强电脑装机 - 虎牙直播,https://qiheyi.pages.dev/huya/28947271
webp" group-title="虎牙" tvg-id="huya:691346", 宇晨【土鸡马可】 - 虎牙直播,https://qiheyi.pages.dev/huya/691346
WY-小野宝宝 - 虎牙直播,https://qiheyi.pages.dev/huya/11135509
盛世-Umi优米 - 虎牙直播,https://qiheyi.pages.dev/huya/836494
集梦琪琪【116】超白版 - 虎牙直播,https://qiheyi.pages.dev/huya/158341
webp" group-title="虎牙" tvg-id="huya:26388591", QY-乔诗 - 虎牙直播,https://qiheyi.pages.dev/huya/26388591
【人杆合一】 - 虎牙直播,https://qiheyi.pages.dev/huya/30940294
webp" group-title="虎牙" tvg-id="huya:31348381", 子默-国服云缨 - 虎牙直播,https://qiheyi.pages.dev/huya/31348381
WY-思雅 - 虎牙直播,https://qiheyi.pages.dev/huya/127496
集梦丸子【18魔丸】 - 虎牙直播,https://qiheyi.pages.dev/huya/154968
webp" group-title="虎牙" tvg-id="huya:5213", 小小米粒儿ya【国服白】 - 虎牙直播,https://qiheyi.pages.dev/huya/5213
王大白- - 虎牙直播,https://qiheyi.pages.dev/huya/651346
帅soserious - null,https://qiheyi.pages.dev/huya/22886023
webp" group-title="虎牙" tvg-id="huya:31340757", 北慕-国一露娜 - 虎牙直播,https://qiheyi.pages.dev/huya/31340757
烟雨、李多多sweetie - 虎牙直播,https://qiheyi.pages.dev/huya/125764
webp" group-title="虎牙" tvg-id="huya:158436", CCS-星芒 - 虎牙直播,https://qiheyi.pages.dev/huya/158436
webp" group-title="虎牙" tvg-id="huya:66518", 溜溜冲吖 - 虎牙直播,https://qiheyi.pages.dev/huya/66518
QY-顾小七【岸】 - 虎牙直播,https://qiheyi.pages.dev/huya/153492
小舞点歌台 - 分享♬好音乐ღ好音质,https://qiheyi.pages.dev/huya/15590571
曦曦小娘子 - 虎牙直播,https://qiheyi.pages.dev/huya/18981375
webp" group-title="虎牙" tvg-id="huya:91209", 书香、柔软【209】 - 虎牙直播,https://qiheyi.pages.dev/huya/91209
笑叹Mh - 虎牙直播,https://qiheyi.pages.dev/huya/158493
温柔惠oO - 虎牙直播,https://qiheyi.pages.dev/huya/530708
南鸢鸢【欧皇版】 - 虎牙直播,https://qiheyi.pages.dev/huya/931457
webp" group-title="虎牙" tvg-id="huya:880225", 虎牙斯诺克1台解说 - 贺国强4-2击败巩晨智 2026英国公开赛,https://qiheyi.pages.dev/huya/880225
斗鱼和平活动直播间 - PEL奇遇时光-三亚海岛趣竞day1,https://qiheyi.pages.dev/douyu/9209119
若若跑的贼快 - 精英手册来啦！,https://qiheyi.pages.dev/douyu/9263298
别问问就黑皮 - 下午三点正赛第4天,https://qiheyi.pages.dev/douyu/5692787
甜星kitty - 早上10：30见或者迟点嘿嘿,https://qiheyi.pages.dev/douyu/6135669
在逃公主阮阮 - 清晨第一缕阳光,https://qiheyi.pages.dev/douyu/8765349
椰汁糕冬瓜强 - 双倍亲密度双倍亲密度,https://qiheyi.pages.dev/douyu/63136
MrGemini - Gemini：进来学技术！！,https://qiheyi.pages.dev/douyu/36252
QuQu非常规大师 - 裂变天地6进4淘汰赛！,https://qiheyi.pages.dev/douyu/178432
757户外 - 非常757女团 S9.5淘汰季，直接干！,https://qiheyi.pages.dev/douyu/757122
小美佳呀 - 大王你今天想我了吗,https://qiheyi.pages.dev/douyu/10106809
超级小桀 - 我可能玩了假的马里奥,https://qiheyi.pages.dev/douyu/74751
玩机器丶Machine - 这几天在线下解说FPG，苏州的朋友大家好,https://qiheyi.pages.dev/douyu/6979222
主播阿飞 - 阿飞)那就继续,https://qiheyi.pages.dev/douyu/84452
成都55张 - 祝大帆天天开心中中中,https://qiheyi.pages.dev/douyu/4386404
奇点一可口可乐 - 斗鱼大事件！,https://qiheyi.pages.dev/douyu/8799916
Tony托公子 - 依旧最有办法的男人！,https://qiheyi.pages.dev/douyu/6442973
邦Sa - 大师局硬核指挥！专业团队冲分教学！,https://qiheyi.pages.dev/douyu/5720533
pigff - 【pig】PUBG补给箱开启！道具限时领,https://qiheyi.pages.dev/douyu/24422
爱约一青花瓷 - 交友一厅【我在等你】&zwnj;,https://qiheyi.pages.dev/douyu/171
大余ya - 挣钱买电动车,https://qiheyi.pages.dev/douyu/9383155
20岁天才歌手Running - PUBG补给箱开启！道具限时领！,https://qiheyi.pages.dev/douyu/2448877
迅哥丶雨霖铃 - 新版本速冲第一！双倍,https://qiheyi.pages.dev/douyu/216555
孙悟空丨兰林汉 - 兰林汉：峡谷口技者！双倍亲密度~,https://qiheyi.pages.dev/douyu/475252
卡司一星梦阁1 - 天南地北扯闲话，在线征集离谱日常,https://qiheyi.pages.dev/douyu/10799022
姣姣吃饱饱 - 最后一天了拜托拜托哥哥,https://qiheyi.pages.dev/douyu/10290944
白鲨AyoM - 质量局限时回归~,https://qiheyi.pages.dev/douyu/12821
南波儿大魔王丶 - 南波儿：家族茶话会！,https://qiheyi.pages.dev/douyu/5526219
涂涂吃饱了 - 甜过初恋呀,https://qiheyi.pages.dev/douyu/10952213
十二月老铁 - 十二月老铁的快乐生活,https://qiheyi.pages.dev/douyu/3866447
喜欢水水【南波家族】 - 南波家族 主播那些事儿,https://qiheyi.pages.dev/douyu/7003279
阿涛皎月Carry - 小柒：第一视角解说TPC 明天网鱼赏金赛,https://qiheyi.pages.dev/douyu/6560603
考拉-24K音乐盒子 - 【优质点唱】距离你0.3km！,https://qiheyi.pages.dev/douyu/10952867
叶子户外 - 麻团S5.1重燃赛季,https://qiheyi.pages.dev/douyu/244548
梨落秋溪 - 梨落：王者1123，暂时国服第一,https://qiheyi.pages.dev/douyu/594019
XROCK年鹏Enpi - 饱了么外卖为您服务,https://qiheyi.pages.dev/douyu/5389181
衣锦夜行 - 没有嘻嘻哈哈，该登顶了,https://qiheyi.pages.dev/douyu/48699
果酱Broly - 果酱果酱打开DOTA,https://qiheyi.pages.dev/douyu/10673032
小熙阿 - 相遇即是上上签 27999,https://qiheyi.pages.dev/douyu/2196871
轰轰仔 - 【轰轰】PUBG补给箱开启！道具限时领！,https://qiheyi.pages.dev/douyu/6925114
余小C真的很强 - 余小C：今天又是元气满满的一天！,https://qiheyi.pages.dev/douyu/1126960
三角洲行动赛事 - DFPL夏季赛季后赛-车轮赛DAY1,https://qiheyi.pages.dev/douyu/12510244
ZA红牛 - 牛家村最后的文盲,https://qiheyi.pages.dev/douyu/184972
JT丶浩克大魔王 - 下午去康定,https://qiheyi.pages.dev/douyu/4489985
diyy刘頔 - 突围特工队,https://qiheyi.pages.dev/douyu/231059
丶东锅锅 - 新人主播。。。 91166 91166,https://qiheyi.pages.dev/douyu/6194144
暴雪游戏频道 - 2026炉石传说世界冠军赛-【重播】,https://qiheyi.pages.dev/douyu/525207
顾北宁ii - 恭喜天宝哥60级粉丝牌毕业了,https://qiheyi.pages.dev/douyu/1853869
甜彦 - 拼多多不是说我是最幸运的人吗,https://qiheyi.pages.dev/douyu/9288988
暴雪游戏频道2 - 【重播】2026炉石传说世界冠军赛,https://qiheyi.pages.dev/douyu/696178
靓旭 - 改版啦！！！每天七点上班！！,https://qiheyi.pages.dev/douyu/1165924
异灵术老师 - 异灵术：开心快乐93589,https://qiheyi.pages.dev/douyu/93589
冷风yys - 恭喜奥爹荣升王者至尊,https://qiheyi.pages.dev/douyu/1417930
鱼玥一第七秒 - 业余歌手聚集地,https://qiheyi.pages.dev/douyu/12786302
艾琳bigbaby - 【双倍】牛魔王归来,https://qiheyi.pages.dev/douyu/10639765
美伢Mya - 【CSTG】FPS 我来啦,https://qiheyi.pages.dev/douyu/12870978
阿乐fps - 帅哥简单直播！,https://qiheyi.pages.dev/douyu/7459835
百变姑姑肖淑洁 - 到三亚啦PEL奇遇时光,https://qiheyi.pages.dev/douyu/594613
i雯雯777 - 没事也看看我呗,https://qiheyi.pages.dev/douyu/9160725
兔子璐璐 - 麻辣辣辣辣辣辣辣,https://qiheyi.pages.dev/douyu/7571257
清清清清倾 - 全网最能学到技术的直播间！！！,https://qiheyi.pages.dev/douyu/3830391
驴酱的冯雨大王 - 回到武汉家中，当两天游戏天才！,https://qiheyi.pages.dev/douyu/317422
考拉一24时 - 小兜破蛋快乐 身体健康 所愿皆得,https://qiheyi.pages.dev/douyu/8406760
撒个蕉 - 这该死的肥美！！,https://qiheyi.pages.dev/douyu/1898003
17shou丷 - 一往无前.,https://qiheyi.pages.dev/douyu/2267291
白白白白白3 - 王者万象棋启动 1811143,https://qiheyi.pages.dev/douyu/1811143
浣茶茶 - 中午12播到晚上22,https://qiheyi.pages.dev/douyu/10607332
凌晨儿Mini - 小王小王，闪耀光芒,https://qiheyi.pages.dev/douyu/5350435
Leah以安 - 宝宝想要 宝宝得到,https://qiheyi.pages.dev/douyu/6532591
李李超欧 - 【CSTG】来这里开心就好了,https://qiheyi.pages.dev/douyu/12485490
萌主吖l - 泡芙携夜皇杯欢迎你 8775667,https://qiheyi.pages.dev/douyu/8775667
狐狸不太Sao - 新游戏的king！,https://qiheyi.pages.dev/douyu/699689
早安酱Au - 好运降临！！！ 12339275,https://qiheyi.pages.dev/douyu/12339275
天才小奶糕 - 逆风多解意,https://qiheyi.pages.dev/douyu/7209616
谢彬DD - 喂 在吗?进来看Show了.,https://qiheyi.pages.dev/douyu/110
Nostalie - NO:万象棋全能小霸王,https://qiheyi.pages.dev/douyu/142488
你个瞎马 - 【CSTG】去有风的地方,https://qiheyi.pages.dev/douyu/7204164
招财小卡车 - 在谁的怀中会有感觉 17666,https://qiheyi.pages.dev/douyu/1984024
雨文欣i - 有你的话，我期待每个明天,https://qiheyi.pages.dev/douyu/9647943
恰饭丶DZZ - 新赛季来临冲冲冲,https://qiheyi.pages.dev/douyu/309763
午夜抹抹茶 - 突围特⭕队,https://qiheyi.pages.dev/douyu/80432
小铭XiaoMing阿 - 【小铭】疯狂得吃 做任务！,https://qiheyi.pages.dev/douyu/2140364
Y炸薯条啊 - 不知道说什么 但你来了就有话题,https://qiheyi.pages.dev/douyu/12472940
是艺艺呢 - 好运常伴版,https://qiheyi.pages.dev/douyu/11225459
Weirdo桃花岛主 - 怀念亚服那个无所不能的自己,https://qiheyi.pages.dev/douyu/11637620
你的琳皇无限猖狂 - 梦藏于心行大于辩3300,https://qiheyi.pages.dev/douyu/9616398
斗鱼吃鸡赛事 - 【PCL秋季赛】S阶段小组赛今晚开赛,https://qiheyi.pages.dev/douyu/100
fufu哦 - 浙江第一温柔主播,https://qiheyi.pages.dev/douyu/469277
阿喜BABYxi - 有能の妻子！,https://qiheyi.pages.dev/douyu/9243236
MQ丶蜘蛛馍 - 蜘蛛馍：野区教学每晚12点直播 不见不散,https://qiheyi.pages.dev/douyu/226037
苏袜酱 - 【CSTG】水果消灭者,https://qiheyi.pages.dev/douyu/12866270
啊坤不是林北 - 【亿星】耐心不懂就问,https://qiheyi.pages.dev/douyu/8262774
爱约一爱约之夏 - 【交友】颜值女神/点唱/游戏/全能厅,https://qiheyi.pages.dev/douyu/7560043
小小泥o - 人生若只如初见 6667,https://qiheyi.pages.dev/douyu/6241657
龙四爷攻略组 - 12号晚上8点一起看原神前瞻！,https://qiheyi.pages.dev/douyu/479079
骇客H4cker - 6900上7000！！！,https://qiheyi.pages.dev/douyu/7314971
zard1991 - zado1991-chill dude,https://qiheyi.pages.dev/douyu/60937
晒网的慧儿呀 - 小狗天天在呀~,https://qiheyi.pages.dev/douyu/4941977
养了猪 - 猪猪爱财 取之取之,https://qiheyi.pages.dev/douyu/6597029
牙子【南波家族】 - 祝牙子生日快乐~,https://qiheyi.pages.dev/douyu/9286689
冲酱ccc - 万象棋开服啦！！!,https://qiheyi.pages.dev/douyu/2561523
娜子nAzi - 周五快乐~今天倍感精神！,https://qiheyi.pages.dev/douyu/6210028
青榎 - 秋水为神 玉为骨~,https://qiheyi.pages.dev/douyu/8031896
小野绿子midori - 【合肥唱歌】宝喜欢什么绿唱什么,https://qiheyi.pages.dev/douyu/9713879
清风孙策 - 王者万象棋启动 10609344,https://qiheyi.pages.dev/douyu/10609344
小鱼籽丫 - 小鱼：健康完赛就好啦,https://qiheyi.pages.dev/douyu/11285255
bulaQoQ - 【突围特工队】正赛day3！,https://qiheyi.pages.dev/douyu/10674166
Thea柒清 - 首位小年痴呆主播,https://qiheyi.pages.dev/douyu/7750351
一口三明治3Mz - 今天来看训练赛&nbsp;明天中午区决！,https://qiheyi.pages.dev/douyu/1667826
火星包 - 成都叶子团播day7 52,https://qiheyi.pages.dev/douyu/52
八卦象棋大师 - 2026年二代闭关锁☞布局开战。,https://qiheyi.pages.dev/douyu/851040
18岁的小软 - 主播距离你100m. 12882017,https://qiheyi.pages.dev/douyu/12882017
熊小怡呀 - 蒜鸟蒜鸟 都不涌易,https://qiheyi.pages.dev/douyu/7513035
一萌imu - 小店 折扣券 抽奖中！,https://qiheyi.pages.dev/douyu/6503272
尐表哥 - 电脑坏了，明天游戏！ 217331,https://qiheyi.pages.dev/douyu/217331
小白鸽WhiteDove - 【小白鸽】先3X3 然后晚上拆炸弹,https://qiheyi.pages.dev/douyu/228989
李清照CoCo - 新人 99新  抢到就是赚到,https://qiheyi.pages.dev/douyu/12880884
Wuli伊凡 - 耐看型 多看看,https://qiheyi.pages.dev/douyu/2449973
CSGO馒头 - 聊聊天打打游戏 6959154,https://qiheyi.pages.dev/douyu/6959154
菜到极致小兰摧 - 菜到极致小兰摧的直播间,https://qiheyi.pages.dev/douyu/5318286
刷白 - 每日乱杀秀,https://qiheyi.pages.dev/douyu/474669
燃舞蹈-精彩回放 - 燃舞蹈-精彩继续,http://nas.jqcykj.com:88/yy?id=22490906
燃舞蹈菲菲 - 没大哥放心看,http://nas.jqcykj.com:88/yy?id=1383543801
11 - 人生若只如初见,http://nas.jqcykj.com:88/yy?id=52967009
EMI咩咩 - EMI咩咩,http://nas.jqcykj.com:88/yy?id=1355055267
Yx妤柔 - Yx妤柔,http://nas.jqcykj.com:88/yy?id=1457258826
天晓嫚嫚 - 气质佳人嫚児~,http://nas.jqcykj.com:88/yy?id=1354871831
燃舞蹈初鹿 - 欢迎总裁回家,http://nas.jqcykj.com:88/yy?id=1351841360
樱花少女&hearts;ۣ（亿风） - 一直被模仿从未被超越～,http://nas.jqcykj.com:88/yy?id=1414783649
燃舞蹈一然 - 燃舞蹈一然,http://nas.jqcykj.com:88/yy?id=1355224154
虎娱惜儿 - 艺术生,http://nas.jqcykj.com:88/yy?id=13877067
天晓大泡 - 轻熟魅舞小泡泡,http://nas.jqcykj.com:88/yy?id=94588398
婷发财 - 想做你的小宝贝,http://nas.jqcykj.com:88/yy?id=1352316626
虎娱梦羽 - 虎娱梦羽,http://nas.jqcykj.com:88/yy?id=1417199434
燃舞蹈施施 - 燃舞蹈大蜜,http://nas.jqcykj.com:88/yy?id=64316154
燃舞蹈雨荷 - 上海大长腿,http://nas.jqcykj.com:88/yy?id=1355287281
Yx羡灵 - Yx羡灵,http://nas.jqcykj.com:88/yy?id=28178997
山东静静 - 撩人小腰精筱静,http://nas.jqcykj.com:88/yy?id=37718051
7038妖Luky - 7038妖Luky,http://nas.jqcykj.com:88/yy?id=1457713313
虎娱小玉宝 - 虎娱小玉宝,http://nas.jqcykj.com:88/yy?id=62637759
XY清纯少女 - 距离你0.01公里,http://nas.jqcykj.com:88/yy?id=1356259147
燃舞蹈橘子 - 宝贝 等你很久了,http://nas.jqcykj.com:88/yy?id=1382695487
summit1g - DROPS - WARDOGGIN. - !starforge @StarforgeSystems,https://usher.ttvnw.net/api/v2/channel/hls/summit1g.m3u8?sig=8c0b9bd50bf646a9ecb016d3478e577e1cb63962&token=%2A%2A%2A&platform=mobile_web&player_type=site&allow_source=true&allow_audio_only=true
布団ちゃんと申します - 20時あたりまでのらりくらり！放送！,https://usher.ttvnw.net/api/v2/channel/hls/indegnasen0706.m3u8?sig=771666a66b1127f1454ce684bbd6fe8ab1534c51&token=%2A%2A%2A&platform=mobile_web&player_type=site&allow_source=true&allow_audio_only=true
TheBurntPeanut_247 - 24/7 @TheBurntPeanut VODS/YT | WARDOGS RERUNS | BUNGULATORS ONLY CHAT,https://usher.ttvnw.net/api/v2/channel/hls/theburntpeanut_247.m3u8?sig=90b908d82a50bbbd09030ab2ffc648a682620368&token=%2A%2A%2A&platform=mobile_web&player_type=site&allow_source=true&allow_audio_only=true
ironmouse - !MOUSEATHON DAY 10 AHHHH 50% TO IMMUNE DEFICIENCY FOUNDATION |  !apari !omocat !fox !cheeky !ht !starforge !tts !merch !razer,https://usher.ttvnw.net/api/v2/channel/hls/ironmouse.m3u8?sig=fd367211819fba439bee6cfcd11a77402a8c3e1b&token=%2A%2A%2A&platform=mobile_web&player_type=site&allow_source=true&allow_audio_only=true
Topson - Dota 2 enjoyer,https://usher.ttvnw.net/api/v2/channel/hls/topson.m3u8?sig=8a30bc50182e256609707c7b89c3b2924dcf9ef8&token=%2A%2A%2A&platform=mobile_web&player_type=site&allow_source=true&allow_audio_only=true
TenZ - got haircut :O !inzone,https://usher.ttvnw.net/api/v2/channel/hls/tenz.m3u8?sig=ee7da622c0a882c16444fbe58b12ea22f50384c7&token=%2A%2A%2A&platform=mobile_web&player_type=site&allow_source=true&allow_audio_only=true
Maximilian_DOOD - THE BIGGEST FFVII YAP STREAM IN HISTORY...AMA,https://usher.ttvnw.net/api/v2/channel/hls/maximilian_dood.m3u8?sig=773d4d5af47f33ab8c8401671096bbcb86fc8659&token=%2A%2A%2A&platform=mobile_web&player_type=site&allow_source=true&allow_audio_only=true
shrood - 24/7 @SHROUD | VODS AND STREAMS | CS:GO | PUBG | VALO | RPGS | REPLAYS,https://usher.ttvnw.net/api/v2/channel/hls/shrood.m3u8?sig=676a908ae0677bbf7063a0f5c5e08351773cd09f&token=%2A%2A%2A&platform=mobile_web&player_type=site&allow_source=true&allow_audio_only=true
yourragegaming - DAY 9 POKEMON RADICAL RED NUZLOCKE... !nuzlocke !badge,https://usher.ttvnw.net/api/v2/channel/hls/yourragegaming.m3u8?sig=f412b61d830177c087805c66e98fc4b2d0424c50&token=%2A%2A%2A&platform=mobile_web&player_type=site&allow_source=true&allow_audio_only=true
Aunkere - [2K БЕЗ ЗАДЕРЖКИ] FURIA [0:0] G2 | FISSURE Playground S.3 👉 !bb !карты,https://usher.ttvnw.net/api/v2/channel/hls/aunkere.m3u8?sig=84985f1515dad44f2a7260a83840bd6110173d97&token=%2A%2A%2A&platform=mobile_web&player_type=site&allow_source=true&allow_audio_only=true
leva2k - БУДИМ ДМЫТРО И В ЗАЛ @zzord2001 | !tg !donate !winline !ggsel,https://usher.ttvnw.net/api/v2/channel/hls/leva2k.m3u8?sig=c1f8f645f16454a29689397d122b9aa9d536a99d&token=%2A%2A%2A&platform=mobile_web&player_type=site&allow_source=true&allow_audio_only=true
Silky - 🪂NYC TOMORROW🪂BECOMING A BARBER PT. 2🪂TURNING INTO A NEW MAN TODAY🪂 !core !patreon,https://usher.ttvnw.net/api/v2/channel/hls/silky.m3u8?sig=d948570bc2a37d43c8f8688853fd424d8b7e97cd&token=%2A%2A%2A&platform=mobile_web&player_type=site&allow_source=true&allow_audio_only=true
robcdee - Tokyo | HOW MANY DAYS OF RAIN??? | !esim !vpn !yt,https://usher.ttvnw.net/api/v2/channel/hls/robcdee.m3u8?sig=1110cf6af445f0ef0d6a9712055594152aedd8af&token=%2A%2A%2A&platform=mobile_web&player_type=site&allow_source=true&allow_audio_only=true
TpaBoMaH - ДЕНЬ ЧЕЛЛЕНДЖ - ИГРАЕМ НА ФУФЛЕ И ПОБЕЖДАЕМ 🔥 !обучение !тг,https://usher.ttvnw.net/api/v2/channel/hls/tpabomah.m3u8?sig=7df7142ed7d171b343e202abfc05bb9565613c65&token=%2A%2A%2A&platform=mobile_web&player_type=site&allow_source=true&allow_audio_only=true
maxim - Es gibt nur eine Burg! Das ist die Wanderburg! | !razer !snocks !koro !holzkern #Werbung,https://usher.ttvnw.net/api/v2/channel/hls/maxim.m3u8?sig=43e09be1680d66557089bd737ff5a53703eea562&token=%2A%2A%2A&platform=mobile_web&player_type=site&allow_source=true&allow_audio_only=true
Dracon - Ölpreise steigen stark durch Huthi-Rebellen + Ukraines Erfolge im Donbass + Republikaner nennen Demokraten die Partei des Hasses (LOL),https://usher.ttvnw.net/api/v2/channel/hls/dracon.m3u8?sig=923a7ae35ce7fdfea0a8d7cbdeea0d55cafdd323&token=%2A%2A%2A&platform=mobile_web&player_type=site&allow_source=true&allow_audio_only=true
aceu - streamer streams  only appy,https://usher.ttvnw.net/api/v2/channel/hls/aceu.m3u8?sig=97720f147de022810754137f8a91f31cdf6f8969&token=%2A%2A%2A&platform=mobile_web&player_type=site&allow_source=true&allow_audio_only=true
はんじょう - 11時間で＋13の男 A3639～,https://usher.ttvnw.net/api/v2/channel/hls/hanjoudesu.m3u8?sig=fc9f3fee51ac8db8487c8ac575b70ec6496c7bc8&token=%2A%2A%2A&platform=mobile_web&player_type=site&allow_source=true&allow_audio_only=true
Mynthos - 🔴 SIMUALTION DE FORAGE DE PETROLE ET LA SAUCISSE,https://usher.ttvnw.net/api/v2/channel/hls/mynthos.m3u8?sig=8ec0618b732ddea7b746f8c6ae194a09ec447d9e&token=%2A%2A%2A&platform=mobile_web&player_type=site&allow_source=true&allow_audio_only=true
betboom_cs_ru - FURIA [0] vs [0] G2 Esports | Bo3 | Quarterfinals | FISSURE Playground #3 | cast: @officialxoma_ & @gromozekacs !maps,https://usher.ttvnw.net/api/v2/channel/hls/betboom_cs_ru.m3u8?sig=171e7a8cfbf88803962ecec56b0c5bdd369f319d&token=%2A%2A%2A&platform=mobile_web&player_type=site&allow_source=true&allow_audio_only=true
Sequisha - 🏗️FOB LORD🛠️2nd Try?!🦚,https://usher.ttvnw.net/api/v2/channel/hls/sequisha.m3u8?sig=80c4c615d9ff2e9a461c44e9b61ddbf4f6f3b44d&token=%2A%2A%2A&platform=mobile_web&player_type=site&allow_source=true&allow_audio_only=true
Anthony_Kongphan - 🦇 WarDong DROPS 🎃 🌘 !Subtember 🔥,https://usher.ttvnw.net/api/v2/channel/hls/anthony_kongphan.m3u8?sig=2543b7f6bbcad52aa28428f78aec3d901e98f757&token=%2A%2A%2A&platform=mobile_web&player_type=site&allow_source=true&allow_audio_only=true
Lost - 🔥24h !MARATHON STREAM?🔥Extra KEY Giveaway✅WARDOGS Chat Abzeichen für 30% Rabatt!✅,https://usher.ttvnw.net/api/v2/channel/hls/lost.m3u8?sig=a8c835866ec3a60a337cbdb6068c6997fffabb57&token=%2A%2A%2A&platform=mobile_web&player_type=site&allow_source=true&allow_audio_only=true
なるお_ - トルネコの大冒険リマスター ネタバレ禁止,https://usher.ttvnw.net/api/v2/channel/hls/naru0419045.m3u8?sig=ba1bc2f43a337d3b9959c7b746881af1ddc0eee0&token=%2A%2A%2A&platform=mobile_web&player_type=site&allow_source=true&allow_audio_only=true
Broxah - 🔴 THE FINAL DAY... I CAN'T AFFORD TO LOSE | DEMON ARC: SHACO → TEEMO 🔴 !prime !social !youtube,https://usher.ttvnw.net/api/v2/channel/hls/broxah.m3u8?sig=f1f2c668522915a8bf63dd19e3a9b7527937ff5b&token=%2A%2A%2A&platform=mobile_web&player_type=site&allow_source=true&allow_audio_only=true
IQ200YukaF - SCRIM,https://usher.ttvnw.net/api/v2/channel/hls/iq200yukaf.m3u8?sig=d7260dd6f1aabe2266e1d4df5f915774b037dab2&token=%2A%2A%2A&platform=mobile_web&player_type=site&allow_source=true&allow_audio_only=true
Arky - 🔶 LATE NIGHT VIBE 🔶 NO PIXEL 🔶 STREAMER TIERLIST 🔶 !oscs !comm !socials,https://usher.ttvnw.net/api/v2/channel/hls/arky.m3u8?sig=b908e3369677f35896ce7b255c31c4853865849b&token=%2A%2A%2A&platform=mobile_web&player_type=site&allow_source=true&allow_audio_only=true
yoace7 - 🔥300K Up for Grabs | Free $200 Signup Bonus | 600k Leaderboard Grind,https://usher.ttvnw.net/api/v2/channel/hls/yoace7.m3u8?sig=7c23176fd57128f5c18b88319af669727c1c470a&token=%2A%2A%2A&platform=mobile_web&player_type=site&allow_source=true&allow_audio_only=true
ボドカさん - 完全初見「WARDOGS」いくぞー,https://usher.ttvnw.net/api/v2/channel/hls/vodkavdk.m3u8?sig=377cafaad11c1f3172fcfde1450c4623eba0eb73&token=%2A%2A%2A&platform=mobile_web&player_type=site&allow_source=true&allow_audio_only=true
samueletienne - LA MATINÉE EST TIENNE  on lit les journaux ensemble,https://usher.ttvnw.net/api/v2/channel/hls/samueletienne.m3u8?sig=27ae9e2db397956a66601ead5529ace6a3ffdfe7&token=%2A%2A%2A&platform=mobile_web&player_type=site&allow_source=true&allow_audio_only=true
_hisqueen626_ - Makeup 🎨,https://pull-f5-tt01.fcdn.eu.tiktokcdn.com/stage/stream-3578829462436578224_hd.flv?expire=%2A%2A%2A&sign=6856889bba1621a8a8453a25a1f25c11
☝🏻 B Tha One ☝🏻 - Freestyling Comments,https://pull-f5-tt01.fcdn.eu.tiktokcdn.com/stage/stream-3578829085485302704_hd.flv?expire=%2A%2A%2A&sign=d4a5821a8ef7aee87953ef8dc6d8ee4a
sheisMichaela on IG - TikTok直播,https://pull-flv-l77-tt01.tiktokcdn-eu.com/stage/stream-3578829687050208271_hd.flv?expire=%2A%2A%2A&sign=d7efa2f2c7eb14d09cc7b20352fc43c9
Sèa God first 🙏🏿ANF🫶🏾 - Vin fè yon ti pale,https://pull-f5-tt01.fcdn.eu.tiktokcdn.com/stage/stream-3578829126288540592_hd.flv?expire=%2A%2A%2A&sign=f789eb14e429adceb85eb77f478b1c53
★Оксана♛👑 - TikTok直播,https://pull-q5-sg01.fcdn.eu.tiktokcdn.com/stage/stream-1561217256796717099_hd.flv?expire=%2A%2A%2A&sign=b824e39669dc3a2e50d189427f173a29
CoachMBP 💒 - DISCUSSING TRUMP JOIN,https://pull-f5-tt01.fcdn.eu.tiktokcdn.com/stage/stream-3578829149911647152_hd.flv?expire=%2A%2A%2A&sign=0475a441da5aa96668818f1764f7984c
POTATO 🪿 - HEEHHEE,https://pull-f5-tt01.fcdn.eu.tiktokcdn.com/game/stream-3578829538535146428_hd.flv?expire=%2A%2A%2A&sign=00077fc69f61d9539087d0265ed70218
LocalMid - GAMES  HEISTS  CAR DROPS 20K XBX,https://pull-f5-tt02.fcdn.eu.tiktokcdn.com/game/stream-3867058619154695118_hd.flv?expire=%2A%2A%2A&sign=dd0fd92939796a69c39b4ad740e3efa4
Vivian🍓 - TikTok直播,https://pull-f5-tt01.fcdn.eu.tiktokcdn.com/stage/stream-3578829903404991408_hd.flv?expire=%2A%2A%2A&sign=40bb612cff35caa8697f2965e73c6fb9
softSpokenGamingASMR - relaxing asmr #TeamfightTactics,https://pull-f5-tt02.fcdn.eu.tiktokcdn.com/game/stream-3867058980065641422_hd.flv?expire=%2A%2A%2A&sign=af2680f4f26276b532d37dfe1cf37358
tubby - twitch.tv/BluntsMC,https://pull-f5-tt02.fcdn.eu.tiktokcdn.com/game/stream-3867059944817951694_hd.flv?expire=%2A%2A%2A&sign=8f694afc360584ace616b0548f375d02
The Cookin' DJ 👩🏽‍🍳🔪🎵🎶 - Rnb Thursday 🎤🎶🎵,https://pull-f5-tt01.fcdn.eu.tiktokcdn.com/stage/stream-3578828788799374256_hd.flv?expire=%2A%2A%2A&sign=0b402c3ac92fc30070b80c1c78cc3744
Madrugadas con Dios 🙌🙌 - Palabra de vida,https://pull-w5-sg01.fcdn.eu.tiktokcdn.com/stage/stream-1561217045871460398_hd.flv?expire=%2A%2A%2A&sign=fe0e37b93a1ffa63c099ac09997491b8
amzoun2000 - 10 Sept  2026.  11 PM,https://pull-f5-tt01.fcdn.eu.tiktokcdn.com/stage/stream-3578829636514350000_hd.flv?expire=%2A%2A%2A&sign=ddefc3fcbc549ad30600dbdbe3361bdd
flock🤍 - TikTok直播,https://pull-w5-sg01.fcdn.eu.tiktokcdn.com/game/stream-2137677670325944412_hd.flv?expire=%2A%2A%2A&sign=f57c78db537379306230df3723e400e6
🇲🇽Pancho Espinoza Jr.🎤 - TikTok直播,https://pull-f5-tt02.fcdn.eu.tiktokcdn.com/stage/stream-3867059162804126658_hd.flv?expire=%2A%2A%2A&sign=2621a2d6d5c14a0f0fcfa14cfdccb0c5
Bonez🦴 - Brackets and More!!!,https://pull-f5-tt01.fcdn.eu.tiktokcdn.com/game/stream-3578829174538765244_hd.flv?expire=%2A%2A%2A&sign=3388c6cac7c210dfd4343175e337e465
Death80085 - Lets play a liitle game of stabb,https://pull-f5-tt02.fcdn.eu.tiktokcdn.com/game/stream-3867059241183871950_hd.flv?expire=%2A%2A%2A&sign=481ac10ce934094630deaacd37b1156d
Jaice TCM - JaiceTCM is live,https://pull-f5-tt01.fcdn.eu.tiktokcdn.com/game/stream-3578829165014287292_hd.flv?expire=%2A%2A%2A&sign=108ba7bed0e7083a696202411bced53d
soulspace with fayth - tarot and channel with me,https://pull-f5-tt02.fcdn.eu.tiktokcdn.com/stage/stream-3867060305527833538_hd.flv?expire=%2A%2A%2A&sign=85394d51a191779a1e865465e054198c
印尼 vs 韩国 36-64 [解说],https://hello.ooo0ooo.top/live/3931198.m3u8
印尼 vs 韩国 36-64 [原声],https://pul-tenm.gkykp.com/live/hd-en-2-3931198.m3u8?txSecret=%2A%2A%2A&txTime=6AA509C8
阿格尼普拉 vs 星联队 0-0 [解说],https://hello.ooo0ooo.top/live/4644068.m3u8
阿格尼普拉 vs 星联队 0-0 [原声],https://pul-tenm.gkykp.com/live/sd-1-4644068.m3u8?txSecret=%2A%2A%2A&txTime=6AA509C8
[回放] 菲律宾 vs 巴林 85-89 [亚运男篮] 2026-09-11 12:00,https://xzb-vod.xzb99.com/64664c68vodsgp1386416388/b7961f1c5001834820109581457/playlist_eof.m3u8?t=6aa3f42b&us=3c4f5a2040&sign=357c4c13df4bfd2f17fddeee9d4f3a57
[回放] 菲律宾 vs 巴林 85-89 [亚运男篮] 2026-09-11 12:00,https://xzb-vod.xzb99.com/64664c68vodsgp1386416388/458046bc5001834820071097925/playlist_eof.m3u8?t=6aa3f42b&us=3c4f5a2040&sign=d474e5f50ca311dd33a5d91dfc2eacd5
[回放] 美洲狮 vs 莱昂 3-1 [墨西超] 2026-09-11 11:05,https://xzb-vod.xzb99.com/64664c68vodsgp1386416388/c5709d7a5001834820069254804/playlist_eof.m3u8?t=6aa3f79a&us=848073c2f1&sign=3f5ae74bbd97930699f21717fe180a33
[回放] 矿工 vs 红魔鬼 98-85 [墨联] 2026-09-11 10:05,https://xzb-vod.xzb99.com/64664c68vodsgp1386416388/4aacbafd5001834820101320101/playlist_eof.m3u8?t=6aa3f965&us=f7c20008ea&sign=45c91eb5828e5fed04d7cb642fd029ab
[回放] 圣徒 vs 皇家部队 89-101 [墨联] 2026-09-11 10:00,https://xzb-vod.xzb99.com/64664c68vodsgp1386416388/1fe988055001834819835943621/playlist_eof.m3u8?t=6aa3f7fc&us=2ed289c217&sign=784901258f61e232471a53fe46e5ea52
[回放] 野狼 vs 草莓种植者 71-82 [墨联] 2026-09-11 10:00,https://xzb-vod.xzb99.com/64664c68vodsgp1386416388/63b1c69b5001834820108297327/playlist_eof.m3u8?t=6aa3f986&us=f4c3729bbd&sign=3eaaa41bd204d65ba68adb6e7ac06ed4
[回放] 热浪 vs 黑豹 103-88 [墨联] 2026-09-11 09:15,https://xzb-vod.xzb99.com/64664c68vodsgp1386416388/6dfcc7355001834820037591332/playlist_eof.m3u8?t=6aa3fe3d&us=53ab3e976d&sign=b716700a92f30117cf788d03bd4c1927
[回放] 走鹃 vs 金人 79-86 [墨联] 2026-09-11 09:15,https://xzb-vod.xzb99.com/64664c68vodsgp1386416388/8c9647b85001834820105923169/playlist_eof.m3u8?t=6aa3fc60&us=ba927e04a7&sign=8e87b1a7fbf1966b99e8d098e1771be6
[回放] 阿莱布里赫 vs 杜兰戈 1-0 [墨西乙] 2026-09-11 09:00,https://xzb-vod.xzb99.com/64664c68vodsgp1386416388/66816d1b5001834820037226685/playlist_eof.m3u8?t=6aa3f818&us=40f17a4cda&sign=78fd88fa1cb4012262aa87a29d64c5a7
[回放] 百万富翁 vs 卡利体育会 1-1 [哥伦甲] 2026-09-11 09:00,https://xzb-vod.xzb99.com/64664c68vodsgp1386416388/275f1aad5001834820036801007/playlist_eof.m3u8?t=6aa3f7e4&us=34a3684028&sign=bfe7608639184d18aac804cfd41113b5
[回放] 蜜蜂 vs 淘金者 83-87 [墨联] 2026-09-11 09:00,https://xzb-vod.xzb99.com/64664c68vodsgp1386416388/6ddb47975001834820037576052/playlist_eof.m3u8?t=6aa3f99a&us=73b7fd26db&sign=c2d1b7828da542b1b5947238318c0ee8
[回放] 中国 vs 哈萨克斯坦 99-61 [亚运男篮] 2026-09-11 09:00,https://xzb-vod.xzb99.com/64664c68vodsgp1386416388/0a9923395001834820046449415/playlist_eof.m3u8?t=6aa3f3a4&us=daffcf759e&sign=782af2e4df2eefe8c011e7568abdcd05
[回放] 玻利瓦尔 vs 石油独立 1-1 [玻利杯] 2026-09-11 08:30,https://xzb-vod.xzb99.com/64664c68vodsgp1386416388/04dec3be5001834820094084098/playlist_eof.m3u8?t=6aa3fe8c&us=05e90e5d31&sign=0feb9842d11149e2b0098a084bb08f32
[回放] 西恩夏诺 vs 蒙得维的亚城图尔克 2-0 [南球杯] 2026-09-11 08:30,https://xzb-vod.xzb99.com/64664c68vodsgp1386416388/4f6c74345001834820101536277/playlist_eof.m3u8?t=6aa3f10c&us=9eddb5b20f&sign=4843f15c57959ca98c1ede4a9e2a4e05
[回放] 累西腓体育 vs 庞特普雷塔 2-0 [巴西乙] 2026-09-11 08:30,https://xzb-vod.xzb99.com/64664c68vodsgp1386416388/8b19dc545001834820034709063/playlist_eof.m3u8?t=6aa3fd06&us=9e1e99d922&sign=5b6f956f22019efd5386104e1aa7b8c3
[回放] 山谷独立 vs 弗拉门戈 0-2 [自由杯] 2026-09-11 08:30,https://xzb-vod.xzb99.com/64664c68vodsgp1386416388/75123be35001834819945457230/playlist_eof.m3u8?t=6aa3fded&us=6ebf584b3d&sign=84bf8129537933d488d72a240ad70ccd
[回放] 圣贝尔纳多 vs 隆德里纳 1-2 [巴西乙] 2026-09-11 07:50,https://xzb-vod.xzb99.com/64664c68vodsgp1386416388/b77663f25001834820093021582/playlist_eof.m3u8?t=6aa3f3df&us=335b9e2037&sign=43e62fd62b6264afcf5ad22bdf3a53d9
[回放] 帕特里奥坦斯 vs 巴瑞库拉 3-1 [哥伦乙] 2026-09-11 06:50,https://xzb-vod.xzb99.com/64664c68vodsgp1386416388/192042625001834819835673123/playlist_eof.m3u8?t=6aa3f04c&us=da352241d1&sign=f2ec334df0b68d7a0f8499105c24f722
[回放] 皇家托马亚波 vs 拉巴斯准备 2-0 [玻利杯] 2026-09-11 06:30,https://xzb-vod.xzb99.com/64664c68vodsgp1386416388/7cc7c83a5001834820027350858/playlist_eof.m3u8?t=6aa3ff05&us=c6e3c76c2e&sign=38b375496dfe9d45d983e5f670bc15f5
[回放] 维拉诺瓦 vs 戈亚斯 2-0 [巴西乙] 2026-09-11 06:30,https://xzb-vod.xzb99.com/64664c68vodsgp1386416388/d10846135001834819994952656/playlist_eof.m3u8?t=6aa3f0b6&us=bc74d32dec&sign=3eecd731e1e94ca873e0e47c6c431277
[回放] 奥尔索马尔索 vs 锡帕基拉老虎 0-2 [哥伦乙] 2026-09-11 06:00,https://xzb-vod.xzb99.com/64664c68vodsgp1386416388/28d300da5001834820026059844/playlist_eof.m3u8?t=6aa3f4e7&us=c7ea2a7af9&sign=89f6cf56ec5271820f428c4e49fd7790
[回放] 圣安东尼奥(ECU) vs 竞技足球会 0-3 [厄乙] 2026-09-11 04:30,https://xzb-vod.xzb99.com/64664c68vodsgp1386416388/18eaa38d5001834819835644865/playlist_eof.m3u8?t=6aa3f3a2&us=16737be636&sign=c87e27f1e728e042e6504a355650e460
[回放] 阿马多拉之星 vs 布拉加 2-1 [葡超] 2026-09-11 03:15,https://xzb-vod.xzb99.com/64664c68vodsgp1386416388/a902a9405001834820007564499/playlist_eof.m3u8?t=6aa3fb8f&us=8344d0e7f1&sign=aa7f79c4752df7786724bc9b0a8ae995
[回放] 斯蒂夫尼奇 vs 卢顿 2-1 [英甲] 2026-09-11 03:00,https://xzb-vod.xzb99.com/64664c68vodsgp1386416388/ad78621f5001834820007737739/playlist_eof.m3u8?t=6aa3fa5c&us=555c4d0985&sign=8c726fee2f5741418f17ccb230cf978a
[回放] 科莫 vs RB莱比锡 4-1 [欧冠] 2026-09-11 03:00,https://xzb-vod.xzb99.com/64664c68vodsgp1386416388/597c75f25001834820006433653/playlist_eof.m3u8?t=6aa3f9e3&us=7da533ad8d&sign=7bf7a305a6e525935a0ff809aad3adc9
[回放] 科莫 vs RB莱比锡 4-1 [欧冠] 2026-09-11 03:00,https://xzb-vod.xzb99.com/64664c68vodsgp1386416388/b8d5fc225001834820079574077/playlist_eof.m3u8?t=6aa3f9e3&us=7da533ad8d&sign=9a2b58f41d84913d6013be3c671399b9
[回放] 科莫 vs RB莱比锡 4-1 [欧冠] 2026-09-11 03:00,https://xzb-vod.xzb99.com/64664c68vodsgp1386416388/bf5809cc5001834820079806998/playlist_eof.m3u8?t=6aa3f9e3&us=7da533ad8d&sign=16adb6e56dc1dab75eed58408209beca
[回放] 布拉格斯拉维亚 vs 朗斯 2-3 [欧冠] 2026-09-11 03:00,https://xzb-vod.xzb99.com/64664c68vodsgp1386416388/c2192c065001834820079965671/playlist_eof.m3u8?t=6aa3fcfe&us=cf0f1125b4&sign=480b81de6f2f582b6bc8b42005807c03
[回放] 布拉格斯拉维亚 vs 朗斯 2-3 [欧冠] 2026-09-11 03:00,https://xzb-vod.xzb99.com/64664c68vodsgp1386416388/476715f25001834820071134185/playlist_eof.m3u8?t=6aa3fcfe&us=cf0f1125b4&sign=0fe1911a25b733cbd97d2223ce9227ec
[回放] 布拉格斯拉维亚 vs 朗斯 2-3 [欧冠] 2026-09-11 03:00,https://xzb-vod.xzb99.com/64664c68vodsgp1386416388/62f39c385001834820006850485/playlist_eof.m3u8?t=6aa3fcfe&us=cf0f1125b4&sign=fd305c7f36743e353adbf27df6c8b4ec
[回放] 拜仁 vs 博德闪耀 5-0 [欧冠] 2026-09-11 03:00,https://xzb-vod.xzb99.com/64664c68vodsgp1386416388/b8d580855001834820079573459/playlist_eof.m3u8?t=6aa3fe71&us=55a632d5fe&sign=4855e0a9cd88f7a3c1de48961ae6bcc5
[回放] 拜仁 vs 博德闪耀 5-0 [欧冠] 2026-09-11 03:00,https://xzb-vod.xzb99.com/64664c68vodsgp1386416388/2f5cb4005001834819927132642/playlist_eof.m3u8?t=6aa3fe71&us=55a632d5fe&sign=a478d534aec02c01b93e98aa6e7ee92c
[回放] 拜仁 vs 博德闪耀 5-0 [欧冠] 2026-09-11 03:00,https://xzb-vod.xzb99.com/64664c68vodsgp1386416388/baf694c05001834820079647506/playlist_eof.m3u8?t=6aa3fe71&us=55a632d5fe&sign=82532b9b19b6b916b4ea3a20c3f42359
[回放] 曼联 vs 萨巴赫 4-0 [欧冠] 2026-09-11 03:00,https://xzb-vod.xzb99.com/64664c68vodsgp1386416388/b614e69d5001834820079415690/playlist_eof.m3u8?t=6aa3fac4&us=7f5bcf87f0&sign=35df3e53f84ce07db0901d4253c26f64
[回放] 曼联 vs 萨巴赫 4-0 [欧冠] 2026-09-11 03:00,https://xzb-vod.xzb99.com/64664c68vodsgp1386416388/01923a595001834820070457590/playlist_eof.m3u8?t=6aa3fac4&us=7f5bcf87f0&sign=5e415eb87d35e74e8cb09fe2146de529
[回放] 曼联 vs 萨巴赫 4-0 [欧冠] 2026-09-11 03:00,https://xzb-vod.xzb99.com/64664c68vodsgp1386416388/231b9a185001834819978557289/playlist_eof.m3u8?t=6aa3fac4&us=7f5bcf87f0&sign=9758788c2f64e141f6dbbd8d13b185a6
[回放] 澳大利亚女篮 vs 西班牙女篮 66-89 [女篮世界杯] 2026-09-11 02:45,https://xzb-vod.xzb99.com/64664c68vodsgp1386416388/c7d84d385001834820069365106/playlist_eof.m3u8?t=6aa3f3aa&us=02477eab33&sign=6b7bd357465b3d2ad5e08b11bc1d277d
[回放] 澳大利亚女篮 vs 西班牙女篮 66-89 [女篮世界杯] 2026-09-11 02:45,https://xzb-vod.xzb99.com/64664c68vodsgp1386416388/149c652e5001834819835497563/playlist_eof.m3u8?t=6aa3f3aa&us=02477eab33&sign=1f1f432959a515fb3a8140f639920b16
[回放] 澳大利亚女篮 vs 西班牙女篮 66-89 [女篮世界杯] 2026-09-11 02:45,https://xzb-vod.xzb99.com/64664c68vodsgp1386416388/ce9feaa55001834820069632599/playlist_eof.m3u8?t=6aa3f3aa&us=02477eab33&sign=43625f092e16c97dde74f8433e49d626
[回放] 帕纳辛纳科斯 vs 基菲萨 3-1 [希腊超] 2026-09-11 02:15,https://xzb-vod.xzb99.com/64664c68vodsgp1386416388/c30afda25001834820069147739/playlist_eof.m3u8?t=6aa3f40a&us=ebe84c805d&sign=71e0d697e8162fec9ad05f5fa213058b
[回放] 国家体育 vs 巴库石油工人 81-52 [俱乐部友谊赛] 2026-09-10 20:30,https://xzb-vod.xzb99.com/64664c68vodsgp1386416388/6b2bb9b95001834820037426555/playlist_eof.m3u8?t=6aa3f437&us=d8dae26a0d&sign=8de498078c57a482f68fdfaaf1912f05
[回放] 中国女篮 vs 法国女篮 61-90 [女篮世界杯] 2026-09-10 20:30,https://xzb-vod.xzb99.com/64664c68vodsgp1386416388/b069e2e95001834819956521278/playlist_eof.m3u8?t=6aa3f12e&us=cc10d16f29&sign=be7b043d93c5bcfc0eb235d802791b5a
[回放] 中国女篮 vs 法国女篮 61-90 [女篮世界杯] 2026-09-10 20:30,https://xzb-vod.xzb99.com/64664c68vodsgp1386416388/611cb7065001834819955425435/playlist_eof.m3u8?t=6aa3f12e&us=cc10d16f29&sign=9c4fabc5544803d21d65dc0e37912d54
[回放] 中国女篮 vs 法国女篮 61-90 [女篮世界杯] 2026-09-10 20:30,https://xzb-vod.xzb99.com/64664c68vodsgp1386416388/ac1def975001834819956378579/playlist_eof.m3u8?t=6aa3f12e&us=cc10d16f29&sign=7f59ea1842b773a0dde189075d60ac14
[回放] 琉球黄金帝王 vs 珀斯野猫 82-110 [澳NBL] 2026-09-10 18:35,https://xzb-vod.xzb99.com/64664c68vodsgp1386416388/bb4bec5b5001834820004296891/playlist_eof.m3u8?t=6aa3fbbf&us=3727ef5751&sign=95e32429c107a9b5d2b56fba4d001f0e
[回放] 日本 vs 印尼 98-53 [亚运男篮] 2026-09-10 18:00,https://xzb-vod.xzb99.com/64664c68vodsgp1386416388/56c5c70d5001834819965836174/playlist_eof.m3u8?t=6aa3f8e4&us=ee66bec2e7&sign=512b0d965b020e2a851a343309088124
[回放] 美国女篮 vs 匈牙利女篮 108-56 [女篮世界杯] 2026-09-10 17:30,https://xzb-vod.xzb99.com/64664c68vodsgp1386416388/bb188f7f5001834819987212051/playlist_eof.m3u8?t=6aa3f5d4&us=8c7d8385c8&sign=3e79cac631366352ac70e4a098facd59
[回放] 美国女篮 vs 匈牙利女篮 108-56 [女篮世界杯] 2026-09-10 17:30,https://xzb-vod.xzb99.com/64664c68vodsgp1386416388/9d58d08c5001834820007064133/playlist_eof.m3u8?t=6aa3f5d4&us=8c7d8385c8&sign=76cfb0ce1b2aef80d10405678299ec8f
[回放] 美国女篮 vs 匈牙利女篮 108-56 [女篮世界杯] 2026-09-10 17:30,https://xzb-vod.xzb99.com/64664c68vodsgp1386416388/5c7d123a5001834819989579906/playlist_eof.m3u8?t=6aa3f5d4&us=8c7d8385c8&sign=915571cf30c20495813f4b617a4b9170
[回放] 墨尔本联 vs 新西兰破坏者 86-90 [澳NBL] 2026-09-10 16:30,https://xzb-vod.xzb99.com/64664c68vodsgp1386416388/d34f2e075001834819936333745/playlist_eof.m3u8?t=6aa3f7db&us=0355ecdd0f&sign=49976f83f6a71ee9e35aa98faf171aa9
[回放] 韩国 vs 沙特 82-66 [亚运男篮] 2026-09-10 15:00,https://xzb-vod.xzb99.com/64664c68vodsgp1386416388/7f179c495001834819928290852/playlist_eof.m3u8?t=6aa3f58d&us=0bb5154ac0&sign=f4befb744af426cf1dbdbcf9a23f6e29
[回放] 韩国 vs 沙特 82-66 [亚运男篮] 2026-09-10 15:00,https://xzb-vod.xzb99.com/64664c68vodsgp1386416388/2fc56c475001834819968242075/playlist_eof.m3u8?t=6aa3f58d&us=0bb5154ac0&sign=a9be54db9907082c66282c03ab8c9a77
[回放] 约旦 vs 中国台北 80-83 [亚运男篮] 2026-09-10 12:00,https://xzb-vod.xzb99.com/64664c68vodsgp1386416388/e843a0295001834819974264256/playlist_eof.m3u8?t=6aa3f987&us=fde080fab0&sign=05e580ab02038cbbce7b381aafded76b
[回放] 矿工 vs 红魔鬼 75-81 [墨联] 2026-09-10 10:05,https://xzb-vod.xzb99.com/64664c68vodsgp1386416388/d1019e895001834819800559756/playlist_eof.m3u8?t=6aa3fd5c&us=e146971b21&sign=c5bb182f5528d20502de01b916d562b6
[回放] 伊朗 vs 卡塔尔 53-59 [亚运男篮] 2026-09-10 09:00,https://xzb-vod.xzb99.com/64664c68vodsgp1386416388/85bdb0625001834819833911715/playlist_eof.m3u8?t=6aa3f8b1&us=7abf01367b&sign=8d040f71b4f943bc5c474b9d91a05107
[回放] 意大利女篮 vs 澳大利亚女篮 80-82 [女篮世界杯] 2026-09-10 02:45,https://xzb-vod.xzb99.com/64664c68vodsgp1386416388/eae818535001834819896461876/playlist_eof.m3u8?t=6aa3f21e&us=863502f83c&sign=5de06116f82c0e8b3740f545081ab297
[回放] 意大利女篮 vs 澳大利亚女篮 80-82 [女篮世界杯] 2026-09-10 02:45,https://xzb-vod.xzb99.com/64664c68vodsgp1386416388/0c14158d5001834819923879605/playlist_eof.m3u8?t=6aa3f21e&us=863502f83c&sign=bdf190341825f9283bdf177e22bef8d7
[回放] 意大利女篮 vs 澳大利亚女篮 80-82 [女篮世界杯] 2026-09-10 02:45,https://xzb-vod.xzb99.com/64664c68vodsgp1386416388/14868f4c5001834819876537660/playlist_eof.m3u8?t=6aa3f21e&us=863502f83c&sign=56e28e21fd5e4718233d753206d7e86e
CCTV4欧洲,http://45.192.97.170:8880/play/18.m3u8
CCTV4美洲,http://45.192.97.170:8880/play/19.m3u8
赛事最经典,http://45.192.97.170:8880/play/20.m3u8
体坛名栏汇,http://45.192.97.170:8880/play/21.m3u8
陕西体育,http://45.192.97.170:8880/play/24.m3u8
辽宁体育,http://45.192.97.170:8880/play/25.m3u8
农林卫视,http://45.192.97.170:8880/play/35.m3u8
延边卫视,https://srs.iybtv.cn/video/CYS1/index.m3u8
CCTV1@,http://f.123.rr.kg/163189/cctv1
CCTV2@,http://f.123.rr.kg/163189/cctv2
CCTV3@,http://f.123.rr.kg/163189/cctv3
CCTV4@,http://f.123.rr.kg/163189/cctv4
CCTV5@,http://f.123.rr.kg/163189/cctv5
CCTV5@,http://f.123.rr.kg/163189/cctv5-2
CCTV6@,http://f.123.rr.kg/163189/cctv6
CCTV7@,http://f.123.rr.kg/163189/cctv7
CCTV8@,http://f.123.rr.kg/163189/cctv8
CCTV9@,http://f.123.rr.kg/163189/cctv9
CCTV10@,http://f.123.rr.kg/163189/cctv10
CCTV11@,http://f.123.rr.kg/163189/cctv11
CCTV12@,http://f.123.rr.kg/163189/cctv12
CCTV13@,http://f.123.rr.kg/163189/cctv13
CCTV14@,http://f.123.rr.kg/163189/cctv14
CCTV15@,http://f.123.rr.kg/163189/cctv15
CCTV16@,http://f.123.rr.kg/163189/cctv16
CCTV16@,http://f.123.rr.kg/163189/cctv16-2
CCTV17@,http://f.123.rr.kg/163189/cctv17
CCTV4中文国际,http://120.48.113.49:6006/631780421
CCTV4欧洲,http://120.48.113.49:6006/608807419
CCTV4美洲,http://120.48.113.49:6006/608807416
CGTN阿拉伯语,http://120.48.113.49:6006/609154345
中学生,http://120.48.113.49:6006/708869532
海峡卫视,http://120.48.113.49:6006/849119120
中国农林卫视,http://120.48.113.49:6006/956904896
赛事最经典,http://120.48.113.49:6006/646596895
体坛名栏汇,http://120.48.113.49:6006/629943305
24小时城市联赛轮播台,http://120.48.113.49:6006/915512915
武术世界,http://120.48.113.49:6006/958475359
快乐垂钓,http://120.48.113.49:6006/961930263
建党105周年巡礼,http://120.48.113.49:6006/713600957
经典香港电影,http://120.48.113.49:6006/625703337
新片放映厅,http://120.48.113.49:6006/619495952
和美乡途轮播台,http://120.48.113.49:6006/713591450
南方影视,http://120.48.113.49:6006/614961829
中国天气,http://120.48.113.49:6006/959986621
山东教育,http://120.48.113.49:6006/609154353
熊猫频道01高清,http://120.48.113.49:6006/609158151
熊猫频道1,http://120.48.113.49:6006/608933610
熊猫频道2,http://120.48.113.49:6006/608933640
熊猫频道3,http://120.48.113.49:6006/608934619
熊猫频道4,http://120.48.113.49:6006/608934721
熊猫频道5,http://120.48.113.49:6006/608935104
熊猫频道6,http://120.48.113.49:6006/608935797
熊猫频道7,http://120.48.113.49:6006/609169286
熊猫频道8,http://120.48.113.49:6006/609169287
熊猫频道9,http://120.48.113.49:6006/609169226
熊猫频道10,http://120.48.113.49:6006/609169285
最强综艺趴,http://120.48.113.49:6006/629942228
经典动画大集合,http://120.48.113.49:6006/629942219
新动漫,http://120.48.113.49:6006/961930269
新动力量创一流,http://120.48.113.49:6006/713589837
中华特产,http://120.48.113.49:6006/959986618
环球旅游,http://120.48.113.49:6006/958475356
河北4K,https://event.pull.hebtv.com:443/live/live101.m3u8
苏州4K,https://live-auth.51kandianshi.com/szgd/csztv4k_hd.m3u8
看东方4K,http://bp-resource-dfl.bestv.cn/148/3/video.m3u8
南国都市4K,http://tencentplay.gztv.com/live/nanguodushi.m3u8?txSecret=%2A%2A%2A&txTime=18d57929bd4
吉林纪录片轮播,http://lsfb.avap.jilintv.cn/zqvk7vpj/channel/da805d8d77a24db8aaa62328eb6d874e/index.m3u8
三农,http://tv.pull.hebtv.com/jishi/nongminpindao.m3u8?t=1893427200&k=f07ae1d5be12d118d136be90e032bfce
黄河,http://113.26.251.182:8009/hls/24/index.m3u8
文化影视,http://live.shaoxing.com.cn/video/s10001-sxtv3/index.m3u8?zzhed=
钱江,http://ali-m-l.cztv.com/channels/lantian/channel002/1080p.m3u8
6,http://ali-m-l.cztv.com/channels/lantian/channel006/1080p.m3u8
快乐垂钓,https://phoneal.qing.mgtv.com/nn_live/nn_x64/Y2RuZXhfaWQ9YWxfaGxzX2xkdnQmZT02OTE0NjA0JnY9MSZpZD1ITldTWkdTVCZzPTcwN2RiYTc2YzJjNmJmMTQ4MmUyZGYzOWU2NWM3YWFi/KLCDMPP360.m3u8
JC乡村频道,http://live.jinchuanrmt.com:90/live/jcxc.m3u8
之江记录,https://ali-m-l.cztv.com/channels/lantian/channel012/1080p.m3u8
延津电视台,http://tvpull.dxhmt.cn:9081/tv/10726-1.m3u8
壶关电视台,http://zmjp3jin.live.sxmty.com/live/hls/268fe96f955d496db37fb10bb887cda9/fc196029d289449ea524a94a95379a0d.m3u8?zshanxd=
萧山电视台,https://l.cztvcloud.com/channels/lantian/SXxiaoshan2/720p.m3u8
青田电视台,http://l.cztvcloud.com/channels/lantian/SXqingtian1/720p.m3u8
LQTV,http://l.cztvcloud.com/channels/lantian/SXlongquan1/720p.m3u8
SYTV,http://l.cztvcloud.com/channels/lantian/SXsongyang1/720p.m3u8
JCTV,http://live.jinchuanrmt.com:90/live/zhxw.m3u8?zsicd=
云,http://l.cztvcloud.com/channels/lantian/SXyunhe1/720p.m3u8
天祝,https://play.kankanlive.com/live/1656487214793905.m3u8
营山,http://file.ysxtv.cn/cms/videos/nmip-media/channellive/channel101492/playlist.m3u8$1川电HD直
南宁文旅,http://hls.nntv.cn/nnlive/WLSH_24.m3u8
南宁影视娱乐,http://hls.nntv.cn/nnlive/YSYL_244.m3u8
苏州娱乐,https://live-auth.51kandianshi.com/szgd/csztv4.m3u8
重庆汽摩,http://120.76.248.139/live/bfgd/4200000168.m3u8
Z农村频道,http://zbbf2.ahbztv.com/live/418.m3u8
湖南经视,https://phoneal.qing.mgtv.com/nn_live/nn_x64/Y2RuZXhfaWQ9YWxfaGxzX2xkdnQmZT02OTE0NjA0JnY9MSZpZD1ITldTWkdTVCZzPTcwN2RiYTc2YzJjNmJmMTQ4MmUyZGYzOWU2NWM3YWFi/HNJSMPP360.m3u8
湖南都市,https://phoneal.qing.mgtv.com/nn_live/nn_x64/Y2RuZXhfaWQ9YWxfaGxzX2xkdnQmZT02OTE0NjA0JnY9MSZpZD1ITldTWkdTVCZzPTcwN2RiYTc2YzJjNmJmMTQ4MmUyZGYzOWU2NWM3YWFi/HNDSMPP360.m3u8
湖南娱乐,https://phoneal.qing.mgtv.com/nn_live/nn_x64/Y2RuZXhfaWQ9YWxfaGxzX2xkdnQmZT02OTE0NjA0JnY9MSZpZD1ITldTWkdTVCZzPTcwN2RiYTc2YzJjNmJmMTQ4MmUyZGYzOWU2NWM3YWFi/HNYLMPP360.m3u8
湖南电视剧,https://phoneal.qing.mgtv.com/nn_live/nn_x64/Y2RuZXhfaWQ9YWxfaGxzX2xkdnQmZT02OTE0NjA0JnY9MSZpZD1ITldTWkdTVCZzPTcwN2RiYTc2YzJjNmJmMTQ4MmUyZGYzOWU2NWM3YWFi/HNDSJMPP360.m3u8
湖南电影,https://phoneal.qing.mgtv.com/nn_live/nn_x64/Y2RuZXhfaWQ9YWxfaGxzX2xkdnQmZT02OTE0NjA0JnY9MSZpZD1ITldTWkdTVCZzPTcwN2RiYTc2YzJjNmJmMTQ4MmUyZGYzOWU2NWM3YWFi/HNDYMPP360.m3u8
湖南爱晚,https://phoneal.qing.mgtv.com/nn_live/nn_x64/Y2RuZXhfaWQ9YWxfaGxzX2xkdnQmZT02OTE0NjA0JnY9MSZpZD1ITldTWkdTVCZzPTcwN2RiYTc2YzJjNmJmMTQ4MmUyZGYzOWU2NWM3YWFi/HNGGMPP360.m3u8
湖南国际,https://phoneal.qing.mgtv.com/nn_live/nn_x64/Y2RuZXhfaWQ9YWxfaGxzX2xkdnQmZT02OTE0NjA0JnY9MSZpZD1ITldTWkdTVCZzPTcwN2RiYTc2YzJjNmJmMTQ4MmUyZGYzOWU2NWM3YWFi/HNGJMPP360.m3u8
湖南快乐购,https://phoneal.qing.mgtv.com/nn_live/nn_x64/Y2RuZXhfaWQ9YWxfaGxzX2xkdnQmZT02OTE0NjA0JnY9MSZpZD1ITldTWkdTVCZzPTcwN2RiYTc2YzJjNmJmMTQ4MmUyZGYzOWU2NWM3YWFi/KLGMPP360.m3u8
快乐垂钓,https://phoneal.qing.mgtv.com/nn_live/nn_x64/Y2RuZXhfaWQ9YWxfaGxzX2xkdnQmZT02OTE0NjA0JnY9MSZpZD1ITldTWkdTVCZzPTcwN2RiYTc2YzJjNmJmMTQ4MmUyZGYzOWU2NWM3YWFi/KLCDMPP360.m3u8
长沙新闻,https://phoneal.qing.mgtv.com/nn_live/nn_x64/Y2RuZXhfaWQ9YWxfaGxzX2xkdnQmZT02OTE0NjA0JnY9MSZpZD1ITldTWkdTVCZzPTcwN2RiYTc2YzJjNmJmMTQ4MmUyZGYzOWU2NWM3YWFi/CSXWMPP360.m3u8
长沙政法,https://phoneal.qing.mgtv.com/nn_live/nn_x64/Y2RuZXhfaWQ9YWxfaGxzX2xkdnQmZT02OTE0NjA0JnY9MSZpZD1ITldTWkdTVCZzPTcwN2RiYTc2YzJjNmJmMTQ4MmUyZGYzOWU2NWM3YWFi/CSZFMPP360.m3u8
上海教育电视台,http://tencent-live.setv.sh.cn/live/programme_setvweb.m3u8?txSecret=%2A%2A%2A&txTime=82DF98A7
点掌财经,http://volcanopull.aniu.tv/live/aniu2/index.m3u8
金山电视台,http://pili-live-hls.wdit.com.cn/wditlive/8818dfe5f4df45ba9a3f32964d172fb2b6d3.m3u8
上海新纪实,http://bp-resource-dfl.bestv.cn/155/3/video.m3u8
爱上海,http://bp-resource-dfl.bestv.cn/152/3/video.m3u8
拉萨藏语综合频道,https://tvfile.lasatv.cn/nmip-media/channellive/channel104335/playlist.m3u8
拉萨综合频道,https://tvfile.lasatv.cn/nmip-media/channellive/channel101894/playlist.m3u8
拉萨文化旅游频道,https://tvfile.lasatv.cn/nmip-media/channellive/channel103157/playlist.m3u8
黑龙江都市频道,https://idclive.hljtv.com:4430/live/dushi_hd.m3u8
黑龙江影视频道,https://idclive.hljtv.com:4430/live/hljys_hd.m3u8
黑龙江文体频道,https://idclive.hljtv.com:4430/live/hljwy_hd.m3u8
黑龙江农业科教频道,https://idclive.hljtv.com:4430/live/hljgg_hd.m3u8
黑龙江新闻法治频道,https://idclive.hljtv.com:4430/live/hljxw_hd.m3u8
黑龙江少儿频道,https://idclive.hljtv.com:4430/live/hljse_hd.m3u8
宁夏公共频道,https://hls.nxhhy.cn/live/nxgg1M.m3u8
YBTV-1,https://srs.iybtv.cn/video/YBTV11/index.m3u8
YBTV-2,https://srs.iybtv.cn/video/YBTV21/index.m3u8
Now新聞臺,http://173.208.234.146/live/nowxw.m3u8
Now爆谷臺,http://173.208.234.146/live/nowbg.m3u8
Now爆谷星影臺,http://173.208.234.146/live/nowxy.m3u8
美亞電影臺粵語,http://173.208.234.146/live/mymovie.m3u8
Popc,http://173.208.234.146/live/popc.m3u8
HOY國際財經,http://173.208.234.146/live/hoy76.m3u8
HOY TV,http://173.208.234.146/live/hoy77.m3u8
HOY 資訊臺,http://173.208.234.146/live/hoy78.m3u8
翡翠臺,http://173.208.234.146/live/jade.m3u8
中視新聞,http://173.208.234.146/live/ctvnews.m3u8
中視經典,http://173.208.234.146/live/ctvjd.m3u8
中視菁採,http://173.208.234.146/live/ctvjc.m3u8
臺視新聞,http://173.208.234.146/live/ttvnews.m3u8
臺視綜合,http://173.208.234.146/live/ttvzh.m3u8
臺視財經,http://173.208.234.146/live/ttvcj.m3u8
民視新聞臺,http://173.208.234.146/live/ftvnews.m3u8
民視臺灣臺,http://173.208.234.146/live/ftvtw.m3u8
民視第一臺,http://173.208.234.146/live/ftvdy.m3u8
華視新聞資訊,http://173.208.234.146/live/ctsnews.m3u8
華視教育體育文化,http://173.208.234.146/live/ctsjy.m3u8
公視,http://173.208.234.146/live/pts.m3u8
公視臺語臺,http://173.208.234.146/live/ptsty.m3u8
小公視,http://173.208.234.146/live/ptsse.m3u8
TVBS新聞臺,http://173.208.234.146/live/tvbsnews.m3u8
三立新聞,http://173.208.234.146/live/setnews.m3u8
HOY資訊台,http://3niao.lielangys.top/play/1568275619470108006.m3u8
鳳凰衛視-香港台,http://3niao.lielangys.top/play/1608285422787728006.m3u8
鳳凰衛視-資訊台,http://3niao.lielangys.top/play/1685677773164578006.m3u8
TVBPlus,http://play.wenxiang.cn/live/5ec77f27f37babab48d60b879fde862a.flv
HOY76,http://play.wenxiang.cn/live/02267bba92f0f4b8291abefa0560664f.flv
HOY77,http://play.wenxiang.cn/live/43dc6fc9b1af5af8ec332f3c88b95e4a.flv
HOY78,http://play.wenxiang.cn/live/cf4526f51988d0ed065b5c3fa4bc925d.flv
黄金华剧台,https://play.wenxiang.cn/live/6071069c620fa62c961d173617efbc33.flv
黄金华剧台粤,https://play.wenxiang.cn/live/08b0fcc45b136a36749c524a3a140efa.flv
黄金翡翠台,https://play.wenxiang.cn/live/0389d29514f0290d6c774eb18f0d604a.flv
美亚电影台粤,https://play.wenxiang.cn/live/38a106306847b2579080984fab9ca49a.flv
美亚电影台国,https://play.wenxiang.cn/live/d15690a84b5ad631f11228268ba8dca8.flv
港台电视31,http://play.wenxiang.cn/live/0f4b100c9ed81fdd547ba0a1a20dea49.flv
港台电视32,http://play.wenxiang.cn/live/1c84d2c289c82f92f588aaa566858174.flv
LIVE三立,https://d2jc41c1shgcol.cloudfront.net/live/setnewsrtmp/playlist.m3u8
华视新闻,https://d2jc41c1shgcol.cloudfront.net/live/ctsnewsqt/playlist.m3u8
民视新闻,https://d2jc41c1shgcol.cloudfront.net/live/ftvnewsqt/playlist.m3u8
三立新闻,https://d2jc41c1shgcol.cloudfront.net/live/iNEWS/playlist.m3u8
中视新闻,https://d2jc41c1shgcol.cloudfront.net/live/ctvnewsqt/playlist.m3u8
人间卫视,https://5ddce30eb4b55.streamlock.net/bltvhd/bltv1/playlist.m3u8
CGN中文台,https://d3e05csss9c272.cloudfront.net/out/v1/f0bf71c57581470fb9379f603e8f5d83/CGNWebLiveCN.m3u8
Dali TV,http://www.dalitv.com.tw:4568/live/dali/index.m3u8
TITV,https://streamipcfapp.akamaized.net/live/_definst_/live_720/key_b1500.m3u8
唯心電視,https://mobile.ccdntech.com/transcoder/_definst_/vod164_Live/live/chunklist_w1177047531.m3u8
Pet Club TV,https://petclub-samsungaus.amagi.tv/playlist.m3u8
RTHKTV31,https://rthktv31-live.akamaized.net/hls/live/2036818/RTHKTV31/master.m3u8
APETITO,https://d1sq2slp9afh7o.cloudfront.net/smil:apetito/chunklist_b2596000_slENG.m3u8
AURA,https://d1sq2slp9afh7o.cloudfront.net/smil:aura/chunklist_b2596000_slENG.m3u8
FITRAH,https://d1sq2slp9afh7o.cloudfront.net/smil:fitrah/chunklist_b2596000_slENG.m3u8
JR.,https://d1sq2slp9afh7o.cloudfront.net/smil:jr/chunklist_b2596000_slENG.m3u8
LEAD,https://d1sq2slp9afh7o.cloudfront.net/smil:lead/chunklist_b2596000_slENG.m3u8
ROLL,https://d1sq2slp9afh7o.cloudfront.net/smil:roll/chunklist_b2596000_slENG.m3u8
SNAP,https://d1sq2slp9afh7o.cloudfront.net/smil:snap/chunklist_b2596000_slENG.m3u8
Desi Plus,http://cdn2.live247stream.com/desiplus/tv/playlist.m3u8
ZB Cinema,https://server.zillarbarta.com/ZBCINEMA/index.m3u8
Sanskar TV,https://d26idhjf0y1p2g.cloudfront.net/out/v1/cd66dd25b9774cb29943bab54bbf3e2f/index.m3u8
Sansad TV 1,https://d2lk5u59tns74c.cloudfront.net/out/v1/fff8f20221d5456e8922e689d71dedc3/index.m3u8
Sansad TV 2,https://d2lk5u59tns74c.cloudfront.net/out/v1/e4182054dce340da9e0ff38b6b3658a4/index.m3u8
DD Sports SD,https://d3qs3d2rkhfqrt.cloudfront.net/out/v1/b17adfe543354fdd8d189b110617cddd/index.m3u8
DD Kisan,https://cdn-6.pishow.tv/live/9/master.m3u8
DD Punjabi,https://d3qs3d2rkhfqrt.cloudfront.net/out/v1/da821c24a59d4e57960497aeaca8fb33/index.m3u8
Hyder TV,https://cdn.live247stream.com/hyder/tv/playlist.m3u8
Odisha TV,https://livetv.tarangplus.in/otv-origin/live/playlist.m3u8
Sanskar TV,https://d26idhjf0y1p2g.cloudfront.net/out/v1/cd66dd25b9774cb29943bab54bbf3e2f/index.m3u8
Chithiram,https://cdn-6.pishow.tv/live/1243/master.m3u8
ZB Cartoon,https://server.zillarbarta.com/zbcatun/video.m3u8
NHK G,http://58.82.168.138:5002/hdgd01.m3u8?token=%2A%2A%2A&gid=hdgd01&channel=zhongying
日テレNEWS,https://cdn-apne1.tsv2.amagi.tv/linear/amg01287-rakutentvjapan-news1hlscmaf-rakutenjp/playlist.m3u8
FNNプライムオンライン,https://cdn-uw2-prod.tsv2.amagi.tv/linear/amg01287-rakutentvjapan-news4-cmaf-rakutenjp/playlist.m3u8
MBSニュース,https://cdn-uw2-prod.tsv2.amagi.tv/linear/amg01287-rakutentvjapan-news5-cmaf-rakutenjp/playlist.m3u8
日テレNEWSセレクト,https://cdn-uw2-prod.tsv2.amagi.tv/linear/amg01287-rakutentvjapan-ntv-newsselect-cmaf-rakutenjp/playlist.m3u8
共同通信News,https://cdn-apne1.tsv2.amagi.tv/linear/amg01287-rakutentvjapan-news3hlscmaf-rakutenjp/playlist.m3u8
NewsWorld,https://cdn-uw2-prod.tsv2.amagi.tv/linear/amg01076-lightningintern-newsworld-rakutenjp/playlist.m3u8
オリコンニュース,https://cdn-apne1.tsv2.amagi.tv/linear/amg01287-rakutentvjapan-news2cmafhls-rakutenjp/playlist.m3u8
STOCK VOICE,https://cdn-uw2-prod.tsv2.amagi.tv/linear/amg01287-rakutentvjapan-stockvoice-cmaf-rakutenjp/playlist.m3u8
Bloomberg TV+,https://cdn-uw2-prod.tsv2.amagi.tv/linear/amg01601-bloomberg-bloombergplus-hls-rakutenjp/playlist.m3u8
Euronews,https://cdn-apne1.tsv2.amagi.tv/linear/amg00882-euronewssa-euronewsengjp-rakutenjp/playlist.m3u8
Reuters 60,https://cdn-uw2-prod.tsv2.amagi.tv/linear/amg00453-reuters-reuters-hls-rakutenjp/playlist.m3u8
ビジネス・プレミアム (FAST),https://livetv.fastv.jp/channel_assembly/69607EBD725E0F65BEE4/master.m3u8
エンタメニュース (FAST),https://livetv.fastv.jp/channel_assembly/6960899D64B80F9C740C/master.m3u8
NHK World-Japan,https://media-tyo.hls.nhkworld.jp/hls/w/live/master.m3u8
TOP BARÇA,https://cdn-apne1.tsv2.amagi.tv/linear/amg17560-fcbarcelona-fcbenglishcmag-rakutenjp/playlist.m3u8
NTV Pro Wrestling,https://cdn-uw2-prod.tsv2.amagi.tv/linear/amg01287-rakutentvjapan-ntv-pro-wrestling-hls-rakutenjp/playlist.m3u8
刺激ストロングSPORTS,https://cdn-apne1.tsv2.amagi.tv/linear/amg01287-rakutentvjapan-shigekisports-rakutenjp/playlist.m3u8
FUEL TV,https://cdn-apne1.tsv2.amagi.tv/linear/amg01074-fueltv-fueltvjpcmaf-rakutenjp/playlist.m3u8
GOLF LIFE (FAST),https://livetv.fastv.jp/channel_assembly/69607D5C725E103DDF9D/master.m3u8
ムビドラTV,https://cdn-apne1.tsv2.amagi.tv/linear/amg01287-rakutentvjapan-moviecmaf-rakutenjp/playlist.m3u8
時代劇TV (FAST),https://livetv.fastv.jp/channel_assembly/696074B664B80F46A876/master.m3u8
LeminoTV (FAST),https://livetv.fastv.jp/channel_assembly/696082290000105F1525/master.m3u8
エンタメ・アジア (FAST),https://livetv.fastv.jp/channel_assembly/696078CF64B81069221E/master.m3u8
Kids Staton,http://cdns.jp-primehome.com:8000/zhongying/live/playlist.m3u8?cid=cs07
手塚プロダクションTV,https://cdn-apne1.tsv2.amagi.tv/linear/amg01287-rakutentvjapan-anime5-cmaf-rakutenjp/playlist.m3u8
キッズ,https://cdn-apne1.tsv2.amagi.tv/linear/amg01287-rakutentvjapan-kids-english-cmaf-rakutenjp/playlist.m3u8
アニマックス FREE (FAST),https://livetv.fastv.jp/channel_assembly/69608FB2725E0FA3B972/master.m3u8
that’s 70s,https://cdn-uw2-prod.tsv2.amagi.tv/linear/amg01076-lightningintern-lightningnow70s-rakutenjp/playlist.m3u8
that’s 80s,https://cdn-uw2-prod.tsv2.amagi.tv/linear/amg01076-lightningintern-lightningnow80s-rakutenjp/playlist.m3u8
that’s 90s00s,https://cdn-uw2-prod.tsv2.amagi.tv/linear/amg01076-lightningintern-lightning-now90s00s-rakutenjp/playlist.m3u8
that’s Rock,https://cdn-uw2-prod.tsv2.amagi.tv/linear/amg01076-lightningintern-lightningnowrock-rakutenjp/playlist.m3u8
ペットTV (FAST),https://livetv.fastv.jp/channel_assembly/69551F080000E209AD09/master.m3u8
キャンプ・アウトドア (FAST),https://livetv.fastv.jp/channel_assembly/69607E1D725E0FB5AC23/master.m3u8
今日のごはんなに? (FAST),https://livetv.fastv.jp/channel_assembly/696095BC725E0FE5F3E9/master.m3u8
観るたび (FAST),https://livetv.fastv.jp/channel_assembly/6960965C64B80F2C027D/master.m3u8
囲碁・将棋ライト,https://cdn-uw2-prod.tsv2.amagi.tv/linear/amg01287-rakutentvjapan-igo-shogi-cmaf-rakutenjp/playlist.m3u8
麻雀,https://cdn-uw2-prod.tsv2.amagi.tv/linear/amg01287-rakutentvjapan-mahjong-cmaf1-rakutenjp/playlist.m3u8
パチンコ・パチスロ,https://cdn-apne1.tsv2.amagi.tv/linear/amg01287-rakutentvjapan-pachislocmaf-rakutenjp/playlist.m3u8
ぷれいば！,https://cdn-uw2-prod.tsv2.amagi.tv/linear/amg01287-rakutentvjapan-game-cmaf-rakutenjp/playlist.m3u8
ワンニャンチャンネル,https://cdn-uw2-prod.tsv2.amagi.tv/linear/amg01287-rakutentvjapan-pet-cmaf-rakutenjp/playlist.m3u8
九州・沖縄　街ネタ,https://cdn-uw2-prod.tsv2.amagi.tv/linear/amg01287-rakutentvjapan-local-contents-cmaf-rakutenjp/playlist.m3u8
丸ごと九州 (FAST),https://livetv.fastv.jp/channel_assembly/696090F573F51039B31F/master.m3u8
ぴあ落語ざんまい (FAST),https://livetv.fastv.jp/channel_assembly/69608EE9725E0F73BF30/master.m3u8
FASHIONPLUS (FAST),https://livetv.fastv.jp/channel_assembly/69609952725E0FA3B987/master.m3u8
囲碁・将棋ライト (FAST),https://livetv.fastv.jp/channel_assembly/69998C7B725E30DA4170/master.m3u8
丸ごと北海道 (FAST),https://livetv.fastv.jp/channel_assembly/69998D0964B83951E552/master.m3u8
東海ロキポ (FAST),https://livetv.fastv.jp/channel_assembly/69998DB5725E30535DA6/master.m3u8
エンタメ～テレDEEP,https://cdn-apne1.tsv2.amagi.tv/linear/amg01287-rakutentvjapan-nagoyanextcmaf-rakutenjp/playlist.m3u8
韓流チャンネル (FAST),https://livetv.fastv.jp/channel_assembly/6960905473F5101B6A17/master.m3u8
ショップチャンネル,https://stream3.shopch.jp/HLS/master.m3u8
QVC,https://d1flvb4iqlercm.cloudfront.net/r-channel/live.m3u8
GSTV,https://rch01e-alive-hls.akamaized.net/15bcd044c531aa99/out/v1/339db39dc83c421f94a8cebb777e4d02/index.m3u8
セクシーエンタメチャンネル,https://cdn-uw2-prod.tsv2.amagi.tv/linear/amg01287-rakutentvjapan-rvariety-cmaf-rakutenjp/playlist.m3u8
刺激ストロング,https://cdn-apne1.tsv2.amagi.tv/linear/amg01287-rakutentvjapan-shigekicmaf-rakutenjp/playlist.m3u8
映画（年齢制限あり）,https://cdn-apne1.tsv2.amagi.tv/linear/amg01287-rakutentvjapan-movie2cmaf-rakutenjp/playlist.m3u8
GCN24 Korean (720p),http://liveko24-manminglobal3.ktcdn.co.kr/liveko24/gcnko_1300k.stream/playlist.m3u8
GoodTV (1080p),http://mobliestream.c3tv.com:1935/live/goodtv.sdp/playlist.m3u8
MBC Chuncheon (춘천 MBC) (480p) [Not 24/7],https://stream.chmbc.co.kr/TV/myStream/playlist.m3u8
MBC Yeosu (여수 MBC)[Not 24/7],https://5c3639aa99149.streamlock.net/live_TV/tv/playlist.m3u8
tvchosun2,http://onair2.cdn.tvchosun.com/origin2/_definst_/tvchosun_s3/playlist.m3u8
EBS1,http://ebsonairios.ebs.co.kr/groundwavefamilypc/familypc1m/playlist.m3u8
EBSe,http://ebsonairios.ebs.co.kr/plus3familypc/familypc1m/playlist.m3u8
EBS1,http://ebsonairios.ebs.co.kr/ebsutablet500k/tablet500k/playlist.m3u8
EBS2,http://ebsonairios.ebs.co.kr/ebs2tablet500k/tablet500k/ebs2tablet500k.index.m3u8
EBS1,http://ebsonairios.ebs.co.kr/groundwavetablet500k/tablet500k/playlist.m3u8
CBS 2 New York,http://stream.cammonitorplus.net/1810/tracks-v1a1/mono.m3u8
ABC 7 New York,http://hardcoremedia.xyz/ymgiaxkw/5Hr5ZQuVfU/142490
FOX 5 New York,http://hardcoremedia.xyz/ymgiaxkw/5Hr5ZQuVfU/10056
USA Network,http://190.11.225.124:5000/live/usa_hd/playlist.m3u8
A&E,http://23.239.31.26:8989/aande/index.m3u8
Bravo Vault,https://d4whmvwm0rdvi.cloudfront.net/manifest/3fec3e5cac39a52b2132f9c66c83dae043dc17d4/prod_default_xumo-nbcu-linear/61a276d1-8291-4018-aba2-146304f96043/4.m3u8
Comedy TV,http://hardcoremedia.xyz/live/rabdsbmz/3731346838/261524.ts
AXS TV,http://23.239.31.26:8989/axstv/index.m3u8
VICE,https://d1ocru52bkg5e9.cloudfront.net/v1/manifest/3722c60a815c199d9c0ef36c5b73da68a62b09d1/cc-tqr9z4dqrkb9m/b07d20d9-38d3-44e4-a74d-386f99542384/3.m3u8
CGTN1,https://live-stream.cgtn.com/event-live/CGTN_1_1PVvR6ZBAZ2/index.m3u8
DHE HD,http://108.181.23.41:80/livehttpplay?channel_id=23504
SEÑAL COLOMBIA HD,http://108.181.23.41:80/livehttpplay?channel_id=23510
CARACOL HD COLOMBIA,http://108.181.23.41:80/livehttpplay?channel_id=23513
RCN HD COLOMBIA,http://108.181.23.41:80/livehttpplay?channel_id=23515
DISNEY CHANELL HD,http://108.181.23.41:80/livehttpplay?channel_id=23517
ESPN PREMIUM HD,http://108.181.23.41:80/livehttpplay?channel_id=23523
TELEANTIOQUIA HD COLOMBIA,http://108.181.23.41:80/livehttpplay?channel_id=23532
WIN SPORTS PREMIUM  COL,http://108.181.23.41:80/livehttpplay?channel_id=23542
ON DIRECTV HD,http://108.181.23.41:80/livehttpplay?channel_id=23544
WinSports HD,http://108.181.23.41:80/livehttpplay?channel_id=23548
UNIVERSAL COMEDY HD,http://108.181.23.41:80/livehttpplay?channel_id=23550
GOLDEN PLUS MX HD,http://108.181.23.41:80/livehttpplay?channel_id=23623
NTN 24 HORAS,http://108.181.23.41:80/livehttpplay?channel_id=23705
俄罗斯Astrakhan 24 (Opt-2),http://streaming.astrakhan.ru/astrakhan24/index.m3u8
俄罗斯First Music (Opt-3),http://rtmp.one.by:1200
俄罗斯RBC (Opt-1),http://92.50.128.180/utv/1358/index.m3u8
俄罗斯RBC (Opt-2),http://online.video.rbc.ru/online/rbctv_480p/index.m3u8
俄罗斯RBC (Opt-3),http://online.video.rbc.ru/online/rbctv_576p/index.m3u8
俄罗斯Shanson TV (Opt-1),http://hls.shansontv.cdnvideo.ru/shansontv/smil:shansontv.smil/playlist.m3u8
俄罗斯Shanson TV (Opt-2),http://chanson-video.hostingradio.ru:8080/hls/chansonabr/live.m3u8
俄罗斯TRO Soyuz,http://live2.mediacdn.ru/sr1/tro/playlist.m3u8
俄罗斯RT,https://rt-glb.rttv.com/dvr/rtnews/playlist.m3u8
俄罗斯金砖TV,https://chibrics.mediacdn.ru/cdn/brics/chinese/tracks-v1a1/mono.m3u8
France 24,https://amg00106-france24-france24-samsunguk-qvpp8.amagi.tv/playlist/amg00106-france24-france24-samsunguk/playlist.m3u8
俄罗斯BRIDGE DELUXE,http://194.143.150.123:8080/udp/239.195.5.213:1234
俄罗斯ЖAPA,http://194.143.150.123:8080/udp/239.195.5.11:1234
尼克少儿,http://23.237.104.106:8080/USA_NICKELODEON/tracks-v1a1/mono.m3u8
俄罗斯GITV,http://hls-igi.cdnvideo.ru/igi/igi_hq/playlist.m3u8
俄罗斯camapa,http://live.guberniatv.cdnvideo.ru/guberniatv/guberniatv.sdp/playlist.m3u8
俄罗斯Russia Today,https://rt-glb.rttv.com/live/rtnews/playlist_4500Kb.m3u8
HT SPOR,https://rmtftbjlne.turknet.ercdn.net/bpeytmnqyp/ht-spor/ht-spor_1080p.m3u8
TRT World,https://tv-trtworld.medya.trt.com.tr/master.m3u8
MELTEM TV,http://vhxyrsly.rocketcdn.com/meltemtv/chunklist.m3u8
TRT Muzik,https://tv-trtmuzik.medya.trt.com.tr/master.m3u8
Power,https://livetv.powerapp.com.tr/powerTV/powerhd.smil/playist.m3u8
Power Turk,https://livetv.powerapp.com.tr/powerturkTV/powerturkhd.smil/playlists.m3u8
Power Turk Akustik,https://listen.powerapp.com.tr/pturkakustik/akustik.smil/playlist.m3u8
Power Turk Slow,https://listen.powerapp.com.tr/pturkslow/slow.smil/playlist.m3u8
Power Turk Taptaze,https://listen.powerapp.com.tr/pturktaptaze/taptaze.smil/playlist.m3u8
Power Dance,https://livetv.powerapp.com.tr/dance/dance.smil/playlist.m3u8
Number One Turk,https://b01c02nl.mediatriple.net/videoonlylive/mtkgeuihrlfwlive/broadcast_5c9e187770143.smil/playlist.m3u8
Number One,https://b01c02nl.mediatriple.net/videoonlylive/mtkgeuihrlfwlive/broadcast_5c9e17cd59e8b.smil/playlist.m3u8
Number One Ask,https://b01c02nl.mediatriple.net/videoonlylive/mtkgeuihrlfwlive/u_stream_5c9e18f9cea15_1/playlist.m3u8
Number One Damar,https://b01c02nl.mediatriple.net/videoonlylive/mtkgeuihrlfwlive/u_stream_5c9e198784bdc_1/playlist.m3u8
Power Turk Slow,https://listen.powerapp.com.tr/pturkslow/slow.smil/playlist.m3u8
CBC Sofra,https://flu.systemnet.tv/CBCSofra/index.m3u8
CBC Drama,https://flu.systemnet.tv/CBCDrama/index.m3u8
Al Qamar TV,https://streamer3.premio.link/alqamar/playlist.m3u8
Moviesphere,https://moviesphereuk-samsunguk.amagi.tv/playlist.m3u8
Pulse,https://cdn-apse1-prod.tsv2.amagi.tv/linear/amg01076-lightningintern-pulse-samsungau/playlist.m3u8
Mon Tamil TV,http://198.144.149.206:8080/MONTAMIL_CINEMA/index.m3u8?token=%2A%2A%2A
Ilm va Tabiat,https://live.teleradiocom.tj/15/3m.m3u8
Sayohi,https://live.teleradiocom.tj/16/3m.m3u8
Chile Channel,https://v2.tustreaming.cl/chilechannel/index.m3u8
Costa Rica Channel,https://video0.rogohosting.com:19360/8006/8006.m3u8
Alcarria TV,http://cls.alcarria.tv/live/alcarriatv-livestream.m3u8
LOOK THOONG TV HD,https://livefta.malimarcdn.com/ftaedge00/lookthoongtv.sdp/playlist.m3u8
DW Español Ⓢ,https://dwamdstream104.akamaized.net/hls/live/2015530/dwstream104/stream04/streamPlaylist.m3u8
Alfa Ⓢ,https://irrtv2.digitacdn.net/live/ott/irrtv/playlist.m3u8?organizationId=229401409&suiteItemId=230439940
Omrop Fryslân,https://d3pvma9xb2775h.cloudfront.net/live/omropfryslan/f8f68bd5/playlist.m3u8
CNN Indonesia,http://live.cnnindonesia.com/livecnn/smil:cnntv.smil/chunklist_w1285822120_b384000_sleng.m3u8
Channel News Asia,https://d2e1asnsl7br7b.cloudfront.net/7782e205e72f43aeb4a48ec97f66ebbe/index.m3u8
Al Jazeera Arabic,http://live-hls-web-aja.getaj.net/AJA/02.m3u8
DESHI TV,https://deshitv.deshitv24.net/live/myStream/playlist.m3u8
Ekushey TV,http://210.4.72.204/hls-live/livepkgr/_definst_/liveevent/livestream3.m3u8
Deepto TV,https://byphdgllyk.gpcdn.net/hls/deeptotv/0_1/index.m3u8
Channel I,https://tvsen6.aynaott.com/FNHpYvGZ7FkCE10PwTHm/index.m3u8?e=1784102558&u=ee5437a7-c16b-4700-b317-a41b77d5cba9&token=%2A%2A%2A
NTV,https://tvsen5.aynaott.com/JHPxHAWonztVucyc4GzF/index.m3u8?e=1784102559&u=ee5437a7-c16b-4700-b317-a41b77d5cba9&token=%2A%2A%2A
Bangla Vision,https://tvsen5.aynaott.com/banglavision/index.m3u8?e=1784102560&u=ee5437a7-c16b-4700-b317-a41b77d5cba9&token=%2A%2A%2A
RTV,https://tvsen5.aynaott.com/RtvHD/index.m3u8?e=1784102560&u=ee5437a7-c16b-4700-b317-a41b77d5cba9&token=%2A%2A%2A
ATN Bangla,https://tvsen5.aynaott.com/atnbangla/index.m3u8?e=1784102561&u=ee5437a7-c16b-4700-b317-a41b77d5cba9&token=%2A%2A%2A
ETV,https://tvsen6.aynaott.com/y4mEVZNAbeNWTbd6Z2Pw/index.m3u8?e=1784102562&u=ee5437a7-c16b-4700-b317-a41b77d5cba9&token=%2A%2A%2A
Maasranga TV,https://tvsen5.aynaott.com/maasrangatv/index.m3u8?e=1784102562&u=ee5437a7-c16b-4700-b317-a41b77d5cba9&token=%2A%2A%2A
Deepto TV,https://tvsen5.aynaott.com/tK2BNdfsdfsdf/index.m3u8?e=1784102563&u=ee5437a7-c16b-4700-b317-a41b77d5cba9&token=%2A%2A%2A
SA TV,https://tvsen6.aynaott.com/rELXiuUXqbgzPb06Npom/index.m3u8?e=1784102564&u=ee5437a7-c16b-4700-b317-a41b77d5cba9&token=%2A%2A%2A
Asian TV,https://tvsen6.aynaott.com/pKb5k6NnzxsKpWUs6E8M/index.m3u8?e=1784102565&u=ee5437a7-c16b-4700-b317-a41b77d5cba9&token=%2A%2A%2A
Duronto TV,https://tvsen5.aynaott.com/6xyZ3N4oHv2KBJdB6W4p/index.fmp4.m3u8?token=%2A%2A%2A&remote=no_check_ip
Bangla TV,https://tvsen6.aynaott.com/39ee93nUbCCmm5LsyD4t/index.m3u8?e=1784102569&u=ee5437a7-c16b-4700-b317-a41b77d5cba9&token=%2A%2A%2A
Desh TV,https://tvsen6.aynaott.com/ryFkXfd1a4CQ7mMdc820/index.m3u8?e=1784102570&u=ee5437a7-c16b-4700-b317-a41b77d5cba9&token=%2A%2A%2A
Boishakhi TV,https://tvsen6.aynaott.com/1d3uG9VCgrR9DRtWZM57/index.m3u8?e=1784102570&u=ee5437a7-c16b-4700-b317-a41b77d5cba9&token=%2A%2A%2A
Bijoy TV,https://tvsen6.aynaott.com/N8Xbo5vdwVU6sF43RsW0/index.m3u8?e=1784102572&u=ee5437a7-c16b-4700-b317-a41b77d5cba9&token=%2A%2A%2A
My TV,https://tvsen6.aynaott.com/XMpHaEf0ANBhv8w6NWR7/index.m3u8?e=1784102573&u=ee5437a7-c16b-4700-b317-a41b77d5cba9&token=%2A%2A%2A
Ananda TV,https://tvsen6.aynaott.com/LeUAm4F1iixYns3s3Non/index.m3u8?e=1784102574&u=ee5437a7-c16b-4700-b317-a41b77d5cba9&token=%2A%2A%2A
BTV CTG,https://tvsen6.aynaott.com/TjGR1GcxKetHNVcMVxbq/index.m3u8?e=1784102576&u=ee5437a7-c16b-4700-b317-a41b77d5cba9&token=%2A%2A%2A
Drama 24,https://vods2.aynaott.com/gseriesDrama/index.m3u8
Channel S,https://app.ncare.live/c3VydmVyX8RpbEU9Mi8xNy8yMDE0GIDU6RgzQ6NTAgdEoaeFzbF92YWxIZTO0U0ezN1IzMyfvcGVMZEJCTEFWeVN3PTOmdFsaWRtaW51aiPhnPTI/chsukoff.stream/playlist.m3u8
Green TV HD,https://tvsen6.aynaott.com/cLuA3hJR/index.m3u8?e=1784102578&u=ee5437a7-c16b-4700-b317-a41b77d5cba9&token=%2A%2A%2A
Thikana,https://5dd3981940faa.streamlock.net:443/thikanatv/thikanatv/playlist.m3u8
Thai PBS,http://thaipbs-live.cdn.byteark.com/live-en/playlist_720p/index.m3u8
ASTV,http://news1.live14.com/stream/news1_hi.m3u8
Wild Earth,https://wildearth-plex.amagi.tv/masterR1080p.m3u8
Dijlah TV,https://ghaasiflu.online/Dijlah/tracks-v1a1/playlist.m3u8
Zoo Moo,https://zoomoo-samsungau.amagi.tv/playlist.m3u8
ZB Cartoon,https://server.zillarbarta.com/zbcatun/video.m3u8
Xtrema Cartoons,https://stmv6.voxtvhd.com.br/xtremacartoons/xtremacartoons/playlist.m3u8
Unique TV,https://mumt05.tangotv.in/87NeALx2UNIQUETV/index.m3u8
TVOKids,https://fastly.live.brightcove.com/6369851620112/us-east-1/15364602001/eyJhbGciOiJIUzI1NiIsInR5cCI6IkpXVCJ9.eyJob3N0IjoicGZncmlmLmVncmVzcy50N2M3emwiLCJhY2NvdW50X2lkIjoiMTUzNjQ2MDIwMDEiLCJlaG4iOiJmYXN0bHkubGl2ZS5icmlnaHRjb3ZlLmNvbSIsImlzcyI6ImJsaXZlLXBsYXliYWNrLXNvdXJjZS1hcGkiLCJzdWIiOiJwYXRobWFwdG9rZW4iLCJhdWQiOlsiMTUzNjQ2MDIwMDEiXSwianRpIjoiNjM2OTg1MTYyMDExMiJ9.zRE6fD9JwdbNLUIK5zgvlTAvXCQ3HeeE5p0yH0Pd3-Q/playlist-hls.m3u8
TV Bahoriston,https://live.teleradiocom.tj/3/3m.m3u8
TRT Diyanet Çocuk,https://tv-trtdiyanetcocuk.medya.trt.com.tr/master.m3u8
Tooku,http://live-saha.cdnvideo.ru/saha/tooky/playlist.m3u8
ToonGoggles,https://amg01329-otterainc-toongoggles-samsungau-ad-4c.amagi.tv/playlist/amg01329-otterainc-toongoggles-samsungau/playlist.m3u8
Toon Goggles Junior,https://d3i6upqaqzosi1.cloudfront.net/tg/jr_us/tg_jr_us.m3u8
The LEGO Channel,https://dltiqboxjw21d.cloudfront.net/index.m3u8
Teletubbies,https://dv8lsrd8fecw9.cloudfront.net/master.m3u8
Taha TV,https://stream.starmenajo.com/hls/app/live/ts:fhd.m3u8
Spacetoon Arabic,https://live-uae-next.spacetoongo.com/ST_MENA_NEXT/hls/r9p2hjipmw2kl.m3u8
SKWAD,https://stream-us-east-1.getpublica.com/playlist.m3u8?network_id=71
Sat 7 Kids,https://svs.itworkscdn.net/sat7kidslive/sat7kids.smil/playlist_dvr.m3u8
Ryzhiy,https://stream8.cinerama.uz/1407/tracks-v1a1/mono.m3u8
RiC,https://rictv.iptv-playoutcenter.de/rictv/rictv-web/playlist.m3u8
PLUSPLUS,http://stream.mcquack.net/339/index.m3u8
Persiana Junior,https://junhls.persiana.live/hls/stream.m3u8
PBS Kids Hawaii,https://livestream.pbskids.org/out/v1/aa31792fee094b24b09045483f04d150/hast.m3u8
PBS Kids Alaska,https://livestream.pbskids.org/out/v1/94b88ad58fc14f84a9382341f1c00b82/akst.m3u8
PBS Kids,https://livestream.pbskids.org/out/v1/14507d931bbe48a69287e4850e53443c/est.m3u8
PBS Kids Mountain,https://livestream.pbskids.org/out/v1/3fe3030a2c8045a3932f4289d9eba3e6/mst.m3u8
PBS Kids Pacific,https://livestream.pbskids.org/out/v1/11f2e6b73eaa4887b3746cb863960e79/pst.m3u8
O!,http://stream.mcquack.net/60/index.m3u8
Nicktoons CIS,https://stream8.cinerama.uz/1502/playlist.m3u8
Nickelodeon CIS,https://stream8.cinerama.uz/1500/playlist.m3u8
NickToons Brasil,https://stmv2.srvif.com/nicktoons/nicktoons/playlist.m3u8
Nickelodeon,https://ma.anixa.tv/clips/stream/nickelodeon/playlist.php
Nickelodeon,http://stream.mcquack.net/443/index.m3u8
Nick Jr,https://stream8.cinerama.uz/1501/playlist.m3u8
Nickelodeon,http://213.91.179.28:8000/play/a056
Mr. Bean Anime Spain,https://amg00627-amg00627c30-rakuten-es-3990.playouts.now.amagi.tv/playlist/amg00627-banijayfast-mrbeanescc-rakutenes/playlist.m3u8
Mr. Bean Anime Italy,https://amg00627-amg00627c29-rakuten-it-3989.playouts.now.amagi.tv/playlist/amg00627-banijayfast-mrbeanitcc-rakutenit/playlist.m3u8
Moonbug Kids,https://moonbug-rokuus.amagi.tv/playlist.m3u8
Minika Go,https://rnttwmjcin.turknet.ercdn.net/lcpmvefbyo/minikago/minikago.m3u8
Minika Cocuk,https://rnttwmjcin.turknet.ercdn.net/lcpmvefbyo/minikago_cocuk/minikago_cocuk.m3u8
Mama,http://stream.mcquack.net/79/index.m3u8
KinoKazka,http://stream.mcquack.net/167/index.m3u8
KiKA,https://dash4.antik.sk/live/test_kika_tizen/playlist.m3u8
KiKA,https://kikahls.akamaized.net/hls/live/2022690/livetvkika_ww/master.m3u8
KidsFlix,https://stream-us-east-1.getpublica.com/playlist.m3u8?network_id=50
Kartoon Channel,https://lightning-fnf-samsungaus.amagi.tv/playlist.m3u8
Kapitan Fantastika,http://stream.mcquack.net/144/index.m3u8
Hop!,http://stream.mcquack.net/44/index.m3u8
Groovia Kids,https://gist.githubusercontent.com/iptvonlinetv/244b66c61f162a7c0c2b4fa59b528139/raw/2376b7ba1989ebbd383301ec7d645e222a6c9338/udp780.510.345:4545.m3u8
Gloobinho,http://177.52.24.163/GLOOBINHO-HD/index.m3u8
Giggle Mug,https://tvsen6.aynaott.com/ytv/index.m3u8
FunBox,http://186.148.196.100:8000/play/a00d
Disney Jr. Latin America South,http://45.134.141.161:2200/ARG/Disney_Junior/index.m3u8
Camp Spoopy,https://stream.ads.ottera.tv/playlist.m3u8?network_id=269
Box Kids TV,http://45.190.28.50/BOX_KIDS_HD/index.m3u8
Banijay Mr Bean Animé,https://amg00627-amg00627c31-rakuten-fr-3991.playouts.now.amagi.tv/playlist/amg00627-banijayfast-mrbeanfrcc-rakutenfr/playlist.m3u8
喜羊羊与灰太狼,https://huyazhibo.de5.net/?id=23865080
愤怒的小鸟,https://huyazhibo.de5.net/?id=22487821
我的世界,https://huyazhibo.de5.net/?id=374579
开心锤锤动漫,http://live.nctv.top/douyu1.php?id=9018297
茶啊二中,http://live.nctv.top/douyu1.php?id=2925610
T Sports,https://tvsen5.aynaott.com/TnMn5kZz8aLm/index.m3u8
T Sports,https://tvsen5.aynaott.com/TnMn5kZz8aLm/tracks-v1a1/mono.ts.m3u8
Willow TV,https://tvsen5.aynaott.com/willowhd/index.m3u8?e=1784102512&u=ee5437a7-c16b-4700-b317-a41b77d5cba9&token=%2A%2A%2A
A sports,https://tvsen6.aynaott.com/zv68oqPDu7MZZwmHhRxt/index.m3u8?e=1784102512&u=ee5437a7-c16b-4700-b317-a41b77d5cba9&token=%2A%2A%2A
Sports First TV,https://d4ddgdmj1cvnm.cloudfront.net/scheduler/scheduleMaster/409.m3u8
NBC Sports,https://xumo-xumoent-vc-122-sjv70.fast.nbcuni.com/live/master.m3u8
Bein Sports,https://tvsen6.aynaott.com/beinsports/index.m3u8?e=1784102515&u=ee5437a7-c16b-4700-b317-a41b77d5cba9&token=%2A%2A%2A
Sports Grid,https://tvsen6.aynaott.com/SportsGrid/index.m3u8?e=1784102516&u=ee5437a7-c16b-4700-b317-a41b77d5cba9&token=%2A%2A%2A
Goal TV,https://streams2.sofast.tv/sofastplayout/WiseM3U8_1/master.m3u8
Xtrem Sports,https://streams2.sofast.tv/v1/master/611d79b11b77e2f571934fd80ca1413453772ac7/e0b81a5c-6ab5-48cd-aaa9-f82de4ab5bf9/manifest.m3u8
Golf Channel,https://tvsen6.aynaott.com/golfchannel/index.m3u8?e=1784102520&u=ee5437a7-c16b-4700-b317-a41b77d5cba9&token=%2A%2A%2A
WOF 1,https://mainstreammedia-worldoffreesportsintl-rakuten.amagi.tv/hls/amagi_hls_data_rakutenAA-mainstreammediafreesportsintl-rakuten/CDN/master.m3u8
NFL Network,https://tvsen6.aynaott.com/nfl/index.m3u8?e=1784102521&u=ee5437a7-c16b-4700-b317-a41b77d5cba9&token=%2A%2A%2A
Talk Sport,https://tvsen6.aynaott.com/talkSPORT/index.m3u8?e=1784102522&u=ee5437a7-c16b-4700-b317-a41b77d5cba9&token=%2A%2A%2A
KTV Sport Plus,https://kwtsplta.cdn.mangomolo.com/spl/smil:spl.stream.smil/chunklist.m3u8
Marquee Sports Network,https://tvsen6.aynaott.com/MarqueeSportsNetwork/index.m3u8?e=1784102523&u=ee5437a7-c16b-4700-b317-a41b77d5cba9&token=%2A%2A%2A
More Then Sports TV,https://mts1.iptv-playoutcenter.de/mts/mts-web/playlist.m3u8
Bahrain Sports 1,https://5c7b683162943.streamlock.net/live/ngrp:sportsone_all/playlist.m3u8
Oman Sports TV,https://partneta.cdn.mgmlcdn.com/omsport/smil:omsport.stream.smil/chunklist.m3u8
Sports Fishing TV,https://streams2.sofast.tv/v1/master/611d79b11b77e2f571934fd80ca1413453772ac7/eea68b79-bfe2-451e-a227-d637a5b9548a/manifest.m3u8
ESPN,https://tvsen5.aynaott.com/espn/index.m3u8?e=1784102528&u=ee5437a7-c16b-4700-b317-a41b77d5cba9&token=%2A%2A%2A
Cricket Gold,https://tvsen6.aynaott.com/M2W2UR49dmeKbZnmdRzN/index.m3u8?e=1784102529&u=ee5437a7-c16b-4700-b317-a41b77d5cba9&token=%2A%2A%2A
Bein Sports Extra 2,https://bein-esp-xumo.amagi.tv/playlistR1080p.m3u8
Horse & Country,https://hncfree-samsungau.amagi.tv/playlist.m3u8
MTRSPT,https://amg02873-kravemedia-mtrspt1-sportstribal-ajosc.amagi.tv/playlist/amg02873-kravemedia-mtrspt1-sportstribal/playlist.m3u8
Trace Sport,https://lightning-tracesport-samsungau.amagi.tv/playlist.m3u8
Star Sports 1 Hindi HD,http://41.205.93.154/STARSPORTS1/index.m3u8
Sony Sports 2 HD,https://stream.ottplus.live/live/ten_2_hd_abr/live/ten_2_hd_720/chunks.m3u8
5Sport,http://stream.mcquack.net/41/index.m3u8
BEK TV Sports West,https://cdn3.wowza.com/5/ZWQ1K2NYTmpFbGsr/BEK-WOWZA-1/smil:BEKPRIMEW.smil/playlist.m3u8
Turkmenistan Sport,http://217.174.225.146/hls/ch004_720/index.m3u8
ACI Sport TV,https://webstream.multistream.it/memfs/e2cb3629-c1a2-495b-b43a-9eb386f04ed8.m3u8
Arryadia,http://149.100.11.252:8000/play/a065/index.m3u8
Belarus-5,http://178.124.179.122:8080/BT5/index.m3u8
RMTV,https://rmtv.akamaized.net/hls/live/2043153/rmtv-es-web/bitrate_3.m3u8
Red Bull TV,https://rbmn-live.akamaized.net/hls/live/590964/BoRB-AT/master_1660.m3u8
Africa 24 Sport,https://africa24.vedge.infomaniak.com/livecast/ik:africa24sport/manifest.m3u8
FIFA+,https://d2w9q46ikgrcwx.cloudfront.net/v1/master/3722c60a815c199d9c0ef36c5b73da68a62b09d1/cc-of5cbk3sav3w5/v1/sysdata_s_p_a_fifa_7/samsungheadend_us/latest/main/hls/playlist.m3u8
篮球专场,https://huyazhibo.de5.net/?id=27949551
足球专场,https://huyazhibo.de5.net/?id=19197411
路人王专场,https://huyazhibo.de5.net/?id=14346993
羽毛球专场,https://huyazhibo.de5.net/?id=30806115
乒乓球专场,https://huyazhibo.de5.net/?id=23505696
斯诺克专场,https://huyazhibo.de5.net/?id=880214
赛车专场,https://huyazhibo.de5.net/?id=18152482
摔跤专场,https://huyazhibo.de5.net/?id=20072812
拳击专场,https://huyazhibo.de5.net/?id=18152380
格斗专场,https://huyazhibo.de5.net/?id=20072796
柔道专场,https://huyazhibo.de5.net/?id=20072837
WWE专场,https://huyazhibo.de5.net/?id=30021023
摩托专场,https://huyazhibo.de5.net/?id=19197407
健美专场,https://huyazhibo.de5.net/?id=23244436
健身专场,https://huyazhibo.de5.net/?id=24354754
越野专场,https://huyazhibo.de5.net/?id=30020978
Big3专场,https://huyazhibo.de5.net/?id=30847442
飞盘专场,https://huyazhibo.de5.net/?id=30689549
瑜伽专场,https://huyazhibo.de5.net/?id=20753449
棒球专场,https://huyazhibo.de5.net/?id=20072763
扇耳光专场,https://huyazhibo.de5.net/?id=30631765
E1电动赛艇专场,https://huyazhibo.de5.net/?id=30805936
铁人三项专场,https://huyazhibo.de5.net/?id=30805963
帆船专场,https://huyazhibo.de5.net/?id=30805961
华数电影,http://hmfs.f3322.net:3388/hls/40/index.m3u8
华数动作影院,http://113.25.252.226:9901/tsfile/live/1002_1.m3u8?key=%2A%2A%2A&playlive=1&authid=%2A%2A%2A
经典电影,https://down-hls.qxiu.com/live/453135/index.m3u8
周星驰专场,https://huyazhibo.de5.net/?id=11336587
李连杰专场,https://huyazhibo.de5.net/?id=11342390
刘德华专场,https://huyazhibo.de5.net/?id=11342424
林正英专场,https://huyazhibo.de5.net/?id=11342421
沈腾专场,https://huyazhibo.de5.net/?id=11601968
黄渤专场,https://huyazhibo.de5.net/?id=11352876
周润发专场,https://huyazhibo.de5.net/?id=11342387
成龙专场,https://huyazhibo.de5.net/?id=11342386
古天乐专场,https://huyazhibo.de5.net/?id=29982675
王晶专场,https://huyazhibo.de5.net/?id=11602058
吴京专场,https://huyazhibo.de5.net/?id=11602077
洪金宝专场,https://huyazhibo.de5.net/?id=11279251
徐克专场,https://huyazhibo.de5.net/?id=11352909
徐峥专场,https://huyazhibo.de5.net/?id=11602043
邓超专场,https://huyazhibo.de5.net/?id=11336592
梁家辉专场,https://huyazhibo.de5.net/?id=11342429
张卫健专场,https://huyazhibo.de5.net/?id=11342423
王宝强专场,https://huyazhibo.de5.net/?id=30080251
陈小春专场,https://huyazhibo.de5.net/?id=11336719
郭富城专场,https://huyazhibo.de5.net/?id=20985865
吴镇宇专场,https://huyazhibo.de5.net/?id=23865096
陆小凤专场,https://huyazhibo.de5.net/?id=11342427
强森专场,https://huyazhibo.de5.net/?id=21059581
斯坦森专场,https://huyazhibo.de5.net/?id=21059588
马东锡专场,https://huyazhibo.de5.net/?id=21059556
灾难片系列,https://huyazhibo.de5.net/?id=23728647
贺岁片系列,https://huyazhibo.de5.net/?id=11601986
科幻片系列,https://huyazhibo.de5.net/?id=11352965
丧尸片系列,https://huyazhibo.de5.net/?id=24314160
怪兽片系列,https://huyazhibo.de5.net/?id=29982674
战争片系列,https://huyazhibo.de5.net/?id=21059618
硬汉片系列,https://huyazhibo.de5.net/?id=23864973
竞速片系列,https://huyazhibo.de5.net/?id=30145009
动作片系列,https://huyazhibo.de5.net/?id=10871113
爱情片系列,https://huyazhibo.de5.net/?id=29982639
犯罪片系列,https://huyazhibo.de5.net/?id=30080213
奇幻片系列,https://huyazhibo.de5.net/?id=26355847
冒险片系列,https://huyazhibo.de5.net/?id=21059566
盗墓片系列,https://huyazhibo.de5.net/?id=11601981
穿越片系列,https://huyazhibo.de5.net/?id=29465892
悬疑片系列,https://huyazhibo.de5.net/?id=21059530
喜剧片系列,https://huyazhibo.de5.net/?id=11602044
英雄片系列,https://huyazhibo.de5.net/?id=11601980
枪战片系列,https://huyazhibo.de5.net/?id=21059579
武侠片系列,https://huyazhibo.de5.net/?id=29982677
复仇片系列,https://huyazhibo.de5.net/?id=29982645
星球片系列,https://huyazhibo.de5.net/?id=30080234
校园片系列,https://huyazhibo.de5.net/?id=11352934
警匪片系列,https://huyazhibo.de5.net/?id=30041512
谍战片系列,https://huyazhibo.de5.net/?id=26355810
动画片系列,https://huyazhibo.de5.net/?id=11352878
恐怖片系列,https://huyazhibo.de5.net/?id=11601960
惊悚片系列,https://huyazhibo.de5.net/?id=26355802
僵尸片系列,https://huyazhibo.de5.net/?id=11352917
体育片系列,https://huyazhibo.de5.net/?id=23864480
香港片系列,https://huyazhibo.de5.net/?id=30631706
印度片系列,https://huyazhibo.de5.net/?id=26355799
热门片系列,https://huyazhibo.de5.net/?id=880261
高分片系列,https://huyazhibo.de5.net/?id=23902225
短片系列,http://live.nctv.top/douyu1.php?id=8700367
韩国综艺,https://huyazhibo.de5.net/?id=11336725
极限挑战,https://huyazhibo.de5.net/?id=23352563
男生女生向前冲专场,https://huyazhibo.de5.net/?id=30021042
青春环游专场,https://huyazhibo.de5.net/?id=30080246
五十公里桃花坞专场,https://huyazhibo.de5.net/?id=29465869
高能少年团专场,https://huyazhibo.de5.net/?id=29982609
二十四小时专场,https://huyazhibo.de5.net/?id=29982610
哈哈哈哈哈专场,https://huyazhibo.de5.net/?id=30080247
奔跑吧兄弟专场,https://huyazhibo.de5.net/?id=29465870
最强大脑专场,https://huyazhibo.de5.net/?id=29465880
现在就出发专场,https://huyazhibo.de5.net/?id=21059551
脱口秀大会专场,https://huyazhibo.de5.net/?id=30080243
新游记专场,https://huyazhibo.de5.net/?id=20985794
天赐的声音专场,https://huyazhibo.de5.net/?id=30080249
咱们穿越吧专场,https://huyazhibo.de5.net/?id=11352907
我是大侦探专场,https://huyazhibo.de5.net/?id=20969140
朋友请吃饭专场,https://huyazhibo.de5.net/?id=11352918
12道锋味专场,https://huyazhibo.de5.net/?id=30080162
我们的客栈专场,https://huyazhibo.de5.net/?id=24609812
变形计专场,https://huyazhibo.de5.net/?id=23903164
探案剧专区,https://huyazhibo.de5.net/?id=20969144
都市剧专区,https://huyazhibo.de5.net/?id=29982666
刑侦剧专区,https://huyazhibo.de5.net/?id=20969130
家庭剧专区,https://huyazhibo.de5.net/?id=11352872
经典剧专区,https://huyazhibo.de5.net/?id=11602081
怀旧剧专区,https://huyazhibo.de5.net/?id=30080241
僵尸剧专区,https://huyazhibo.de5.net/?id=24314160
抗战剧专区,https://huyazhibo.de5.net/?id=11602072
台湾剧专区,https://huyazhibo.de5.net/?id=11342436
韩国剧专区,https://huyazhibo.de5.net/?id=23863787
美国剧专区,https://huyazhibo.de5.net/?id=20985825
英国剧专区,https://huyazhibo.de5.net/?id=29982659
校园剧专区,https://huyazhibo.de5.net/?id=30080228
谍战剧专区,https://huyazhibo.de5.net/?id=30080225
古装剧专区,https://huyazhibo.de5.net/?id=24314158
乡村剧专区,https://huyazhibo.de5.net/?id=30080255
偶像剧专区,https://huyazhibo.de5.net/?id=11601964
爱情剧专区,https://huyazhibo.de5.net/?id=29982671
搞笑剧专区,https://huyazhibo.de5.net/?id=21059634
武侠剧专区,https://huyazhibo.de5.net/?id=20985816
穿越剧专区,https://huyazhibo.de5.net/?id=26355857
年代剧专区,https://huyazhibo.de5.net/?id=20969095
碎片记,http://live.nctv.top/douyu1.php?id=9412981
宇宙视界,http://live.nctv.top/douyu1.php?id=9498354
科学放映室,http://live.nctv.top/douyu1.php?id=9439712
宇宙探索飞船,http://live.nctv.top/douyu1.php?id=9456028
世界未解之谜,http://live.nctv.top/douyu1.php?id=9369468
航拍中国,https://huyazhibo.de5.net/?id=22414123
中国通史,https://huyazhibo.de5.net/?id=20985822
端游/英雄联盟专场,https://huyazhibo.de5.net/?id=660000
端游/无畏契约专场,https://huyazhibo.de5.net/?id=660679
端游/云顶之弈专场,https://huyazhibo.de5.net/?id=24423598
端游/穿越火线专场,https://huyazhibo.de5.net/?id=660101
端游/炉石传说专场,https://huyazhibo.de5.net/?id=21103932
端游/永劫无间专场,https://huyazhibo.de5.net/?id=660115
端游/DOTA2专场,https://huyazhibo.de5.net/?id=476318
端游/地下城与勇士专场,https://huyazhibo.de5.net/?id=21103948
端游/QQ飞车专场,https://huyazhibo.de5.net/?id=660219
手游/王者荣耀专场,https://huyazhibo.de5.net/?id=660002
手游/天天吃鸡专场,https://huyazhibo.de5.net/?id=660004
手游/三角洲行动专场,https://huyazhibo.de5.net/?id=29701539
手游/和平精英专场,https://huyazhibo.de5.net/?id=660135
手游/英雄联盟专场,https://huyazhibo.de5.net/?id=24318577
手游/CF专场,https://huyazhibo.de5.net/?id=660102
手游/DNF专场,https://huyazhibo.de5.net/?id=29886331
手游/火影忍者专场,https://huyazhibo.de5.net/?id=25567648
手游/第5人格专场,https://huyazhibo.de5.net/?id=461698
手游/原神专场,https://huyazhibo.de5.net/?id=25567635
手游/QQ飞车专场,https://huyazhibo.de5.net/?id=660117
手游/JJ斗地主专场,https://huyazhibo.de5.net/?id=30814433
手游/欢乐斗地主专场,https://huyazhibo.de5.net/?id=21103928
单机/我的世界专场,https://huyazhibo.de5.net/?id=667788
单机/拳皇专场,https://huyazhibo.de5.net/?id=17167271
单机/小霸王专场,https://huyazhibo.de5.net/?id=24723731
单机/植物大战僵尸专场,https://huyazhibo.de5.net/?id=29386152
单机/三国战记,http://live.nctv.top/douyu1.php?id=6122419
阿七点歌台,http://live.nctv.top/douyu1.php?id=3186217
音悦喵点歌台,http://live.nctv.top/douyu1.php?id=3870925
音乐台长,http://live.nctv.top/douyu1.php?id=9629943
下饭音乐,http://live.nctv.top/douyu1.php?id=8661966
音乐Wu哥,http://live.nctv.top/douyu1.php?id=8667755
音乐快斗,http://live.nctv.top/douyu1.php?id=8324627
蚕豆电台,http://live.nctv.top/douyu1.php?id=8768792
音乐猛抬头,http://live.nctv.top/douyu1.php?id=8666105
喵喵音乐台,http://live.nctv.top/douyu1.php?id=9568091
黑糖音乐秀,http://live.nctv.top/douyu1.php?id=9560563
荒草音乐,http://live.nctv.top/douyu1.php?id=8706465
热星音乐菌,http://live.nctv.top/douyu1.php?id=8405922
音乐Fans小琼,http://live.nctv.top/douyu1.php?id=8666210
小飞飞流行DJ音乐,http://live.nctv.top/douyu1.php?id=10469362
小舞点歌台,https://huyazhibo.de5.net/?id=15590571
24小时点歌台,https://huyazhibo.de5.net/?id=25261191
音乐小石榴,https://huyazhibo.de5.net/?id=17091681
24×7音乐,https://huyazhibo.de5.net/?id=30483433
日语专场,https://huyazhibo.de5.net/?id=21241795
名侦探柯南,https://huyazhibo.de5.net/?id=30080236
火影忍者,https://huyazhibo.de5.net/?id=29465866
海贼王,https://huyazhibo.de5.net/?id=29982634
神奇宝贝,https://huyazhibo.de5.net/?id=21241784
宫崎骏,https://huyazhibo.de5.net/?id=21059614
钢之炼金术师,https://huyazhibo.de5.net/?id=20985859
黑子的篮球,https://huyazhibo.de5.net/?id=30080253
瑞克与莫蒂,https://huyazhibo.de5.net/?id=29982655
成龙历险记,https://huyazhibo.de5.net/?id=11352946
蜡笔小新,https://huyazhibo.de5.net/?id=11352970
樱桃小丸子,https://huyazhibo.de5.net/?id=11342394
猫和老鼠,https://huyazhibo.de5.net/?id=11352879
七龙珠,https://huyazhibo.de5.net/?id=30273533
迪迦奥特曼,https://huyazhibo.de5.net/?id=11601966
赛文奥特曼,https://huyazhibo.de5.net/?id=11602065
泰罗奥特曼,https://huyazhibo.de5.net/?id=11352889
全职高手,https://huyazhibo.de5.net/?id=21059628
哆啦A梦,https://huyazhibo.de5.net/?id=11601963
海绵宝宝,https://huyazhibo.de5.net/?id=11352919
魔法少女,https://huyazhibo.de5.net/?id=21059587
全职猎人,https://huyazhibo.de5.net/?id=30080254
四驱兄弟,https://huyazhibo.de5.net/?id=11352922
网球王子,https://huyazhibo.de5.net/?id=11352882
玩具总动员,https://huyazhibo.de5.net/?id=30080256
通灵王,https://huyazhibo.de5.net/?id=20969112
游戏王,https://huyazhibo.de5.net/?id=20985856
男子高中生的日常,https://huyazhibo.de5.net/?id=20985858
元气少女缘结神,https://huyazhibo.de5.net/?id=11352967
全职法师,https://huyazhibo.de5.net/?id=26355772
尸兄,https://huyazhibo.de5.net/?id=26355846
大头儿子小头爸爸,https://huyazhibo.de5.net/?id=20969114
哪吒传奇,https://huyazhibo.de5.net/?id=26355782
龙族,https://huyazhibo.de5.net/?id=23865086
间谍过家家,https://huyazhibo.de5.net/?id=30080149
罗小黑战记,https://huyazhibo.de5.net/?id=24314159
葫芦兄弟,https://huyazhibo.de5.net/?id=20985834
咒术回战,https://huyazhibo.de5.net/?id=21059561
反叛的鲁路修,https://huyazhibo.de5.net/?id=20969113
超自然武装当哒当,https://huyazhibo.de5.net/?id=20985850
新世纪福音战士,https://huyazhibo.de5.net/?id=20985862
足球小将,https://huyazhibo.de5.net/?id=25725150
轻羽飞扬,https://huyazhibo.de5.net/?id=30805998
虫师,https://huyazhibo.de5.net/?id=21241791
魔神英雄传,https://huyazhibo.de5.net/?id=21241839
中华小当家,https://huyazhibo.de5.net/?id=30613314
一人之下,https://huyazhibo.de5.net/?id=31312788
狮子王,https://huyazhibo.de5.net/?id=11601977
夏目友人帐,https://huyazhibo.de5.net/?id=23865058
厨神小当家,https://huyazhibo.de5.net/?id=24257300
武林外传,https://huyazhibo.de5.net/?id=30574220
灌篮高手,https://huyazhibo.de5.net/?id=25039461
哑舍,https://huyazhibo.de5.net/?id=16020022
小排球,https://huyazhibo.de5.net/?id=20985802
英雄联盟,https://huyazhibo.de5.net/?id=23903196
短剧无极限,https://huyazhibo.de5.net/?id=31001847
陈翔六点半,https://huyazhibo.de5.net/?id=11274154
人生回答机本机,http://live.nctv.top/douyu1.php?id=9409722
郑云工作室,http://live.nctv.top/douyu1.php?id=2995636
王Li差点红,http://live.nctv.top/douyu1.php?id=9348469
哈利影视,http://live.nctv.top/douyu1.php?id=8475821
不思异剧场,http://live.nctv.top/douyu1.php?id=9297412
经典短剧,https://down-hls.qxiu.com/live/455246/index.m3u8
赵本山专场,http://live.nctv.top/douyu1.php?id=9817716
宋小宝专场,http://live.nctv.top/douyu1.php?id=9817729
贾玲专场,http://live.nctv.top/douyu1.php?id=10419541
许君聪专场,http://live.nctv.top/douyu1.php?id=10419558
沈腾马丽专场,http://live.nctv.top/douyu1.php?id=10153463
3030相声小品,http://live.nctv.top/douyu1.php?id=9286868
小饭事件薄,https://huyazhibo.de5.net/?id=20985830
荒野有声书,http://live.nctv.top/douyu1.php?id=10650322
小小鹿老师,http://live.nctv.top/douyu1.php?id=9442889
负担亡魂,http://live.nctv.top/douyu1.php?id=10308242
摄氏零度,https://huyazhibo.de5.net/?id=11602032
先锋898,https://livepull-tcyzb.sztv.com.cn/live/898video.m3u8
梨园戏曲,http://1.94.31.214/php/hntv.php?id=hnly
河南曲艺,http://1.94.31.214/php/hntv.php?id=jczy
戏剧影视,http://xatv-yt.xiancity.cn/live/4/index.m3u8
点掌财经,https://volcanopull.aniu.tv/live/aniu2/index.m3u8
来呀官人V,http://live.nctv.top/douyu1.php?id=9986305
阿斗归来了,https://huyazhibo.de5.net/?id=13303478
芮橙说剧,https://huyazhibo.de5.net/?id=30287258
狗哥吃火锅,https://huyazhibo.de5.net/?id=21059624
扁豆看电影,https://huyazhibo.de5.net/?id=16028551
君陌观影,https://huyazhibo.de5.net/?id=29420446
电影狂人A,https://huyazhibo.de5.net/?id=18715610
力哥影视,https://huyazhibo.de5.net/?id=23419131
小丑讲电影,https://huyazhibo.de5.net/?id=16857432
吾聊电影,https://huyazhibo.de5.net/?id=16424416
良少聊漫威,https://huyazhibo.de5.net/?id=25523725
电影最TOP,https://huyazhibo.de5.net/?id=11774959
S哥影视,https://huyazhibo.de5.net/?id=24720260
硬汉影探,https://huyazhibo.de5.net/?id=24614407
影小渔,https://huyazhibo.de5.net/?id=30296971
斌哥漫说,https://huyazhibo.de5.net/?id=18632116
南西视频,https://huyazhibo.de5.net/?id=16913382
大象放映室,https://huyazhibo.de5.net/?id=21277391
阿良说美剧,https://huyazhibo.de5.net/?id=20488841
止戈电影,https://huyazhibo.de5.net/?id=19863777
第一现场_山海之美,https://livepull-tcyzb.sztv.com.cn/live/YSZ_SHZM.m3u8
第一现场_时尚城市,https://livepull-tcyzb.sztv.com.cn/live/YSZ_SSCS.m3u8
第一现场_海洋世界,https://livepull-tcyzb.sztv.com.cn/live/YSZ_YSHC.m3u8
澎湃景区,https://play-a2.quklive.com/live/1765245429980053.m3u8
陆家嘴,https://tftp4ge3drmt1go5nhcju8yzdrptpptwzc3jpq731h45mqpssqmudp7so.100ycdn.com/live-ws.kksmg.com/live/sdi5/playlist.m3u8?wsSession=8a15d23fe661e20e47cce670-177203770982085&wsIPSercert=832abf7ce82ccc02b32b56b105f24835&wsBindIP=2&wsserid=1168187559701054860
魔都眼,https://tftp0gaa1hcjagozdcmttgyan45djq311475uf3issh5pchzgg55p.100ycdn.com/live-ws.kksmg.com/live/sdi6/playlist.m3u8?wsSession=5b0157b25e26fa5fbe3ebedf-177204125960201&wsIPSercert=832abf7ce82ccc02b32b56b105f24835&wsBindIP=2&wsserid=1168218615997031039
外滩观光平台,https://tftp1go3nhqbtfa3d1mtugessa4mscwszqh3qppizg5m8f3ts65e.100ycdn.com/live-ws.kksmg.com/live/sdi4/playlist.m3u8?wsSession=e18328672261b2e3fcadcc17-177204266364389&wsIPSercert=832abf7ce82ccc02b32b56b105f24835&wsBindIP=2&wsserid=1168276898037564649
北外滩,https://tftp6graunmttghanhctofa3uymmcpf5gkmmzqczgs45upiu1ha5xpw.100ycdn.com/live-ws.kksmg.com/live/webcam1/playlist.m3u8?wsSession=3ccfdb4284eaea73bb7cab60-177204275008725&wsIPSercert=832abf7ce82ccc02b32b56b105f24835&wsBindIP=2&wsserid=1168218612390266553
上海G1503东大道,https://rvsh.jtw.sh.gov.cn/live/200120a4-3d7c-4a7d-82dc-71fdfef3e045_sub/index.m3u8?t=1902119605&k=2c3e3086e3191872
上海临港大道东大公路,https://rvsh.jtw.sh.gov.cn/live/310120a4-3d7c-4a7d-82dc-71fde233e060_sub/index.m3u8?t=1902119782&k=e5d9cad0fb4bde78
武林外传,https://lvbdcdncmn.inter.71edge.com/tslive/l1/c52_lb_553_300_t10/I67sb6wvoWaxfjPEdSuB8xyBShFln4Poub7LGIzPt5oGLcKaLXD21aR_t20nEIxJFmaf_i6EYQ77gA-gLJ3xOTtq6K7hpgCREwLfbuNMXruJdFta9-ai9bYk4cTMbhQgRh9SCkE3yt46X4E0qOVADDdga3TMRSLnFscFYr-_s4Sd2sgykmnFa4-hdgX9599FiW_RX5VYGH9B1jyj748_CAu4VgqqTDwxUx8w556tCWY7mlb1r84RWuip72e4H8-HkUuBUoFeD4aw9m1HOUfgwx7ixDqJUFOmq9F-LeKLTZ2Ap6fobRuaUiaSqHsCWvuy9XWe5KWBiZv6bUJ8oAuqkA/1a6758d872929c8d41a7629db52a831f7/c52_lb_553_300_t10.m3u8?key=%2A%2A%2A&dis_t=1752408084&uuid=6f1d53dc-6873a014-459&qdpv=3&qd_bid=1&qd_sft=0&pv=0.1&cpt=0
2024年春节档,https://lvbdcdncmn.inter.71edge.com/tslive/l1/c51_lb_1018_300_t10/FVCO_jz_IvuxsWIbLCEvdstzbdQ5JLXxRlDL_J0vn0ZfgVYlA8ZxkNsXDoN4tEEtdVVarW6sgCF_YG8SB_oH0KY1zskp9-1iKJVEaWYyfIcsLVb4uKAdavgO_OSZkELLKJjUkk8t-S2ZKMnCiMEnykukS-GLvkY3RPIYLqhh_sgtY8UdWfdJc3EC9bm2mWz6FtFwc60bdNNWJi8gc-IP6buv-YaAeEN1nX9gHHHlH-fHifCyKKz5ppVfKts6RkTExgx82j5eLn6Mhz1s-bWGltEsWZfVmO_fakc0UlGwpKI9Sib9yjNKUMrfspPL8C80AuU4zeRqbSgkzjAcoovjnw/19eafbac982c8ac667d9bbc7c395db940/c51_lb_1018_300_t10.m3u8?key=%2A%2A%2A&dis_t=1752408161&uuid=6f1d53dc-6873a061-45a&qdpv=3&qd_bid=1&qd_sft=0&pv=0.1&cpt=0
四大名著,https://lvbdcdncmn.inter.71edge.com/tslive/l1/c52_lb_568_300_t10/JuZaYFfgAtgzeXENAS1zAE098-EGizvi9nPyECctaYL6rieOqt7Q1KcZ4FGU4o3UUwpf5CbV_nUsDbQg6NsUgbaKgmctqIUwA_QC1rbrgBQxdxXRLPaFs_72-dTZ9RfNKlNk-q4ijiT_NDcjcHKt9xDb1Eqjc_SZlsuONXiTyrN7Pf0NpHYoo8TtkhTnxhUA1rZTDlGr_OhabLQs7kUhuQmWsru0TSRbLz5HGJh_c3Dyx5K_G39iq69d-esVm-DuOSYw2HZW5BZdIPhr87zSBI2nAkwdKUaqY00Hzz-AXgJ6-Cx--ZL-3uMHEMgiE9SUmFSErHMOhGX8s8ogQkI3lg/11e4badc79479921d33b383ae671d68fc/c52_lb_568_300_t10.m3u8?key=%2A%2A%2A&dis_t=1752408227&uuid=6f1d53dc-6873a0a3-45b&qdpv=3&qd_bid=1&qd_sft=0&pv=0.1&cpt=0
一年一度喜剧大赛,https://alicoccdncmnet-hd.inter.71edge.com/tslive/l1/c51_lb_728_300_t10/S2SosBg_68g057-zBj7nmfrgs91iP37_pf6vxKx85ogguLIU3CU8SW_Y7H-1PHvyi99Ii2JFYijxYOei6iZner8QzyvFSNdDHH4HKjClgQKWGTbBdcHKOCHdsU3b1N-BrKiw3S7j3SCX6dyCTs7rcy64zcIPximAOEVgehMq3yBKfCmtJcbxGNJTLBalpWxFnS9TqEPfTjxnpz6YXBKxsqktgAuvSZh0YMwgtqXXpGW4Acf6eDoCMetaXupxvOjeXiYwJ8PWE2EHCz8E5RUSVIkgzqdr0H_UCDMLBgDOxh9Fx5wQklSuDVjds1N736MIdknpyHFEh4FV_aYUv-nsSA/1dd9185f7c7a34c902ab9b23bf6e849c8/c51_lb_728_300_t10.m3u8?key=%2A%2A%2A&dis_t=1752408293&random=1&rand_hash=0&uuid=6f1d53dc-6873a0e5-454&qdpv=3&qd_bid=1&qd_sft=0&pv=0.1&cpt=0
战争大片不间断,https://bscdncmnet.inter.71edge.com/tslive/l1/c53_lb_549_300_t10/nyNwfh1_ucKhYKBD_TC9H1cpPSW_kASRIHpzOyCbAlSQKCoa7yX04RS-69HeMU8vCtcLuBJr7PGxskrxih6fuqCnWcqae7adNI637bzmiWKfT_5A6rzyfSZ0MGGLVBTtyXGJSL_WfsYMsulW2MG8itaUpLb_fvhCXnp17W6sSRRqLz0TAntuHJX6Y_vRC2F5yK9Obu3pf-GYMV6g9nu9HxQQtP3HHX0Mv6VU0Jt4MbYOz49rR_krhRY1JjgFrM36_XgKxzRdQ9Z3pV96146JaeZMoAEJa9thzHYsP180Ex4pnwDC-hKCjxCHkeys7slENFpiSFYXlRqpkcxXAM9_Uw/1a38f2e9c9e4c3cce8152b1a430323419/c53_lb_549_300_t10.m3u8?key=%2A%2A%2A&dis_t=1752408382&uuid=6f1d53dc-6873a13e-458&qdpv=3&qd_bid=1&qd_sft=0&pv=0.1&cpt=0
楚汉骄雄,https://huyazhibo.de5.net/?id=29465854
封神榜,https://huyazhibo.de5.net/?id=29465849
天地争霸美猴王,https://huyazhibo.de5.net/?id=29465859
大唐双龙传,https://huyazhibo.de5.net/?id=29465850
刑事侦缉档案,https://huyazhibo.de5.net/?id=29465856
洗冤录,https://huyazhibo.de5.net/?id=29465851
陀枪师姐,https://huyazhibo.de5.net/?id=29465857
扫黄先锋,https://huyazhibo.de5.net/?id=29465855
妙手仁心,https://huyazhibo.de5.net/?id=29465853
野蛮亲家,https://huyazhibo.de5.net/?id=23863796
笑看风云,https://huyazhibo.de5.net/?id=29465858
韦小宝,https://huyazhibo.de5.net/?id=23650774
港版西游记,https://huyazhibo.de5.net/?id=29465860
雪山飞狐,https://huyazhibo.de5.net/?id=23734176
你的瑜伽女孩,http://live.nctv.top/douyu1.php?id=10205199
甜美的软果儿,https://huyazhibo.de5.net/?id=31031544
冬冬痕扬,https://huyazhibo.de5.net/?id=30867827
越氏酥麻1,https://huyazhibo.de5.net/?id=30764822
越氏酥麻2,https://huyazhibo.de5.net/?id=30764818
小奶瓶猫猫,https://huyazhibo.de5.net/?id=31031545
邻家大小姐,https://huyazhibo.de5.net/?id=30765290
柔氏解压,https://huyazhibo.de5.net/?id=30764819
星闪,https://huyazhibo.de5.net/?id=31062353
我最最最好看,https://huyazhibo.de5.net/?id=30806102
凶凶糖猫咪,https://huyazhibo.de5.net/?id=31062352
梦想天天睡大觉,https://huyazhibo.de5.net/?id=31062356
吃饭休息晒晒太阳,https://huyazhibo.de5.net/?id=31062355
我是小眉毛,https://huyazhibo.de5.net/?id=30805962
是一条小蛇,https://huyazhibo.de5.net/?id=30805937
漂亮可爱你的小狗,https://huyazhibo.de5.net/?id=31062350
花花努力健身中,https://huyazhibo.de5.net/?id=30805993
一起学健身,https://huyazhibo.de5.net/?id=20753449
兮兮很甜鸭,https://huyazhibo.de5.net/?id=31063692
爱吃桃子的喵,https://huyazhibo.de5.net/?id=18501378
赵本删不删,http://live.nctv.top/douyu1.php?id=9837104
车模颜值大赏,http://live.nctv.top/douyu1.php?id=10118209
北京影帝的分身,http://live.nctv.top/douyu1.php?id=9805480
女团社颜老师,http://live.nctv.top/douyu1.php?id=11327316
7师傅,http://live.nctv.top/douyu1.php?id=17732
彼岸零可星球,http://live.nctv.top/douyu1.php?id=40471
睡丝虫,http://live.nctv.top/douyu1.php?id=10308234
崔杋圭五颜一,http://live.nctv.top/douyu1.php?id=8189873
顾止最爱的小胖宝贝,http://live.nctv.top/douyu1.php?id=238643
少打白骨精,http://live.nctv.top/douyu1.php?id=11531165
爱爱小s,http://live.nctv.top/douyu1.php?id=10308312
伊素婉,https://huyazhibo.de5.net/?id=30765309
车老板呢,https://huyazhibo.de5.net/?id=30765311
敢来碰我,http://live.nctv.top/douyu1.php?id=10308225
秋月剪水,http://live.nctv.top/douyu1.php?id=9588891
YAYA晓雅,https://huyazhibo.de5.net/?id=30631709
粉色晴天酱,https://huyazhibo.de5.net/?id=30631717
深甜老师,https://huyazhibo.de5.net/?id=30765289
钓鱼欧尼,http://live.nctv.top/douyu1.php?id=10616765
李子柒,https://huyazhibo.de5.net/?id=21969336
多多看车,http://live.nctv.top/douyu1.php?id=4921957
Mordon,http://live.nctv.top/douyu1.php?id=9524579
小明不背锅up,http://live.nctv.top/douyu1.php?id=117854
怠惰守夜,http://live.nctv.top/douyu1.php?id=8842108
快乐的小波子,http://live.nctv.top/douyu1.php?id=9039399
老高与小茉,http://live.nctv.top/douyu1.php?id=236461
自说自话的总裁,http://live.nctv.top/douyu1.php?id=9317739
悉奇,http://live.nctv.top/douyu1.php?id=9401473
纳豆奶奶,http://live.nctv.top/douyu1.php?id=8745628
黄栗子Ye,http://live.nctv.top/douyu1.php?id=9046097
电视这个圈子,http://live.nctv.top/douyu1.php?id=9425669
火宗君,http://live.nctv.top/douyu1.php?id=9580477
微笑和苦瓜,https://huyazhibo.de5.net/?id=28213261
熊孩子沙雕动画,https://huyazhibo.de5.net/?id=25243852
悸动,https://huyazhibo.de5.net/?id=28272846
小小天才搞笑视频,http://live.nctv.top/douyu1.php?id=9419678
冰糖葫芦没放盐V,http://live.nctv.top/douyu1.php?id=3505453
动画大师姐,http://live.nctv.top/douyu1.php?id=9742136
立秋动画,http://live.nctv.top/douyu1.php?id=10351891
天才大熊猫啊,http://live.nctv.top/douyu1.php?id=10646699
绘说篮球C,http://live.nctv.top/douyu1.php?id=9401305
至臻视界4K,http://gslbserv.itv.cmvideo.cn:80/1.m3u8?channel-id=FifastbLive&Contentid=3000000010000015686&livemode=1&stbId=yu&mode=1&%244M=
至臻视界4K,http://gslbserv.itv.cmvideo.cn:80/5000000011000265001/1.m3u8?channel-id=FifastbLive&Contentid=3000000010000015686&livemode=1&stbId=toShengfen&mode=1&%2424M-FifastbLive=
咪视界4K,http://gslbserv.itv.cmvideo.cn:80/3000000010000005180/index.m3u8?channel-id=FifastbLive&Contentid=3000000010000005180&livemode=1&stbId=3%24
咪视界1,http://gslbserv.itv.cmvideo.cn:80/3000000001000008176/index.m3u8?channel-id=FifastbLive&Contentid=3000000001000008176&livemode=1&stbId=3%24
咪视界2,http://gslbserv.itv.cmvideo.cn:80/3000000010000027691/index.m3u8?channel-id=FifastbLive&Contentid=3000000010000027691&livemode=1&stbId=3%24
咪视界3,http://gslbserv.itv.cmvideo.cn:80/3000000010000023434/index.m3u8?channel-id=FifastbLive&Contentid=3000000010000023434&livemode=1&stbId=3%24
咪视界4,http://gslbserv.itv.cmvideo.cn:80/3000000010000021904/index.m3u8?channel-id=FifastbLive&Contentid=3000000010000021904&livemode=1&stbId=3%24
咪视界5,http://gslbserv.itv.cmvideo.cn:80/3000000010000015560/index.m3u8?channel-id=FifastbLive&Contentid=3000000010000015560&livemode=1&stbId=3%24
咪视界6,http://gslbserv.itv.cmvideo.cn:80/3000000010000012558/index.m3u8?channel-id=FifastbLive&Contentid=3000000010000012558&livemode=1&stbId=3%24
咪视界7,http://gslbserv.itv.cmvideo.cn:80/3000000010000010833/index.m3u8?channel-id=FifastbLive&Contentid=3000000010000010833&livemode=1&stbId=3%24
咪视界8,http://gslbserv.itv.cmvideo.cn:80/3000000010000009788/index.m3u8?channel-id=FifastbLive&Contentid=3000000010000009788&livemode=1&stbId=3%24
咪视界9,http://gslbserv.itv.cmvideo.cn:80/3000000010000006077/index.m3u8?channel-id=FifastbLive&Contentid=3000000010000006077&livemode=1&stbId=3%24
咪视界10,http://gslbserv.itv.cmvideo.cn:80/3000000010000004193/index.m3u8?channel-id=FifastbLive&Contentid=3000000010000004193&livemode=1&stbId=3%24
咪视界11,http://gslbserv.itv.cmvideo.cn:80/1.m3u8?channel-id=FifastbLive&Contentid=3000000001000028638&livemode=1&stbId=yu&mode=1&%248M=
咪视界12,http://gslbserv.itv.cmvideo.cn:80/1.m3u8?channel-id=FifastbLive&Contentid=3000000001000005969&livemode=1&stbId=yu&mode=1&%248M=
咪视界13,http://gslbserv.itv.cmvideo.cn:80/1.m3u8?channel-id=FifastbLive&Contentid=3000000001000007218&livemode=1&stbId=yu&mode=1&%248M=
咪视界14,http://gslbserv.itv.cmvideo.cn:80/1.m3u8?channel-id=FifastbLive&Contentid=3000000001000008001&livemode=1&stbId=yu&mode=1&%248M=
咪视界15,http://gslbserv.itv.cmvideo.cn:80/1.m3u8?channel-id=FifastbLive&Contentid=3000000001000010129&livemode=1&stbId=yu&mode=1&%248M=
咪视界16,http://gslbserv.itv.cmvideo.cn:80/1.m3u8?channel-id=FifastbLive&Contentid=3000000001000010948&livemode=1&stbId=yu&mode=1&%248M=
咪视界17,http://gslbserv.itv.cmvideo.cn:80/1.m3u8?channel-id=FifastbLive&Contentid=3000000001000031494&livemode=1&stbId=yu&mode=1&%248M=
咪视界18,http://gslbserv.itv.cmvideo.cn:80/1.m3u8?channel-id=FifastbLive&Contentid=3000000010000000097&livemode=1&stbId=yu&mode=1&%245M=
咪视界19,http://gslbserv.itv.cmvideo.cn:80/1.m3u8?channel-id=FifastbLive&Contentid=3000000010000002019&livemode=1&stbId=yu&mode=1&%245M=
咪视界20,http://gslbserv.itv.cmvideo.cn:80/1.m3u8?channel-id=FifastbLive&Contentid=3000000010000003915&livemode=1&stbId=yu&mode=1&%245M=
咪视界21,http://gslbserv.itv.cmvideo.cn:80/1.m3u8?channel-id=FifastbLive&Contentid=3000000010000005837&livemode=1&stbId=yu&mode=1&%248M=
咪视界22,http://gslbserv.itv.cmvideo.cn:80/1.m3u8?channel-id=FifastbLive&Contentid=3000000010000006658&livemode=1&stbId=yu&mode=1&%245M=
咪视界23,http://gslbserv.itv.cmvideo.cn:80/1.m3u8?channel-id=FifastbLive&Contentid=3000000010000011297&livemode=1&stbId=yu&mode=1&%245M=
咪视界24,http://gslbserv.itv.cmvideo.cn:80/1.m3u8?channel-id=FifastbLive&Contentid=3000000010000012616&livemode=1&stbId=yu&mode=1&%245M=
咪视界25,http://gslbserv.itv.cmvideo.cn:80/1.m3u8?channel-id=FifastbLive&Contentid=3000000010000015470&livemode=1&stbId=yu&mode=1&%245M=
咪视界26,http://gslbserv.itv.cmvideo.cn:80/1.m3u8?channel-id=FifastbLive&Contentid=3000000010000019839&livemode=1&stbId=yu&mode=1&%245M=
咪视界27,http://gslbserv.itv.cmvideo.cn:80/1.m3u8?channel-id=FifastbLive&Contentid=3000000010000025380&livemode=1&stbId=yu&mode=1&%245M=
咪视界28,http://gslbserv.itv.cmvideo.cn:80/1.m3u8?channel-id=FifastbLive&Contentid=3000000010000027691&livemode=1&stbId=yu&mode=1&%245M=
咪视界29,http://gslbserv.itv.cmvideo.cn:80/1.m3u8?channel-id=FifastbLive&Contentid=3000000010000031669&livemode=1&stbId=yu&mode=1&%245M=
咪视界30,http://gslbserv.itv.cmvideo.cn:80/1.m3u8?channel-id=FifastbLive&Contentid=3000000020000011522&livemode=1&stbId=yu&mode=1&%248M=
咪视界31,http://gslbserv.itv.cmvideo.cn:80/1.m3u8?channel-id=ystenlive&Contentid=1000000006000270004&livemode=1&stbId=yu&mode=1&%248M=
咪视界32,http://gslbserv.itv.cmvideo.cn:80/1.m3u8?channel-id=FifastbLive&Contentid=3000000001000005308&livemode=1&stbId=yu&mode=1&%248M=
咪视界33,http://gslbserv.itv.cmvideo.cn:80/1.m3u8?channel-id=FifastbLive&Contentid=3000000001000008379&livemode=1&stbId=yu&mode=1&%248M=
咪视界34,http://gslbserv.itv.cmvideo.cn:80/1.m3u8?channel-id=FifastbLive&Contentid=3000000010000002809&livemode=1&stbId=yu&mode=1&%245M=
咪视界35,http://gslbserv.itv.cmvideo.cn:80/1.m3u8?channel-id=FifastbLive&Contentid=3000000010000015560&livemode=1&stbId=yu&mode=1&%245M=
咪视界36,http://gslbserv.itv.cmvideo.cn:80/1.m3u8?channel-id=FifastbLive&Contentid=3000000010000023434&livemode=1&stbId=yu&mode=1&%245M=
超级电视剧,http://111.29.9.33:6610/000000001000/1000000001000008139/index.m3u8?channel-id=bestzb&Contentid=1000000001000008139&livemode=1&stbId=3
北京纪实科教,http://111.29.9.33:6610/000000001000/1000000001000028380/index.m3u8?channel-id=bestzb&Contentid=1000000001000028380&livemode=1&stbId=3
家庭剧场,http://111.29.9.33:6610/000000001000/1000000004000008284/index.m3u8?channel-id=bestzb&Contentid=1000000004000008284&livemode=1&stbId=3
惊悚悬疑,http://111.29.9.33:6610/000000001000/1000000004000024282/index.m3u8?channel-id=bestzb&Contentid=1000000004000024282&livemode=1&stbId=3
明星大片,http://111.29.9.33:6610/000000001000/1000000004000019008/index.m3u8?channel-id=bestzb&Contentid=1000000004000019008&livemode=1&stbId=3
超级体育,http://111.29.9.33:6610/000000001000/1000000004000007755/index.m3u8?channel-id=bestzb&Contentid=1000000004000007755&livemode=1&stbId=3
炫舞未来,http://111.29.9.33:6610/000000001000/1000000001000000515/index.m3u8?channel-id=bestzb&Contentid=1000000001000000515&livemode=1&stbId=3
黑莓动画,http://111.29.9.33:6610/000000001000/1000000004000021734/index.m3u8?channel-id=bestzb&Contentid=1000000004000021734&livemode=1&stbId=3
CGTN记录,http://gslbserv.itv.cmvideo.cn:80/1.m3u8?channel-id=ystenlive&Contentid=8428799834696888424&livemode=1&stbId=yu&mode=1&%242M=
CGTN记录,https://0472.org/hls/cgtnd.m3u8?3.24.120%3A5140=
CGTN记录,https://0472.org/hls/cgtnd.m3u8
CEC汉语文化,http://play.cec-tv.com.cn/channel/cec-tv1.m3u8
CEC国际旅游,http://play.cec-tv.com.cn/channel/cec-tv2.m3u8
CEC国际教育,http://play.cec-tv.com.cn/channel/cec-tv3.m3u8
CEC国际健康,http://play.cec-tv.com.cn/channel/cec-tv4.m3u8
东方卫视4K,http://bp-resource-dfl.bestv.cn/148/3/video.m3u8
浙江卫视4K,http://ali-xwl.cztv.com/live/channel4k2160p.m3u8
延边卫视,http://gslbserv.itv.cmvideo.cn:80/1.m3u8?channel-id=FifastbLive&Contentid=1000000005000266008&livemode=1&stbId=yu&mode=1&%244M=
康巴卫视,http://gslbserv.itv.cmvideo.cn:80/1.m3u8?channel-id=FifastbLive&Contentid=1000000005000266002&livemode=1&stbId=yu&mode=1&%244M=
厦门卫视,http://gslbserv.itv.cmvideo.cn:80/1.m3u8?channel-id=FifastbLive&Contentid=1000000005000266006&livemode=1&stbId=yu&mode=1&%244M=
安多卫视,http://gslbserv.itv.cmvideo.cn:80/1.m3u8?channel-id=FifastbLive&Contentid=5000000006000022124&livemode=1&stbId=yu&mode=1&%242M=
农林卫视,http://8.138.7.223/%E3%80%90%E5%85%AC%E4%BC%97%E5%8F%B7%EF%BC%9A%E6%A6%B4%E8%8A%92%E7%94%B5%E8%A7%86%E3%80%91/%E5%86%9C%E6%9E%97%E5%8D%AB%E8%A7%86.m3u8
海峡卫视,http://hlsbkmgsplive.miguvideo.com/migu/kailu/haixiaws/57/20230724/01.m3u8?msisdn=&Channel_ID=&ContentId=&HlsSubType=&HlsProfileId=&encrypt=
藏语卫视,http://gslbserv.itv.cmvideo.cn:80/1.m3u8?channel-id=FifastbLive&Contentid=7134589828528695864&livemode=1&stbId=yu&mode=1&%242M=
山东教育卫视,http://gslbserv.itv.cmvideo.cn:80/1.m3u8?channel-id=FifastbLive&Contentid=1000000002000004097&livemode=1&stbId=yu&mode=1&%244M=
百视通1,http://gslbserv.itv.cmvideo.cn:80/1.m3u8?channel-id=bestzb&Contentid=5000000001000002898&livemode=1&stbId=yu&mode=1&%244M=
百视通2,http://gslbserv.itv.cmvideo.cn:80/1.m3u8?channel-id=bestzb&Contentid=5000000001000004876&livemode=1&stbId=yu&mode=1&%244M=
百视通3,http://gslbserv.itv.cmvideo.cn:80/1.m3u8?channel-id=bestzb&Contentid=5000000001000006777&livemode=1&stbId=yu&mode=1&%244M=
百视通4,http://gslbserv.itv.cmvideo.cn:80/1.m3u8?channel-id=bestzb&Contentid=5000000001000018009&livemode=1&stbId=yu&mode=1&%244M=
百视通5,http://gslbserv.itv.cmvideo.cn:80/1.m3u8?channel-id=bestzb&Contentid=5000000001000019233&livemode=1&stbId=yu&mode=1&%244M=
百视通6,http://gslbserv.itv.cmvideo.cn:80/1.m3u8?channel-id=bestzb&Contentid=5000000001000022620&livemode=1&stbId=yu&mode=1&%244M=
百视通7,http://gslbserv.itv.cmvideo.cn:80/1.m3u8?channel-id=bestzb&Contentid=5000000001000023256&livemode=1&stbId=yu&mode=1&%244M=
百视通8,http://gslbserv.itv.cmvideo.cn:80/1.m3u8?channel-id=bestzb&Contentid=5000000001000026930&livemode=1&stbId=yu&mode=1&%244M=
百视通9,http://gslbserv.itv.cmvideo.cn:80/1.m3u8?channel-id=bestzb&Contentid=5000000001000001116&livemode=1&stbId=yu&mode=1&%244M=
百视通10,http://gslbserv.itv.cmvideo.cn:80/1.m3u8?channel-id=bestzb&Contentid=5000000001000017342&livemode=1&stbId=yu&mode=1&%244M=
NewTV卡酷少儿,http://gslbserv.itv.cmvideo.cn:80/1.m3u8?channel-id=FifastbLive&Contentid=7851974109718180595&livemode=1&stbId=yu&mode=1&%248M=
NewTV卡酷少儿,http://gslbserv.itv.cmvideo.cn:80/1.m3u8?channel-id=FifastbLive&Contentid=7589856436881630561&livemode=1&stbId=yu&mode=1&%242M=
NewTV优漫卡通,http://gslbserv.itv.cmvideo.cn:80/1.m3u8?channel-id=FifastbLive&Contentid=1000000002000010063&livemode=1&stbId=yu&mode=1&%244M=
NewTV哈哈炫动,http://gslbserv.itv.cmvideo.cn:80/1.m3u8?channel-id=FifastbLive&Contentid=5000000011000031123&livemode=1&stbId=yu&mode=1&%248M=
NewTV哈哈炫动,http://gslbserv.itv.cmvideo.cn:80/1.m3u8?channel-id=bestzb&Contentid=5000000005000031641&livemode=1&stbId=yu&mode=1&%244M=
NewTV嘉佳卡通,http://gslbserv.itv.cmvideo.cn:80/1.m3u8?channel-id=FifastbLive&Contentid=1000000002000025964&livemode=1&stbId=yu&mode=1&%244M=
NewTV嘉佳卡通,http://gslbserv.itv.cmvideo.cn:80/1.m3u8?channel-id=FifastbLive&Contentid=4739906347743456369&livemode=1&stbId=yu&mode=1&%242M=
NewTV金鹰卡通,http://gslbserv.itv.cmvideo.cn:80/1.m3u8?channel-id=FifastbLive&Contentid=5000000006000040024&livemode=1&stbId=yu&mode=1&%244M=
NewTV金鹰卡通,http://gslbserv.itv.cmvideo.cn:80/1.m3u8?channel-id=FifastbLive&Contentid=1000000002000016601&livemode=1&stbId=yu&mode=1&%244M=
NewTV黑莓动画,http://gslbserv.itv.cmvideo.cn:80/1.m3u8?channel-id=FifastbLive&Contentid=6497762188035533951&livemode=1&stbId=yu&mode=1&%244M=
NewTV黑莓动画,http://gslbserv.itv.cmvideo.cn:80/1.m3u8?channel-id=FifastbLive&Contentid=1000000004000021734&livemode=1&stbId=yu&mode=1&%244M=
NewTV宝宝动画,http://gslbserv.itv.cmvideo.cn:80/1.m3u8?channel-id=FifastbLive&Contentid=5000000011000288002&livemode=1&stbId=yu&mode=1&%248M=
NewTV青春动漫,http://gslbserv.itv.cmvideo.cn:80/1.m3u8?channel-id=FifastbLive&Contentid=5000000011000288008&livemode=1&stbId=yu&mode=1&%248M=
NewTV精品体育,http://gslbserv.itv.cmvideo.cn:80/1.m3u8?channel-id=FifastbLive&Contentid=6460382139625130259&livemode=1&stbId=yu&mode=1&%244M=
NewTV精品体育,http://gslbserv.itv.cmvideo.cn:80/1.m3u8?channel-id=FifastbLive&Contentid=1000000004000014634&livemode=1&stbId=yu&mode=1&%244M=
NewTV超级体育,http://gslbserv.itv.cmvideo.cn:80/1.m3u8?channel-id=FifastbLive&Contentid=1000000001000009204&livemode=1&stbId=yu&mode=1&%244M=
NewTV超级体育,http://gslbserv.itv.cmvideo.cn:80/1.m3u8?channel-id=FifastbLive&Contentid=1000000001000009601&livemode=1&stbId=yu&mode=1&%248M=
NewTV超级体育,http://gslbserv.itv.cmvideo.cn:80/1.m3u8?channel-id=FifastbLive&Contentid=1000000004000007755&livemode=1&stbId=yu&mode=1&%244M=
NewTV武搏世界,http://gslbserv.itv.cmvideo.cn:80/1.m3u8?channel-id=FifastbLive&Contentid=bokesen&livemode=1&stbId=yu&mode=1&%244M=
NewTV睛彩竞技,http://gslbserv.itv.cmvideo.cn:80/1.m3u8?channel-id=FifastbLive&Contentid=3000000020000011528&livemode=1&stbId=yu&mode=1&%248M=
NewTV睛彩竞技,http://gslbserv.itv.cmvideo.cn:80/1.m3u8?channel-id=FifastbLive&Contentid=1000000006000270001&livemode=1&stbId=yu&mode=1&%248M=
NewTV睛彩篮球,http://gslbserv.itv.cmvideo.cn:80/1.m3u8?channel-id=FifastbLive&Contentid=3000000020000011529&livemode=1&stbId=yu&mode=1&%248M=
NewTV睛彩篮球,http://gslbserv.itv.cmvideo.cn:80/1.m3u8?channel-id=FifastbLive&Contentid=1000000006000270002&livemode=1&stbId=yu&mode=1&%248M=
NewTV睛彩篮球,http://gslbserv.itv.cmvideo.cn:80/1.m3u8?channel-id=FifastbLive&Contentid=1000000006000270006&livemode=1&stbId=yu&mode=1&%248M=
NewTV睛彩青少,http://gslbserv.itv.cmvideo.cn:80/1.m3u8?channel-id=FifastbLive&Contentid=3000000020000011525&livemode=1&stbId=yu&mode=1&%248M=
NewTV睛彩青少,http://gslbserv.itv.cmvideo.cn:80/1.m3u8?channel-id=FifastbLive&Contentid=3000000020000031315&livemode=1&stbId=yu&mode=1&%248M=
NewTV动作电影,http://gslbserv.itv.cmvideo.cn:80/1.m3u8?channel-id=FifastbLive&Contentid=1000000004000018653&livemode=1&stbId=yu&mode=1&%244M=
NewTV动作电影,http://gslbserv.itv.cmvideo.cn:80/1.m3u8?channel-id=FifastbLive&Contentid=8103864434730665389&livemode=1&stbId=yu&mode=1&%244M=
NewTV惊悚悬疑,http://gslbserv.itv.cmvideo.cn:80/1.m3u8?channel-id=FifastbLive&Contentid=1000000004000024282&livemode=1&stbId=yu&mode=1&%244M=
NewTV惊悚悬疑,http://gslbserv.itv.cmvideo.cn:80/1.m3u8?channel-id=FifastbLive&Contentid=7151256057701199617&livemode=1&stbId=yu&mode=1&%244M=
NewTV中国功夫,http://gslbserv.itv.cmvideo.cn:80/1.m3u8?channel-id=FifastbLive&Contentid=5897056882324761054&livemode=1&stbId=yu&mode=1&%244M=
NewTV明星大片,http://gslbserv.itv.cmvideo.cn:80/1.m3u8?channel-id=FifastbLive&Contentid=1000000004000019008&livemode=1&stbId=yu&mode=1&%244M=
NewTV明星大片,http://gslbserv.itv.cmvideo.cn:80/000000001000/5595720619887440144/1.m3u8?channel-id=ystenlive&Contentid=5595720619887440144&livemode=1&stbId=003901FF0001181003FC08A5C8C6C037&userToken=%2A%2A%2A&usergroup=g10045200000&version=1.0&owaccmark=5595720619887440144&owchid=ystenlive&owsid=7951969344461437044
NewTV炫舞未来,http://gslbserv.itv.cmvideo.cn:80/1.m3u8?channel-id=FifastbLive&Contentid=1000000001000000515&livemode=1&stbId=yu&mode=1&%244M=
NewTV全球大片,http://gslbserv.itv.cmvideo.cn:80/1.m3u8?channel-id=FifastbLive&Contentid=5000000011000288009&livemode=1&stbId=yu&mode=1&%248M=
NewTV华语影院,http://gslbserv.itv.cmvideo.cn:80/1.m3u8?channel-id=FifastbLive&Contentid=5000000011000288005&livemode=1&stbId=yu&mode=1&%248M=
NewTV星光影院,http://gslbserv.itv.cmvideo.cn:80/1.m3u8?channel-id=FifastbLive&Contentid=5000000011000288013&livemode=1&stbId=yu&mode=1&%248M=
NewTV超级电视剧,http://gslbserv.itv.cmvideo.cn:80/1.m3u8?channel-id=FifastbLive&Contentid=1000000001000008139&livemode=1&stbId=yu&mode=1&%244M=
NewTV超级电视剧,http://gslbserv.itv.cmvideo.cn:80/1.m3u8?channel-id=FifastbLive&Contentid=1000000004000024993&livemode=1&stbId=yu&mode=1&%244M=
NewTV超级电视剧,http://gslbserv.itv.cmvideo.cn:80/1.m3u8?channel-id=FifastbLive&Contentid=1000000006000268003&livemode=1&stbId=yu&mode=1&%248M=
NewTV欢乐剧场,http://gslbserv.itv.cmvideo.cn:80/1.m3u8?channel-id=FifastbLive&Contentid=1000000005000266012&livemode=1&stbId=yu&mode=1&%244M=
NewTV爱情喜剧,http://gslbserv.itv.cmvideo.cn:80/1.m3u8?channel-id=FifastbLive&Contentid=8393829412396288037&livemode=1&stbId=yu&mode=1&%244M=
NewTV军旅剧场,http://gslbserv.itv.cmvideo.cn:80/1.m3u8?channel-id=FifastbLive&Contentid=7485075951068666323&livemode=1&stbId=yu&mode=1&%244M=
NewTV军旅剧场,http://gslbserv.itv.cmvideo.cn:80/000000001000/7485075951068666323/1.m3u8?channel-id=ystenlive&Contentid=7485075951068666323&livemode=1&stbId=003901FF0001181003FC08A5C8C6C037&userToken=%2A%2A%2A&usergroup=g10045200000&version=1.0&owaccmark=7485075951068666323&owchid=ystenlive&owsid=7951969344461285239
NewTV爱情喜剧,http://gslbserv.itv.cmvideo.cn:80/1.m3u8?channel-id=FifastbLive&Contentid=8393829412396288037&livemode=1&stbId=yu&mode=1&%244M=
NewTV东北热剧,http://gslbserv.itv.cmvideo.cn:80/1.m3u8?channel-id=FifastbLive&Contentid=1000000005000266013&livemode=1&stbId=yu&mode=1&%244M=
NewTV家庭剧场,http://gslbserv.itv.cmvideo.cn:80/1.m3u8?channel-id=FifastbLive&Contentid=6316377948248689070&livemode=1&stbId=yu&mode=1&%244M=
NewTV家庭剧场,http://gslbserv.itv.cmvideo.cn:80/1.m3u8?channel-id=FifastbLive&Contentid=1000000004000008284&livemode=1&stbId=yu&mode=1&%244M=
NewTV热门剧场,http://gslbserv.itv.cmvideo.cn:80/1.m3u8?channel-id=FifastbLive&Contentid=5000000011000288010&livemode=1&stbId=yu&mode=1&%248M=
NewTV谍战剧场,http://gslbserv.itv.cmvideo.cn:80/1.m3u8?channel-id=FifastbLive&Contentid=5000000011000288004&livemode=1&stbId=yu&mode=1&%248M=
NewTV潮妈辣婆,http://gslbserv.itv.cmvideo.cn:80/1.m3u8?channel-id=FifastbLive&Contentid=6516734029835465177&livemode=1&stbId=yu&mode=1&%244M=
NewTV精品记录,http://gslbserv.itv.cmvideo.cn:80/1.m3u8?channel-id=FifastbLive&Contentid=6298506997017621594&livemode=1&stbId=yu&mode=1&%244M=
NewTV看天下,http://gslbserv.itv.cmvideo.cn:80/1.m3u8?channel-id=FifastbLive&Contentid=5000000011000288007&livemode=1&stbId=yu&mode=1&%248M=
NewTV哒啵赛事,http://gslbserv.itv.cmvideo.cn:80/1.m3u8?channel-id=FifastbLive&Contentid=5320946857686967621&livemode=1&stbId=yu&mode=1&%244M=
NewTV电竞天堂,http://gslbserv.itv.cmvideo.cn:80/1.m3u8?channel-id=FifastbLive&Contentid=5000000011000288003&livemode=1&stbId=yu&mode=1&%248M=
NewTV军事评论,http://gslbserv.itv.cmvideo.cn:80/1.m3u8?channel-id=FifastbLive&Contentid=5822616274253344775&livemode=1&stbId=yu&mode=1&%244M=
NewTV农业致富,http://gslbserv.itv.cmvideo.cn:80/1.m3u8?channel-id=FifastbLive&Contentid=6193684637634073625&livemode=1&stbId=yu&mode=1&%244M=
NewTV睛彩广场舞,http://gslbserv.itv.cmvideo.cn:80/1.m3u8?channel-id=FifastbLive&Contentid=3000000020000011523&livemode=1&stbId=yu&mode=1&%248M=
NewTV睛彩广场舞,http://gslbserv.itv.cmvideo.cn:80/1.m3u8?channel-id=FifastbLive&Contentid=3000000020000011524&livemode=1&stbId=yu&mode=1&%248M=
NewTV睛彩广场舞,http://gslbserv.itv.cmvideo.cn:80/1.m3u8?channel-id=FifastbLive&Contentid=1000000006000270003&livemode=1&stbId=yu&mode=1&%248M=
NewTV睛彩广场舞,http://gslbserv.itv.cmvideo.cn:80/1.m3u8?channel-id=FifastbLive&Contentid=1000000006000270005&livemode=1&stbId=yu&mode=1&%248M=
NewTV中国天气,http://gslbserv.itv.cmvideo.cn:80/1.m3u8?channel-id=FifastbLive&Contentid=5000000005000031974&livemode=1&stbId=yu&mode=1&%244M=
NewTV健康养生,http://gslbserv.itv.cmvideo.cn:80/1.m3u8?channel-id=FifastbLive&Contentid=5000000011000288006&livemode=1&stbId=yu&mode=1&%248M=
NewTV怡伴健康,http://gslbserv.itv.cmvideo.cn:80/1.m3u8?channel-id=FifastbLive&Contentid=7820874641606664941&livemode=1&stbId=yu&mode=1&%244M=
NewTV家庭理财,http://gslbserv.itv.cmvideo.cn:80/5000000011000265001/1.m3u8?channel-id=bestzb&Contentid=5000000011000031210&livemode=1&stbId=toShengfen&mode=1&%242M-bestzb=
NewTV戏曲,http://gslbserv.itv.cmvideo.cn:80/1.m3u8?channel-id=FifastbLive&Contentid=5000000011000288012&livemode=1&stbId=yu&mode=1&%248M=
NewTV军旅剧场,http://lvbaiducdnct.inter.ptqy.gitv.tv/tslive/c54_fast_700_1080P_t10/c54_fast_700_1080P_t10.m3u8?d=
NewTV家庭剧场,http://lvbaiducdnct.inter.ptqy.gitv.tv/tslive/c59_fast_999_1080P_t10/c59_fast_999_1080P_t10.m3u8?d=
NewTV泰语剧场,http://lvbaiducdnct.inter.ptqy.gitv.tv/tslive/c58_fast_949_1080P_t10/c58_fast_949_1080P_t10.m3u8?d=
NewTV大家剧场,http://lvbaiducdnct.inter.ptqy.gitv.tv/tslive/c58_fast_975_1080P_t10/c58_fast_975_1080P_t10.m3u8?d=
NewTV爱情剧场,http://lvbaiducdnct.inter.ptqy.gitv.tv/tslive/c59_fast_967_1080P_t10/c59_fast_967_1080P_t10.m3u8?d=
🔄美女短视频[刷新就是新内容],http://av.npcq.cn/api.php
🔄韩国歌曲[刷新就是新内容],https://xn--vusr00g.v.nxog.top/m/tv/xjj.php?id=0
🔄DJ舞曲[刷新就是新内容],http://xjj1.716888.xyz/fenlei/djxjj/dj1.php
🔄网络热曲[刷新就是新内容],https://188sp.711888.xyz/188/video.php
🔄4K视频[刷新就是新内容],http://xjj1.716888.xyz/fenlei/4k/4k.php
🔄不吃香菜[刷新就是新内容],http://xjj2.716888.xyz/fenlei/mvmn/mvmn.php
🔄TikTok美女[刷新就是新内容],https://xn--vusr00g.v.nxog.top/m/tv/xjj.php?id=2
🔄美女热舞1[刷新就是新内容],https://xn--vusr00g.v.nxog.top/m/tv/xjj.php?id=1
🔄美女热舞2[刷新就是新内容],http://xjj2.716888.xyz/fenlei/zj/gengxin/gengxin.php
🔄美女展示1[刷新就是新内容],http://xjj2.716888.xyz/fenlei/zj/jipinyz/jipinyz.php
🔄美女展示2[刷新就是新内容],http://xjj2.716888.xyz/fenlei/zj/xuejie/xuejie.php
🔄美女展示3[刷新就是新内容],http://xjj2.716888.xyz/fenlei/zj/kawayi/kawayi.php
🔄美女展示4[刷新就是新内容],http://xjj2.716888.xyz/fenlei/zj/nennen/nennen.php
🔄美女展示5[刷新就是新内容],http://xjj2.716888.xyz/fenlei/zj/sihuawd/sihuawd.php
🔄美女展示6[刷新就是新内容],http://xjj2.716888.xyz/fenlei/zj/manyao/manyao.php
🔄美女展示7[刷新就是新内容],http://xjj2.716888.xyz/fenlei/zj/sihuadd/sihuadd.php
🔄美女展示8[刷新就是新内容],http://xjj2.716888.xyz/fenlei/zj/qingchun/qingchun.php
🔄美女展示9[刷新就是新内容],http://xjj2.716888.xyz/fenlei/zj/cos/cos.php
🔄美女展示10[刷新就是新内容],http://xjj2.716888.xyz/fenlei/zj/heji1/heji1.php
🔄美女展示11[刷新就是新内容],http://xjj2.716888.xyz/fenlei/zj/jingpinbz/jingpinbz.php
🔄美女展示12[刷新就是新内容],http://xjj2.716888.xyz/fenlei/zj/jipinll/jipinll.php
🔄美女展示13[刷新就是新内容],http://xjj2.716888.xyz/fenlei/zj/nideym/nideym.php
🔄美女展示14[刷新就是新内容],http://xjj2.716888.xyz/fenlei/zj/tianmei/tianmei.php
🔄美女展示15[刷新就是新内容],http://xjj2.716888.xyz/fenlei/zj/yusi/yusi.php
🔄美女展示16[刷新就是新内容],http://xjj2.716888.xyz/fenlei/tkxjj/tk.php
🔄美女展示17[刷新就是新内容],http://xjj2.716888.xyz/fenlei/zj/rewu/rewu.php
🔄美女展示18[刷新就是新内容],http://xjj2.716888.xyz/fenlei/zj/jingpinsc/jingpinsc.php
🔄美女展示19[刷新就是新内容],http://xjj2.716888.xyz/fenlei/zj/heji1/heji1.php
🔄美女展示20[刷新就是新内容],https://xn--vusr00g.v.nxog.top/m/tv/xjj.php?id=3
🔄美女展示21[刷新就是新内容],https://v.nrzj.vip/video.php
🔄美女展示22[刷新就是新内容],http://xjj1.716888.xyz/fenlei/kuan2/v.php
太阳之子,https://cfss.cc/api/kg/14850352.mp4
西西里,https://cfss.cc/api/kg/14853195.mp4
那天下雨了,https://cfss.cc/api/kg/14853206.mp4
湘女多情,https://cfss.cc/api/kg/14853209.mp4
谁稀罕,https://cfss.cc/api/kg/15170851.mp4
七月的极光,https://cfss.cc/api/kg/15538194.mp4
爱琴海,https://k0u3cydy43y9zw2408x8760xfx5xx9z.djvod.ndcimgs.com/bs2/photo-video-mz/5254575056101873604_d3fb5f7443d7c902_5581_v6UltraV5.mp4
I Do,https://cfss.cc/api/kg/14892888.mp4
圣徒,https://cfss.cc/api/kg/14853256.mp4
女儿殿下,https://cfss.cc/api/kg/15789427.mp4
淘金小镇,https://cfss.cc/api/kg/14862409.mp4
乡间的路,https://cfss.cc/api/kg/15118204.mp4
圣诞星,https://cfss.cc/api/kg/11666088.mp4
即兴曲,https://cfss.cc/api/kg/13559898.mp4
夜曲,https://cfss.cc/api/kg/596344.mp4
傻笑,https://cfss.cc/api/kg/596984.mp4
枫,https://cfss.cc/api/kg/2808.mp4
园游会,https://cfss.cc/api/kg/592679.mp4
浪漫手机,https://cfss.cc/api/kg/756738.mp4
白色风车,https://cfss.cc/api/kg/3022748.mp4
借口,https://cfss.cc/api/kg/29375.mp4
搁浅,https://cfss.cc/api/kg/756760.mp4
七里香,https://cfss.cc/api/kg/756969.mp4
发如雪,https://cfss.cc/api/kg/2761.mp4
听妈妈的话,https://cfss.cc/api/kg/578726.mp4
听见下雨的声音,https://cfss.cc/api/kg/174237.mp4
雨下一整晚,https://cfss.cc/api/kg/21152.mp4
爱你没差,https://cfss.cc/api/kg/601548.mp4
退后,https://cfss.cc/api/kg/179586.mp4
安静,https://cfss.cc/api/kg/756685.mp4
彩虹,https://cfss.cc/api/kg/355.mp4
说好的幸福呢,https://cfss.cc/api/kg/158898.mp4
一点点,https://cfss.cc/api/kg/612883.mp4
黑色幽默,https://cfss.cc/api/kg/53399.mp4
晴天,https://cfss.cc/api/kg/117613.mp4
告白气球,https://cfss.cc/api/kg/589001.mp4
说好不哭,https://cfss.cc/api/kg/1485652.mp4
一路向北,https://cfss.cc/api/kg/32776.mp4
花海,https://cfss.cc/api/kg/29532.mp4
简单爱,https://cfss.cc/api/kg/596381.mp4
蒲公英的约定,https://cfss.cc/api/kg/158907.mp4
不能说的秘密,https://cfss.cc/api/kg/159059.mp4
龙卷风,https://cfss.cc/api/kg/159057.mp4
反方向的钟,https://cfss.cc/api/kg/52705.mp4
爱在西元前,https://cfss.cc/api/kg/596904.mp4
最长的电影,https://cfss.cc/api/kg/756444.mp4
明明就,https://cfss.cc/api/kg/596504.mp4
轨迹,https://cfss.cc/api/kg/1129.mp4
半岛铁盒,https://cfss.cc/api/kg/608135.mp4
以父之名,https://cfss.cc/api/kg/758240.mp4
夜的第七章,https://cfss.cc/api/kg/597004.mp4
东风破,https://cfss.cc/api/kg/158899.mp4
说了再见,https://cfss.cc/api/kg/596406.mp4
暗号,https://cfss.cc/api/kg/60749.mp4
菊花台,https://cfss.cc/api/kg/37575.mp4
稻香,https://cfss.cc/api/kg/592103.mp4
给我一首歌的时间,https://cfss.cc/api/kg/28273.mp4
手写的从前,https://cfss.cc/api/kg/165667.mp4
我是如此相信,https://cfss.cc/api/kg/1643256.mp4
最伟大的作品,https://cfss.cc/api/kg/6725099.mp4
我不配,https://cfss.cc/api/kg/596434.mp4
开不了口,https://cfss.cc/api/kg/596426.mp4
你听得到,https://cfss.cc/api/kg/592430.mp4
等你下课,https://cfss.cc/api/kg/647748.mp4
我落泪情绪零碎,https://cfss.cc/api/kg/91188.mp4
星晴,https://cfss.cc/api/kg/756472.mp4
黑色毛衣,https://cfss.cc/api/kg/756572.mp4
回到过去,https://cfss.cc/api/kg/5030038.mp4
断了的弦,https://cfss.cc/api/kg/756412.mp4
甜甜的,https://cfss.cc/api/kg/758285.mp4
珊瑚海,https://cfss.cc/api/kg/93469.mp4
不该,https://cfss.cc/api/kg/581244.mp4
千里之外,https://cfss.cc/api/kg/34453.mp4
倒带,https://cfss.cc/api/kg/57894.mp4
心雨,https://cfss.cc/api/kg/596313.mp4
分裂,https://cfss.cc/api/kg/758257.mp4
阳光宅男,https://cfss.cc/api/kg/6334.mp4
超人不会飞,https://cfss.cc/api/kg/756588.mp4
大笨钟,https://cfss.cc/api/kg/598167.mp4
哪里都是你,https://cfss.cc/api/kg/3539844.mp4
四面楚歌,https://cfss.cc/api/kg/2762.mp4
千山万水,https://cfss.cc/api/kg/237276.mp4
算什么男人,https://cfss.cc/api/kg/163323.mp4
我要夏天,https://cfss.cc/api/kg/181124.mp4
青花瓷,https://cfss.cc/api/kg/592096.mp4
可爱女人,https://cfss.cc/api/kg/596815.mp4
上海一九四三,https://cfss.cc/api/kg/598114.mp4
双截棍,https://cfss.cc/api/kg/158894.mp4
蜗牛,https://cfss.cc/api/kg/616227.mp4
爱我别走,https://cfss.cc/api/kg/34680.mp4
爱情悬崖,https://cfss.cc/api/kg/1128.mp4
爱的飞行日记,https://cfss.cc/api/kg/91179.mp4
霍元甲,https://cfss.cc/api/kg/596581.mp4
你好吗,https://cfss.cc/api/kg/758247.mp4
黄金甲,https://cfss.cc/api/kg/756761.mp4
龙拳,https://cfss.cc/api/kg/759385.mp4
兰亭序,https://cfss.cc/api/kg/756476.mp4
画沙,https://cfss.cc/api/kg/1049660.mp4
红尘客栈,https://cfss.cc/api/kg/596097.mp4
烟花易冷,https://cfss.cc/api/kg/79424.mp4
漂移,https://cfss.cc/api/kg/3770369.mp4
本草纲目,https://cfss.cc/api/kg/756630.mp4
我的地盘,https://cfss.cc/api/kg/1261.mp4
粉色海洋,https://cfss.cc/api/kg/7232105.mp4
红颜无霜,https://cfss.cc/api/kg/7979236.mp4
牛仔很忙,https://cfss.cc/api/kg/596813.mp4
Mojito,https://cfss.cc/api/kg/2697588.mp4
爷爷泡的茶,https://cfss.cc/api/kg/203329.mp4
倒影,https://cfss.cc/api/kg/10919745.mp4
忍者,https://cfss.cc/api/kg/11316.mp4
床边故事,https://cfss.cc/api/kg/580845.mp4
外婆,https://cfss.cc/api/kg/1299.mp4
超跑女神,https://cfss.cc/api/kg/75740.mp4
完美主义,https://cfss.cc/api/kg/603974.mp4
威廉古堡,https://cfss.cc/api/kg/756497.mp4
水手怕水,https://cfss.cc/api/kg/68318.mp4
手语,https://cfss.cc/api/kg/601348.mp4
还在流浪,https://cfss.cc/api/kg/6761264.mp4
周大侠,https://cfss.cc/api/kg/53299.mp4
前世情人,https://cfss.cc/api/kg/580310.mp4
娘子,https://cfss.cc/api/kg/603067.mp4
错过的烟火,https://cfss.cc/api/kg/6901864.mp4
将军,https://cfss.cc/api/kg/60986.mp4
米兰的小铁匠,https://cfss.cc/api/kg/52792.mp4
她的睫毛,https://cfss.cc/api/kg/597971.mp4
双刀,https://cfss.cc/api/kg/33956.mp4
mine mine,https://cfss.cc/api/kg/67367.mp4
最后的战役,https://cfss.cc/api/kg/757053.mp4
SixDegree,https://cfss.cc/api/kg/13221831.mp4
跨时代,https://cfss.cc/api/kg/601389.mp4
对不起,https://cfss.cc/api/kg/757175.mp4
爸我回来了,https://cfss.cc/api/kg/13567226.mp4
半兽人,https://cfss.cc/api/kg/757003.mp4
瓦解,https://txmov2.a.kwimgs.com/upic/2025/05/18/18/BMjAyNTA1MTgxODM3NDdfMTA1MDEwOTk4Ml8xNjQ2MDE0MjY0NjVfMl8z_b_Bbfb62e6b9d724cd45a3ed462e4c16f39.mp4
分裂,https://alimov2.a.kwimgs.com/upic/2024/10/09/09/BMjAyNDEwMDkwOTA4NDFfMTMxNzAwMDUwNV8xNDU2Nzg0MDk5MDdfMl8z_b_Bf4bc983e2d5804ab066c988ba7652ec5.mp4
秘密花园,https://k0u3cydy43yaz.djvod.ndcimgs.com/bs2/photo-video-mz/5225864605208445410_36e3cffbcde751f5_4169_sl200hd15.mp4
2002THEONE演唱会完整版,https://vd3.bdstatic.com/mda-nmgdfvsm9kc46pcz/576p/h264/1671270120913302151/mda-nmgdfvsm9kc46pcz.mp4
2004无与伦比演唱会完整版,https://vd4.bdstatic.com/mda-nmbpre7yr8iug4m1/576p/h264/1670863877948761917/mda-nmbpre7yr8iug4m1.mp4
2007年世界巡回演唱会完整版,https://vd4.bdstatic.com/mda-nmbgya8v797emg7u/576p/h264/1670847005358747234/mda-nmbgya8v797emg7u.mp4
2010超时代演唱会完整版,https://vd2.bdstatic.com/mda-nmc4khkjnn0k62bn/360p/h264/1670901524505595792/mda-nmc4khkjnn0k62bn.mp4
2013摩天轮演唱会完整版,https://vd4.bdstatic.com/mda-nmcex5u2u9puxz6d/576p/h264/1670928165588976698/mda-nmcex5u2u9puxz6d.mp4
2016地表最强演唱会完整版,https://vd2.bdstatic.com/mda-nmd5ujxqrmxh59qj/576p/h264/1670992604552514459/mda-nmd5ujxqrmxh59qj.mp4
周杰伦精选120首(8小时),https://txmov2.a.kwimgs.com/upic/2023/06/18/23/BMjAyMzA2MTgyMzE1MjBfMzQ4MzI0MjA1OF8xMDU4Nzc4MzAzNjZfMF8z_b_B386baa1bb2c0c48626a830ff69393771.mp4
林俊杰精选81首(5小时),https://txmov2.a.kwimgs.com/upic/2024/01/09/12/BMjAyNDAxMDkxMjA2MDdfMzQ4MzI0MjA1OF8xMjE2Nzg4Mjk4NTZfMF8z_b_Bc9f7d3b0c4b69136e61d8328a8538bd2.mp4?clientCacheKey=3xajh8b4u5j6uva_b.mp4
潘玮柏精选28首(1小时),https://txmov2.a.kwimgs.com/upic/2021/02/18/21/BMjAyMTAyMTgyMTI0MzNfODI4NTk1NTQ0XzQ0NTk2NzM2MDU3XzJfMw==_b_B92f3c6849966ee988590af29cfd9237b.mp4?tag=1-1750435163-std-1-6qxcke5wod-82a7afd374de76aa&clientCacheKey=3xabaxhvbd3me8s_b.mp4
罗志祥精选16首(1小时),https://www.iesdouyin.com/aweme/v1/playwm/?video_id=v0200fg10000d0et0mfog65hj1cq0130&ratio=720p&line=0
SHE精选40首(2小时),https://txmov2.a.kwimgs.com/upic/2023/07/30/19/BMjAyMzA3MzAxOTEyNDhfODI4NTk1NTQ0XzEwOTI2ODgxNTQyOF8yXzM=_b_B1770e5ac950c20cda3df1678ded64cbc.mp4?tag=1-1754625871-std-1-9msmgkqnic-492b9eaf83438074&clientCacheKey=3xdck2arwksxhfw_b.mp4&tt=b&di=88ccff4&bp=12681&ali_redirect_ex_hot=66666800&ali_redirect_ex_beacon=1
徐良精选30首(1小时),https://txmov2.a.kwimgs.com/upic/2024/05/08/20/BMjAyNDA1MDgyMDAyMjFfMTg1NzcxNTYxOF8xMzE5MDIyNTY0NzNfMl8z_b_B62cb1e50d6a0dea4efc3e6da93662aa4.mp4?tag=1-1754626109-std-1-9zwa2xbfok-40061606b10eb007&clientCacheKey=3xfdxxsd94byium_b.mp4&tt=b&di=739f67b1&bp=12681&ali_redirect_ex_hot=66666800&ali_redirect_ex_beacon=1
许嵩精选30首(2小时),https://alimov2.a.kwimgs.com/upic/2020/09/14/21/BMjAyMDA5MTQyMTMzMDdfODI4NTk1NTQ0XzM2MDUzMTE1NjM5XzJfMw==_b_B789c6ea6a87d1b67019f19f16c9f71f7.mp4
汪苏泷精选20首(1小时),https://txmov2.a.kwimgs.com/upic/2020/09/30/22/BMjAyMDA5MzAyMjA3NDNfODI4NTk1NTQ0XzM2ODY2MzQxNzg4XzJfMw==_b_Bb726df27e24fda5e4d31b724d84ab8d4.mp4
陶喆精选30首(2小时),https://txmov2.a.kwimgs.com/upic/2023/08/06/13/BMjAyMzA4MDYxMzEzMzhfODM0NDUzMTQ2XzEwOTgxMDA2NzAyNF8wXzM=_b_B5e5a6bf1ef67081a9a226a2f6145ea2d.mp4
陈奕迅精选34首(2小时),https://txmov2.a.kwimgs.com/upic/2022/12/22/17/BMjAyMjEyMjIxNzM3NDNfMTg1NzcxNTYxOF85MTcyMjE1NDQzNV8yXzM=_b_B16479ab3769c6fcfed15a06b75c2656e.mp4
邓紫棋精选30首(2小时),https://txmov2.a.kwimgs.com/upic/2023/05/08/12/BMjAyMzA1MDgxMjIwNTNfMzQ4MzI0MjA1OF8xMDI1NjYyMjM5MDZfMF8z_b_B0675fa55fe8ce0583fb05fa02330e9f1.mp4
薛之谦精选30首(2小时),https://txmov2.a.kwimgs.com/upic/2023/07/28/13/BMjAyMzA3MjgxMzUwMzRfODM0NDUzMTQ2XzEwOTA3NjA4NDU2Nl8wXzM=_b_B480250201ec7378867d92e4d29f7a644.mp4
五月天精选37首(2小时),https://txmov2.a.kwimgs.com/upic/2021/12/07/23/BMjAyMTEyMDcyMzU2MzBfMjgwMTM4ODFfNjIzMTcwNTU3MTlfMl8z_b_Bd70a16353267a52b31d11f2cb77c6c5b.mp4
蔡依林精选102首(6小时),https://txmov2.a.kwimgs.com/upic/2025/06/12/20/BMjAyNTA2MTIyMDUzMjFfNDQzMTI2Mjg0XzE2NjY1MzM5MjYxMV8yXzM=_b_B3bed4c7c1a80388966791d398e318edd.mp4
任然精选20首(1小时),https://txmov2.a.kwimgs.com/upic/2020/09/23/14/BMjAyMDA5MjMxNDA1MjFfMTc4NDYxNDcyNl8zNjQ5NDI4NzI1Nl8yXzM=_b_B0f6d5151ab2c346816996328a0b66b78.mp4
张韶涵精选96首(6小时),https://txmov2.a.kwimgs.com/upic/2023/04/24/02/BMjAyMzA0MjQwMjA4MDlfMjE0OTExOTI2N18xMDEzNTM2NjA5OTFfMF8z_b_Baa658d527c452cd09e6dc0e9684c1bed.mp4
王心凌精选69首(4小时),https://txmov2.a.kwimgs.com/upic/2023/07/26/22/BMjAyMzA3MjYyMjExNTNfMzYxMjUyNDA3MV8xMDg5NTQ4NjE1ODlfMF8z_b_Bdded2693ce6f7de089cfd7030b45bef7.mp4
莫文蔚精选72首(5小时),https://txmov2.a.kwimgs.com/upic/2023/07/27/21/BMjAyMzA3MjcyMTQ2MjdfMzYxMjUyNDA3MV8xMDkwMzM1MjA2NTJfMF8z_b_B144de29e473911c6e9187c9d591b8943.mp4
陈慧琳精选30首(1小时),https://txmov2.a.kwimgs.com/upic/2025/02/09/20/BMjAyNTAyMDkyMDIzNTVfMTg1NzcxNTYxOF8xNTY0NDk2NjMzNTZfMl8z_b_Bd072695cb8d3a79a9d1ac8cdb5b3b3bc.mp4
蔡健雅精选30首(2小时),https://txmov2.a.kwimgs.com/upic/2023/08/18/21/BMjAyMzA4MTgyMTA4MzZfODM0NDUzMTQ2XzExMDgyNTA1MjcwM18wXzM=_b_B0d509c2419313652932c68153a65e4ed.mp4
王杰精选30首(2小时),https://txmov2.a.kwimgs.com/upic/2020/09/06/17/BMjAyMDA5MDYxNzU1MjJfMTc4NDYxNDcyNl8zNTYyMjQ2ODIxNl8yXzM=_b_Bc35f6a28c8cf25ea947bc122c176b034.mp4
乔洋精选20首(1小时),https://txmov2.a.kwimgs.com/upic/2024/01/05/17/BMjAyNDAxMDUxNzEwMTJfNDQzMTI2Mjg0XzEyMTM5OTg3NTU2MV8yXzM=_b_Bf81e0b3d32a3fe727949531d0929868e.mp4
庄心妍精选44首(2小时),https://txmov2.a.kwimgs.com/upic/2023/09/29/09/BMjAyMzA5MjkwOTEzMDVfMjE0OTExOTI2N18xMTM3OTU3ODM3NzFfMF8z_b_B1909889bf55e6af6f994b05596fb589f.mp4
梁静茹精选40首(2小时),https://txmov2.a.kwimgs.com/upic/2023/08/06/13/BMjAyMzA4MDYxMzA3MTVfODM0NDUzMTQ2XzEwOTgwOTYwMjQ1OV8wXzM=_b_Bd9c215cb7ac961de3d5db54cb7bffed6.mp4
王力宏精选30首(2小时),https://txmov2.a.kwimgs.com/upic/2020/09/30/21/BMjAyMDA5MzAyMTU2NTNfODI4NTk1NTQ0XzM2ODY1NDA2MDM3XzJfMw==_b_Bf61393cb3ef5f8ab4b687ae367ed1211.mp4
孙燕姿精选30首(2小时),https://txmov2.a.kwimgs.com/upic/2020/07/15/19/BMjAyMDA3MTUxOTA1MzhfNTAyNzg4MTc0XzMyNDIzMzUwMjAyXzJfMw==_b_Bd09b171541ea966fd7a324624cfe6c16.mp4
周深精选72首(5小时),https://txmov2.a.kwimgs.com/upic/2023/08/07/21/BMjAyMzA4MDcyMTAzMzZfMzYxMjUyNDA3MV8xMDk5Mjc3MDcwMTFfMF8z_b_B707fdf2100370008b57219d4a1dab568.mp4
飞轮海精选30首(2小时),https://www.iesdouyin.com/aweme/v1/playwm/?video_id=v0200fg10000cra24sfog65t497nn1o0&ratio=720p&line=0
颜人中精选36首(1小时),https://www.iesdouyin.com/aweme/v1/playwm/?video_id=v0200fg10000d07m1fnog65i93c1s7qg&ratio=720p&line=0%E5%BC%A0%E6%83%A0%E5%A6%B9%E7%B2%BE%E9%80%8910%E9%A6%96%281%E5%B0%8F%E6%97%B6%29%2Chttps%3A%2F%2Fwww.iesdouyin.com%2Faweme%2Fv1%2Fplaywm%2F%3Fvideo_id%3Dv0200fg10000cpfe9nfog65hhstjqpn0&ratio=720p&line=0
刘若英精选50首(3小时),https://www.iesdouyin.com/aweme/v1/playwm/?video_id=v0300fg10000csi2q17og65ogriq3jv0&ratio=720p&line=0
Alin精选16首(1小时),https://www.iesdouyin.com/aweme/v1/playwm/?video_id=v0300fg10000cvt3q87og65l7fblbmog&ratio=720p&line=0
杨丞琳精选30首(2小时),https://txmov2.a.kwimgs.com/upic/2020/09/20/20/BMjAyMDA5MjAyMDAyMDdfODI4NTk1NTQ0XzM2MzcyMzIwMzYzXzJfMw==_b_B8aa481540d89fe5ec2b3507f8209c663.mp4?tag=1-1750931214-std-1-wz3snqjkat-8298da1fe959ffc7&clientCacheKey=3x8t5k75nb5mzyc_b.mp4&tt=b&di=739f67b1&bp=12681&ali_redirect_ex_hot=66666800&ali_redirect_ex_beacon=1
南拳妈妈精选13首(1小时),https://www.iesdouyin.com/aweme/v1/playwm/?video_id=v0300fg10000cqfnlknog65p5u0cnn9g&ratio=720p&line=0
张杰精选40首(2小时),https://txmov2.a.kwimgs.com/upic/2023/08/06/13/BMjAyMzA4MDYxMzIxNDZfODM0NDUzMTQ2XzEwOTgxMDY1NjE0MF8wXzM=_b_Bd5fedc48db11e5ccd52e4c2de1d8213a.mp4
方大同精选33首(1小时),https://www.iesdouyin.com/aweme/v1/playwm/?line=0&logo_name=aweme_diversion_search&ratio=720p&video_id=v0300fg10000cv2nd2nog65v744ae6i0
Beyond精选40首(3小时),https://txmov2.a.kwimgs.com/upic/2024/01/24/14/BMjAyNDAxMjQxNDQxMjZfODI4NTk1NTQ0XzEyMzAwNzQ1MTk1Ml8yXzM=_b_Bf4811084a61390aced44f1c86a2ebddf.mp4
By2精选16首(1小时),https://www.iesdouyin.com/aweme/v1/playwm/?video_id=v0d00fg10000d1j0n57og65pvurg65ag&ratio=720p&line=0
周传雄精选84首(6小时),https://tymov2.a.kwimgs.com/upic/2025/10/23/09/BMjAyNTEwMjMwOTE1NTFfNDQzMTI2Mjg0XzE3ODA0ODgzMDI2NV8yXzM=_b_B2ba9b9699f2554de32104e6bc944bd17.mp4
张学友精选124首(9小时),https://tymov2.a.kwimgs.com/upic/2025/10/23/09/BMjAyNTEwMjMwOTU1MjRfNDQzMTI2Mjg0XzE3ODA1MDQxODE1N18yXzM=_b_B99036df6b80af26d509c6ad67517e1c0.mp4
刘德华精选109首(8小时),https://tymov2.a.kwimgs.com/upic/2025/10/20/11/BMjAyNTEwMjAxMTQyNDFfNDQzMTI2Mjg0XzE3Nzg1NDI4MDg4NF8yXzM=_b_B986f50911251468679643173540572e9.mp4
黎明精选117首(8小时),https://tymov2.a.kwimgs.com/upic/2026/04/23/05/BMjAyNjA0MjMwNTExMzFfNDQzMTI2Mjg0XzE5Mzg0OTkzMzEwMF8yXzM=_b_Bad1fcf6e0ecc5709c93bf60638c65454.mp4
王菲精选145首(10小时),https://tymov2.a.kwimgs.com/upic/2025/06/15/12/BMjAyNTA2MTUxMjQxMzBfNDQzMTI2Mjg0XzE2Njg4MDIxNDA2M18yXzM=_b_B291baabeaab840af0758f797d6b30862.mp4
权志龙精选19首(1小时),https://tymov2.a.kwimgs.com/upic/2024/01/06/03/BMjAyNDAxMDYwMzM5NTZfNDQzMTI2Mjg0XzEyMTQzNzg5NTQzNl8yXzM=_b_Ba6909c68ab1c5217276621ad0a94c3ab.mp4
张惠妹精选50首(2小时),https://tymov2.a.kwimgs.com/upic/2023/10/29/15/BMjAyMzEwMjkxNTUzMjJfODc4MDI5MjJfMTE2MDM0MDI2OTYzXzBfMw==_b_Baf9af8d16355a3b6a472969e267cd720.mp4
陈粒精选20首(1小时),https://txmov2.a.kwimgs.com/upic/2020/10/04/21/BMjAyMDEwMDQyMTI1NDZfMTc4NDYxNDcyNl8zNzE2MjYzNjA2N18yXzM=_b_B916781f8115d7d5caf6554e522a17daa.mp4
萧亚轩精选16首(1小时),https://www.iesdouyin.com/aweme/v1/playwm/?line=0&logo_name=aweme_diversion_search&ratio=720p&video_id=v0d00fg10000cvtpr1nog65jio7np2o0
谭咏麟精选124首(8小时),https://tymov2.a.kwimgs.com/upic/2025/06/12/20/BMjAyNTA2MTIyMDIzMzlfNDQzMTI2Mjg0XzE2NjY1MDYzNDc1OF8yXzM=_b_B0bd6ebd8a66377f39dec750ce771810a.mp4
林忆莲精选57首(4小时),https://tymov2.a.kwimgs.com/upic/2024/01/16/07/BMjAyNDAxMTYwNzEzNTNfODI4NTk1NTQ0XzEyMjIyODI2OTMyM18yXzM=_b_B358e6b1dbf7db9a80ffc4f82cee98a4e.mp4
古巨基精选10首(1小时),https://www.iesdouyin.com/aweme/v1/playwm/?video_id=v0200fg10000cscsdrfog65tpup7j5gg&ratio=720p&line=0
小贱精选9首(半小时),https://www.iesdouyin.com/aweme/v1/playwm/?video_id=v1e00fgi0000d2l30hfog65v5tq1s9fg&ratio=720p&line=0
星弟精选9首(半小时),https://www.iesdouyin.com/aweme/v1/playwm/?video_id=v0200fg10000c83jq9bc77ud2ru6t4n0&ratio=720p&line=0
林志炫精选34首(2小时),https://txmov2.a.kwimgs.com/bs3/video-hls/5253449075409106514_hlsb.m3u8
任贤齐精选36首(2小时),https://txmov2.a.kwimgs.com/bs3/video-hls/5254012023525680703_hlsb.m3u8
林忆莲精选30首(2小时),https://txmov2.a.kwimgs.com/bs3/video-hls/5250071375165662691_hlsb.m3u8
丁当精选30首(2小时),https://www.iesdouyin.com/aweme/v1/playwm/?video_id=v0200fg10000ch5q3urc77u1uogf5aq0&ratio=720p&line=0
Tank精选15首(1小时),https://www.iesdouyin.com/aweme/v1/playwm/?video_id=v0200fg10000d4vslfvog65vvue3oujg&ratio=720p&line=0
贾斯汀比伯精选21首(1小时),https://www.iesdouyin.com/aweme/v1/playwm/?video_id=v0300fg10000c73r123c77u5kmhu1kh0&ratio=720p&line=0
郭静精选16首(1小时),https://www.iesdouyin.com/aweme/v1/playwm/?line=0&logo_name=aweme_diversion_search&ratio=720p&video_id=v0300fg10000d27kqc7og65u9r5sb1a0
cloudflare,https://cloudflare.tv/hls/live.m3u8
